id,name,att_true,att_est,lower,upper,covered,se_AE,error,bias,true_SE,lower_with_true_SE,upper_with_true_SE,covered_with_true_SE,N_T,N_C_tilde,deg_overlap
1,toy,2.9948577331898094,3.1489240245891494,2.9517272016118548,3.346120847566444,1,0.10061062396800742,0.08437761073966965,0.06968868065967104,0.094534585742016,2.963636236534798,3.3342118126435007,1,100,38.83924774732114,low
2,toy,2.9948577331898094,2.9581854286640956,2.771892139311562,3.144478718016629,1,0.09504759660843556,-0.10636098518538309,0.06968868065967104,0.094534585742016,2.7728976406097443,3.143473216718447,1,100,38.83924774732114,low
3,toy,2.9948577331898094,3.100367705041017,2.916434062058961,3.284301348023073,1,0.09384369539900823,0.0358212911915366,0.06968868065967104,0.094534585742016,2.9150799169866657,3.2856554930953683,1,100,38.83924774732114,low
4,toy,2.9948577331898094,2.9528896894284076,2.7399302886435595,3.1658490902132557,1,0.1086527555024736,-0.11165672442107258,0.06968868065967104,0.094534585742016,2.7676019013740563,3.138177477482759,1,100,38.83924774732114,low
5,toy,2.9948577331898094,2.9446769386185307,2.7301454014415194,3.159208475795542,1,0.10945486590663847,-0.11986947523094972,0.06968868065967104,0.094534585742016,2.7593891505641794,3.129964726672882,1,100,38.83924774732114,low
6,toy,2.9948577331898094,2.95876144848389,2.7664462799431924,3.1510766170245876,1,0.0981199839493356,-0.10578496536558996,0.06968868065967104,0.094534585742016,2.7734736604295387,3.1440492365382413,1,100,38.83924774732114,low
7,toy,2.9948577331898094,3.086938199836567,2.884941737683352,3.2889346619897815,1,0.10305941946592591,0.022391785987087486,0.06968868065967104,0.094534585742016,2.9016504117822155,3.272225987890918,1,100,38.83924774732114,low
8,toy,2.9948577331898094,3.2630581463950845,3.0686628928946664,3.4574533998955026,0,0.09918125178592756,0.19851173254560478,0.06968868065967104,0.094534585742016,3.077770358340733,3.448345934449436,0,100,38.83924774732114,low
9,toy,2.9948577331898094,3.232225400522646,3.057352345961636,3.4070984550836556,0,0.08922094620459681,0.1676789866731654,0.06968868065967104,0.094534585742016,3.0469376124682945,3.417513188576997,0,100,38.83924774732114,low
10,toy,2.9948577331898094,3.1943096233957418,2.9784883348074684,3.410130911984015,1,0.11011290234095578,0.129763209546262,0.06968868065967104,0.094534585742016,3.0090218353413904,3.379597411450093,0,100,38.83924774732114,low
11,toy,2.9948577331898094,3.0968666295619,2.8965259553966987,3.297207303727101,1,0.10221462967612303,0.03232021571242184,0.06968868065967104,0.094534585742016,2.9115788415075485,3.282154417616251,1,100,38.83924774732114,low
12,toy,2.9948577331898094,3.1422258876331703,2.9355081293723697,3.348943645893971,1,0.10546824401061267,0.07767947378368939,0.06968868065967104,0.094534585742016,2.956938099578819,3.3275136756875217,1,100,38.83924774732114,low
13,toy,2.9948577331898094,3.10510115221362,2.9333398652091223,3.2768624392181174,1,0.0876333096961723,0.04055473836414025,0.06968868065967104,0.094534585742016,2.9198133641592685,3.290388940267971,1,100,38.83924774732114,low
14,toy,2.9948577331898094,3.0547529478726343,2.8607443784997253,3.2487615172455433,1,0.09898396396577001,-0.00979346597684605,0.06968868065967104,0.094534585742016,2.869465159818283,3.2400407359269856,1,100,38.83924774732114,low
15,toy,2.9948577331898094,3.1837234740043785,2.939988933541732,3.427458014467025,1,0.12435435737890124,0.11917706015489911,0.06968868065967104,0.094534585742016,2.998435685950027,3.36901126205873,0,100,38.83924774732114,low
16,toy,2.9948577331898094,2.9266466253723076,2.7305273493248188,3.1227659014197964,1,0.10006085512626987,-0.1378997884771719,0.06968868065967104,0.094534585742016,2.7413588373179563,3.111934413426659,1,100,38.83924774732114,low
17,toy,2.9948577331898094,3.107746944394563,2.8955211016084896,3.3199727871806366,1,0.10827849121738443,0.04320053054508269,0.06968868065967104,0.094534585742016,2.922459156340212,3.2930347324489144,1,100,38.83924774732114,low
18,toy,2.9948577331898094,3.20266813240129,2.9905331264462514,3.4148031383563286,1,0.10823214589542796,0.13812171855181013,0.06968868065967104,0.094534585742016,3.0173803443469387,3.3879559204556413,0,100,38.83924774732114,low
19,toy,2.9948577331898094,3.1838426431120386,2.987451952306215,3.3802333339178623,1,0.10019933204378764,0.11929622926255894,0.06968868065967104,0.094534585742016,2.9985548550576873,3.36913043116639,0,100,38.83924774732114,low
20,toy,2.9948577331898094,3.103987789928535,2.8918464082247533,3.316129171632317,1,0.10823539882846006,0.039441376079055096,0.06968868065967104,0.094534585742016,2.9187000018741838,3.2892755779828864,1,100,38.83924774732114,low
21,toy,2.9948577331898094,3.0841786463862526,2.8647653178153445,3.3035919749571607,1,0.11194557580148382,0.019632232536773153,0.06968868065967104,0.094534585742016,2.8988908583319013,3.269466434440604,1,100,38.83924774732114,low
22,toy,2.9948577331898094,3.162212976119142,2.947815112700151,3.3766108395381336,1,0.10938666500968941,0.09766656226966222,0.06968868065967104,0.094534585742016,2.976925188064791,3.3475007641734935,1,100,38.83924774732114,low
23,toy,2.9948577331898094,2.885067587708389,2.6723280971428,3.097807078273978,1,0.10854055641101486,-0.1794788261410906,0.06968868065967104,0.094534585742016,2.6997797996540376,3.07035537576274,1,100,38.83924774732114,low
24,toy,2.9948577331898094,3.082532071374132,2.894410926483572,3.270653216264692,1,0.09598017596457163,0.017985657524652324,0.06968868065967104,0.094534585742016,2.8972442833197807,3.2678198594284833,1,100,38.83924774732114,low
25,toy,2.9948577331898094,2.9437514042275232,2.7399952589398517,3.1475075495151947,1,0.10395721698350595,-0.12079500962195708,0.06968868065967104,0.094534585742016,2.758463616173172,3.1290391922818745,1,100,38.83924774732114,low
26,toy,2.9948577331898094,2.979528940730427,2.7620841045975864,3.196973776863268,1,0.11094124292491872,-0.0850174731190527,0.06968868065967104,0.094534585742016,2.7942411526760758,3.1648167287847784,1,100,38.83924774732114,low
27,toy,2.9948577331898094,3.075905906064947,2.911368149013052,3.2404436631168423,1,0.08394783523055885,0.011359492215467712,0.06968868065967104,0.094534585742016,2.890618118010596,3.2611936941192985,1,100,38.83924774732114,low
28,toy,2.9948577331898094,3.052705547491289,2.8660417146532136,3.239369380329365,1,0.09523664940718155,-0.011840866358191194,0.06968868065967104,0.094534585742016,2.867417759436938,3.2379933355456405,1,100,38.83924774732114,low
29,toy,2.9948577331898094,2.9816527371229578,2.818731513263954,3.1445739609819614,1,0.08312307339745093,-0.08289367672652098,0.06968868065967104,0.094534585742016,2.7963649490686064,3.166940525177309,1,100,38.83924774732114,low
30,toy,2.9948577331898094,3.2213277920389984,3.026190823771938,3.416464760306059,0,0.09955967768727582,0.15678137818951918,0.06968868065967104,0.094534585742016,3.036040003984647,3.4066155800933497,0,100,38.83924774732114,low
31,toy,2.9948577331898094,3.0886005036855932,2.883606119221742,3.2935948881494443,1,0.10458897166523012,0.024054089836113388,0.06968868065967104,0.094534585742016,2.903312715631242,3.2738882917399446,1,100,38.83924774732114,low
32,toy,2.9948577331898094,2.944402660289981,2.7776502689096265,3.1111550516703357,1,0.08507775070426248,-0.1201437535594986,0.06968868065967104,0.094534585742016,2.75911487223563,3.1296904483443324,1,100,38.83924774732114,low
33,toy,2.9948577331898094,2.9349915724130193,2.7261716610678124,3.1438114837582263,1,0.10654077109449342,-0.12955484143646057,0.06968868065967104,0.094534585742016,2.749703784358668,3.1202793604673706,1,100,38.83924774732114,low
34,toy,2.9948577331898094,3.0800200816508454,2.8683781288634367,3.291662034438254,1,0.10798058815684121,0.015473667801366033,0.06968868065967104,0.094534585742016,2.894732293596494,3.2653078697051967,1,100,38.83924774732114,low
35,toy,2.9948577331898094,2.97018522241145,2.7819940305062656,3.1583764143166344,1,0.0960159142373389,-0.0943611914380309,0.06968868065967104,0.094534585742016,2.7848974343570987,3.1554730104658013,1,100,38.83924774732114,low
36,toy,2.9948577331898094,3.198629619529461,2.995865420963193,3.401393818095729,0,0.1034511217174837,0.13408320567998222,0.06968868065967104,0.094534585742016,3.0133418314751097,3.3839174075838123,0,100,38.83924774732114,low
37,toy,2.9948577331898094,3.04082361000684,2.8580249623771516,3.2236222576365288,1,0.0932646161375961,-0.023722803842639854,0.06968868065967104,0.094534585742016,2.855535821952489,3.2261113980611915,1,100,38.83924774732114,low
38,toy,2.9948577331898094,3.058915657554362,2.854641995036013,3.2631893200727107,1,0.10422125638691265,-0.005630756295118083,0.06968868065967104,0.094534585742016,2.8736278695000106,3.244203445608713,1,100,38.83924774732114,low
39,toy,2.9948577331898094,3.1651921033692503,2.9922553078976235,3.338128898840877,1,0.08823305891409539,0.10064568951977079,0.06968868065967104,0.094534585742016,2.979904315314899,3.3504798914236016,1,100,38.83924774732114,low
40,toy,2.9948577331898094,3.156547737219622,2.9700101207871863,3.3430853536520577,1,0.09517225328185488,0.09200132337014216,0.06968868065967104,0.094534585742016,2.9712599491652707,3.3418355252739733,1,100,38.83924774732114,low
41,toy,2.9948577331898094,3.1502008441099942,2.992601286830122,3.3078004013898665,1,0.08040793738768993,0.08565443026051507,0.06968868065967104,0.094534585742016,2.964913056055643,3.3354886321643455,1,100,38.83924774732114,low
42,toy,2.9948577331898094,2.997343922775844,2.8282715192695664,3.1664163262821217,1,0.08626143036034575,-0.06720249107363614,0.06968868065967104,0.094534585742016,2.8120561347214927,3.1826317108301954,1,100,38.83924774732114,low
43,toy,2.9948577331898094,3.073791229803456,2.8771283339867666,3.270454125620146,1,0.10033821215137216,0.009244815953976764,0.06968868065967104,0.094534585742016,2.888503441749105,3.2590790178578075,1,100,38.83924774732114,low
44,toy,2.9948577331898094,2.908323163473357,2.7426173152951034,3.0740290116516102,1,0.0845438000909456,-0.15622325037612367,0.06968868065967104,0.094534585742016,2.7230353754190055,3.093610951527708,1,100,38.83924774732114,low
45,toy,2.9948577331898094,3.0661653298287277,2.883438538828572,3.2488921208288835,1,0.09322795459191621,0.0016189159792476954,0.06968868065967104,0.094534585742016,2.8808775417743764,3.251453117883079,1,100,38.83924774732114,low
46,toy,2.9948577331898094,2.9601495459122926,2.726687015073678,3.1936120767509073,1,0.11911353614215038,-0.10439686793718692,0.06968868065967104,0.094534585742016,2.7748617578579413,3.145437333966644,1,100,38.83924774732114,low
47,toy,2.9948577331898094,2.885847609066812,2.713461871201125,3.058233346932499,1,0.08795190707433018,-0.17869880478266792,0.06968868065967104,0.094534585742016,2.700559821012461,3.0711353971211635,1,100,38.83924774732114,low
48,toy,2.9948577331898094,3.1533635527680373,2.95865659293383,3.3480705126022445,1,0.0993402856296976,0.08881713891855716,0.06968868065967104,0.094534585742016,2.968075764713686,3.3386513408223886,1,100,38.83924774732114,low
49,toy,2.9948577331898094,3.154358879306055,2.9857007015041037,3.323017057108006,1,0.08605009071528127,0.08981246545657526,0.06968868065967104,0.094534585742016,2.9690710912517035,3.339646667360406,1,100,38.83924774732114,low
50,toy,2.9948577331898094,3.10198759723274,2.8878246864060344,3.3161505080594456,1,0.10926679123811515,0.0374411833832602,0.06968868065967104,0.094534585742016,2.9166998091783887,3.2872753852870913,1,100,38.83924774732114,low
51,toy,2.9948577331898094,3.1227889478843025,2.9669591596297056,3.2786187361388994,1,0.07950499400744736,0.058242534034823275,0.06968868065967104,0.094534585742016,2.937501159829951,3.308076735938654,1,100,38.83924774732114,low
52,toy,2.9948577331898094,3.165321908985387,2.9607393178124553,3.3699045001583188,1,0.10437887304741422,0.10077549513590761,0.06968868065967104,0.094534585742016,2.9800341209310357,3.3506096970397383,1,100,38.83924774732114,low
53,toy,2.9948577331898094,2.906732672769296,2.699268676757657,3.1141966687809353,1,0.10584897755695863,-0.15781374108018364,0.06968868065967104,0.094534585742016,2.721444884714945,3.0920204608236475,1,100,38.83924774732114,low
54,toy,2.9948577331898094,3.096078025810619,2.927261882162414,3.264894169458824,1,0.08613068553479837,0.03153161196113929,0.06968868065967104,0.094534585742016,2.9107902377562676,3.28136581386497,1,100,38.83924774732114,low
55,toy,2.9948577331898094,3.1603334627519795,2.96406956898496,3.356597356518999,1,0.10013463967705084,0.09578704890249941,0.06968868065967104,0.094534585742016,2.975045674697628,3.3456212508063308,1,100,38.83924774732114,low
56,toy,2.9948577331898094,3.1145660073449513,2.9144992192142203,3.3146327954756822,1,0.10207489190343415,0.050019593495471866,0.06968868065967104,0.094534585742016,2.9292782192906,3.2998537953993026,1,100,38.83924774732114,low
57,toy,2.9948577331898094,3.1547586031530246,2.946301099883637,3.363216106422412,1,0.10635586901499368,0.09021218930354559,0.06968868065967104,0.094534585742016,2.9694708150986733,3.340046391207376,1,100,38.83924774732114,low
58,toy,2.9948577331898094,2.9195813218087086,2.7476067093144114,3.0915559343030057,1,0.08774214923178424,-0.14496509204077124,0.06968868065967104,0.094534585742016,2.7342935337543572,3.10486910986306,1,100,38.83924774732114,low
59,toy,2.9948577331898094,2.944349428623517,2.777090442716765,3.111608414530269,1,0.08533621729936325,-0.12019698522596237,0.06968868065967104,0.094534585742016,2.7590616405691657,3.1296372166778683,1,100,38.83924774732114,low
60,toy,2.9948577331898094,3.045965820085083,2.8261544357934,3.2657772043767666,1,0.1121486654549404,-0.018580593764396504,0.06968868065967104,0.094534585742016,2.860678032030732,3.2312536081394345,1,100,38.83924774732114,low
61,toy,2.9948577331898094,2.9921137324271605,2.7863896195386233,3.1978378453156977,1,0.10496128208598844,-0.07243268142231947,0.06968868065967104,0.094534585742016,2.806825944372809,3.177401520481512,1,100,38.83924774732114,low
62,toy,2.9948577331898094,2.9639860692881683,2.769030403374625,3.1589417352017115,1,0.09946717648650162,-0.10056034456131127,0.06968868065967104,0.094534585742016,2.778698281233817,3.1492738573425196,1,100,38.83924774732114,low
63,toy,2.9948577331898094,3.034938377467739,2.884584173696504,3.1852925812389743,1,0.07671132845471178,-0.029608036381740133,0.06968868065967104,0.094534585742016,2.849650589413388,3.2202261655220905,1,100,38.83924774732114,low
64,toy,2.9948577331898094,2.923003377188918,2.7138208872908147,3.132185867087021,1,0.1067257601520934,-0.14154303666056206,0.06968868065967104,0.094534585742016,2.7377155891345666,3.108291165243269,1,100,38.83924774732114,low
65,toy,2.9948577331898094,3.0038312178861615,2.7753157198706644,3.2323467159016586,1,0.11658953980382496,-0.06071519596331862,0.06968868065967104,0.094534585742016,2.81854342983181,3.189119005940513,1,100,38.83924774732114,low
66,toy,2.9948577331898094,3.080868244611085,2.8665076227083968,3.295228866513773,1,0.10936766423606531,0.016321830761605254,0.06968868065967104,0.094534585742016,2.8955804565567336,3.266156032665436,1,100,38.83924774732114,low
67,toy,2.9948577331898094,3.0087952351892744,2.792156062810307,3.2254344075682417,1,0.11053018998926915,-0.05575117866020561,0.06968868065967104,0.094534585742016,2.823507447134923,3.1940830232436257,1,100,38.83924774732114,low
68,toy,2.9948577331898094,2.9763439190055037,2.7862008337249513,3.166487004286056,1,0.09701177820436346,-0.08820249484397626,0.06968868065967104,0.094534585742016,2.7910561309511523,3.161631707059855,1,100,38.83924774732114,low
69,toy,2.9948577331898094,3.180376118756456,2.9890732762564625,3.3716789612564497,1,0.09760349107142524,0.11582970490697567,0.06968868065967104,0.094534585742016,2.995088330702105,3.3656639068108074,0,100,38.83924774732114,low
70,toy,2.9948577331898094,3.0970920641559214,2.9231090032607603,3.2710751250510826,1,0.08876686780365362,0.032545650306442325,0.06968868065967104,0.094534585742016,2.91180427610157,3.2823798522102727,1,100,38.83924774732114,low
71,toy,2.9948577331898094,3.1358650886796235,2.9504337635706777,3.3212964137885694,1,0.09460781893313566,0.0713186748301449,0.06968868065967104,0.094534585742016,2.9505773006252722,3.321152876733975,1,100,38.83924774732114,low
72,toy,2.9948577331898094,3.1325161458211586,2.9261726372549526,3.3388596543873645,1,0.10527730028888053,0.06796973197167874,0.06968868065967104,0.094534585742016,2.9472283577668072,3.31780393387551,1,100,38.83924774732114,low
73,toy,2.9948577331898094,3.164004190470205,2.941235609167491,3.3867727717729195,1,0.11365743944016035,0.09945777662072411,0.06968868065967104,0.094534585742016,2.978716402415854,3.3492919785245565,1,100,38.83924774732114,low
74,toy,2.9948577331898094,3.1243136166680454,2.907143334667516,3.341483898668575,1,0.11080116428598434,0.05976720281856371,0.06968868065967104,0.094534585742016,2.939025828613694,3.3096014047223967,1,100,38.83924774732114,low
75,toy,2.9948577331898094,3.017709560103148,2.8112058546622776,3.224213265544018,1,0.1053590333881992,-0.04683685374633158,0.06968868065967104,0.094534585742016,2.8324217720487965,3.202997348157499,1,100,38.83924774732114,low
76,toy,2.9948577331898094,3.0671794333163582,2.882943233048077,3.2514156335846396,1,0.09399806136136803,0.002633019466879537,0.06968868065967104,0.094534585742016,2.881891645262007,3.2524672213707095,1,100,38.83924774732114,low
77,toy,2.9948577331898094,3.1480022340026537,2.949809466247278,3.3461950017580295,1,0.10111875905886533,0.0834558201531736,0.06968868065967104,0.094534585742016,2.9627144459483024,3.333290022057005,1,100,38.83924774732114,low
78,toy,2.9948577331898094,3.1778373798945765,2.9954473831936537,3.3602273765954993,0,0.09305612076577685,0.11329096604509628,0.06968868065967104,0.094534585742016,2.992549591840225,3.363125167948928,1,100,38.83924774732114,low
79,toy,2.9948577331898094,2.962154929692532,2.7838998097871754,3.140410049597888,1,0.09094648974763077,-0.10239148415694757,0.06968868065967104,0.094534585742016,2.7768671416381805,3.147442717746883,1,100,38.83924774732114,low
80,toy,2.9948577331898094,2.982093326967173,2.7847326670073573,3.179453986926989,1,0.10069421426521227,-0.0824530868823061,0.06968868065967104,0.094534585742016,2.796805538912822,3.1673811150215245,1,100,38.83924774732114,low
81,toy,2.9948577331898094,3.006502428987261,2.816162495466654,3.196842362507868,1,0.09711221097990146,-0.05804398486221854,0.06968868065967104,0.094534585742016,2.8212146409329097,3.1917902170416124,1,100,38.83924774732114,low
82,toy,2.9948577331898094,3.132811180288118,2.958911798219333,3.306710562356903,1,0.08872417452489023,0.06826476643863827,0.06968868065967104,0.094534585742016,2.9475233922337667,3.3180989683424693,1,100,38.83924774732114,low
83,toy,2.9948577331898094,3.2714886076505287,3.076621745698984,3.4663554696020733,0,0.0994218683426248,0.20694219380104872,0.06968868065967104,0.094534585742016,3.0862008195961774,3.45677639570488,0,100,38.83924774732114,low
84,toy,2.9948577331898094,3.1138613914306346,2.914781739771759,3.31294104308951,1,0.10157125084636512,0.04931497758115454,0.06968868065967104,0.094534585742016,2.9285736033762833,3.299149179484986,1,100,38.83924774732114,low
85,toy,2.9948577331898094,2.997798068619602,2.796127684684054,3.1994684525551498,1,0.10289305302834066,-0.06674834522987823,0.06968868065967104,0.094534585742016,2.8125102805652507,3.1830858566739533,1,100,38.83924774732114,low
86,toy,2.9948577331898094,3.0336697161044652,2.818967356179639,3.2483720760292916,1,0.10954202036980944,-0.030876697745014448,0.06968868065967104,0.094534585742016,2.848381928050114,3.2189575041588165,1,100,38.83924774732114,low
87,toy,2.9948577331898094,3.0744129458219653,2.8869231468804335,3.261902744763497,1,0.09565806068445495,0.009866531972485038,0.06968868065967104,0.094534585742016,2.889125157767614,3.2597007338763166,1,100,38.83924774732114,low
88,toy,2.9948577331898094,3.1914516748467623,3.001044532738423,3.3818588169551016,0,0.09714650107568334,0.12690526099728253,0.06968868065967104,0.094534585742016,3.006163886792411,3.3767394629011136,0,100,38.83924774732114,low
89,toy,2.9948577331898094,3.021057035664591,2.798382270829331,3.243731800499851,1,0.11360957389554074,-0.04348937818488807,0.06968868065967104,0.094534585742016,2.83576924761024,3.2063448237189425,1,100,38.83924774732114,low
90,toy,2.9948577331898094,3.2061787129416848,3.0111264381442693,3.4012309877391003,0,0.09951646673337532,0.14163229909220432,0.06968868065967104,0.094534585742016,3.0208909248873335,3.391466500996036,0,100,38.83924774732114,low
91,toy,2.9948577331898094,2.995324802836329,2.7949423570776344,3.1957072485950238,1,0.10223594171361974,-0.06922161101314972,0.06968868065967104,0.094534585742016,2.8100370147819778,3.1806125908906804,1,100,38.83924774732114,low
92,toy,2.9948577331898094,2.8588505169362426,2.6340442495020193,3.083656784370466,1,0.11469707522154245,-0.20569589691323667,0.06968868065967104,0.094534585742016,2.6735627288818913,3.044138304990594,1,100,38.83924774732114,low
93,toy,2.9948577331898094,2.9490482398387714,2.7393706746957815,3.1587258049817613,1,0.10697834956274989,-0.1154981740107078,0.06968868065967104,0.094534585742016,2.76376045178442,3.1343360278931227,1,100,38.83924774732114,low
94,toy,2.9948577331898094,3.0247727622463074,2.80961356227059,3.239931962222025,1,0.10977510202842734,-0.039773651603171804,0.06968868065967104,0.094534585742016,2.839484974191956,3.2100605503006587,1,100,38.83924774732114,low
95,toy,2.9948577331898094,3.256088558374656,3.077049003310697,3.4351281134386147,0,0.09134671176732584,0.19154214452517732,0.06968868065967104,0.094534585742016,3.0708007703203046,3.4413763464290072,0,100,38.83924774732114,low
96,toy,2.9948577331898094,3.166484188594989,2.970166545518537,3.362801831671441,1,0.10016206279410823,0.10193777474550805,0.06968868065967104,0.094534585742016,2.9811964005406377,3.3517719766493403,1,100,38.83924774732114,low
97,toy,2.9948577331898094,2.952113320061737,2.7400289629230796,3.164197677200394,1,0.10820630466258031,-0.11243309378774341,0.06968868065967104,0.094534585742016,2.7668255320073856,3.137401108116088,1,100,38.83924774732114,low
98,toy,2.9948577331898094,2.993763627315067,2.7803559484743325,3.2071713061558014,1,0.10888146879629311,-0.07078278653441286,0.06968868065967104,0.094534585742016,2.8084758392607156,3.1790514153694183,1,100,38.83924774732114,low
99,toy,2.9948577331898094,3.0765405881710475,2.900469038232836,3.2526121381092588,1,0.0898324234378629,0.011994174321567297,0.06968868065967104,0.094534585742016,2.891252800116696,3.261828376225399,1,100,38.83924774732114,low
100,toy,2.9948577331898094,3.0774257859249525,2.8902461703157423,3.264605401534163,1,0.09549980388225002,0.012879372075473482,0.06968868065967104,0.094534585742016,2.892137997870601,3.262713573979304,1,100,38.83924774732114,low
1,toy,2.9948577331898094,3.0935440968491568,2.9364626771994473,3.250625516498866,1,0.08014358145393342,0.041735914182438744,0.05695044947690864,0.0859123654967915,2.9251558604754453,3.2619323332228682,1,100,51.21969935922904,mid
2,toy,2.9948577331898094,2.9387339492218496,2.7649890994388144,3.1124787990048848,1,0.08864533152195661,-0.11307423344486865,0.05695044947690864,0.0859123654967915,2.770345712848138,3.107122185595561,1,100,51.21969935922904,mid
3,toy,2.9948577331898094,3.019034478274188,2.8303024340694583,3.2077665224789174,1,0.09629185928812736,-0.032773704392529746,0.05695044947690864,0.0859123654967915,2.8506462419004763,3.1874227146478993,1,100,51.21969935922904,mid
4,toy,2.9948577331898094,3.0108436322588092,2.83873125868264,3.1829560058349786,1,0.08781243549804549,-0.040964550407908765,0.05695044947690864,0.0859123654967915,2.8424553958850978,3.1792318686325207,1,100,51.21969935922904,mid
5,toy,2.9948577331898094,3.0777816194524164,2.8816185354389243,3.2739447034659084,1,0.10008320612933275,0.025973436785698314,0.05695044947690864,0.0859123654967915,2.909393383078705,3.246169855826128,1,100,51.21969935922904,mid
6,toy,2.9948577331898094,3.15131451143563,2.9569936717653014,3.3456353511059587,1,0.09914328554608612,0.0995063287689118,0.05695044947690864,0.0859123654967915,2.9829262750619185,3.3197027478093415,1,100,51.21969935922904,mid
7,toy,2.9948577331898094,3.147177630938036,2.961850458757936,3.332504803118136,1,0.09455467968372443,0.09536944827131809,0.05695044947690864,0.0859123654967915,2.9787893945643247,3.3155658673117476,1,100,51.21969935922904,mid
8,toy,2.9948577331898094,2.9817379121310275,2.785494598151218,3.177981226110837,1,0.10012413978561724,-0.07007027053568915,0.05695044947690864,0.0859123654967915,2.813349675757316,3.150126148504739,1,100,51.21969935922904,mid
9,toy,2.9948577331898094,3.0422794229909647,2.8737268363843396,3.2108320095975897,1,0.08599621765644133,-0.009528759675753964,0.05695044947690864,0.0859123654967915,2.873891186617253,3.210667659364676,1,100,51.21969935922904,mid
10,toy,2.9948577331898094,2.9417711584124806,2.761406258487712,3.122136058337249,1,0.09202290812488174,-0.1100370242542372,0.05695044947690864,0.0859123654967915,2.773382922038769,3.110159394786192,1,100,51.21969935922904,mid
11,toy,2.9948577331898094,3.0214274638518965,2.8422041630982426,3.2006507646055504,1,0.09144045956819073,-0.030380718814820955,0.05695044947690864,0.0859123654967915,2.853039227478185,3.189815700225608,1,100,51.21969935922904,mid
12,toy,2.9948577331898094,3.0137457324717403,2.8318677055983192,3.1956237593451613,1,0.09279491167011268,-0.03806245019497685,0.05695044947690864,0.0859123654967915,2.845357496098029,3.1821339688454517,1,100,51.21969935922904,mid
13,toy,2.9948577331898094,3.1723124902509676,2.9905197781673607,3.3541052023345745,1,0.092751383716126,0.12050430758425076,0.05695044947690864,0.0859123654967915,3.003924253877256,3.340700726624679,0,100,51.21969935922904,mid
14,toy,2.9948577331898094,2.998941012327702,2.809514848544657,3.188367176110747,1,0.09664600193012496,-0.0528671703390164,0.05695044947690864,0.0859123654967915,2.8305527759539904,3.1673292487014133,1,100,51.21969935922904,mid
15,toy,2.9948577331898094,3.0501711914338276,2.8702010979000505,3.2301412849676048,1,0.09182147629274345,-0.0016369912328904083,0.05695044947690864,0.0859123654967915,2.881782955060116,3.218559427807539,1,100,51.21969935922904,mid
16,toy,2.9948577331898094,3.0403790100184995,2.8638266183562178,3.2169314016807813,1,0.09007775084810297,-0.011429172648218763,0.05695044947690864,0.0859123654967915,2.871990773644788,3.208767246392211,1,100,51.21969935922904,mid
17,toy,2.9948577331898094,3.042269505884561,2.842029215714808,3.242509796054314,1,0.10216341335191478,-0.00953867678215626,0.05695044947690864,0.0859123654967915,2.8738812695108495,3.2106577422582725,1,100,51.21969935922904,mid
18,toy,2.9948577331898094,2.8822204516304977,2.7111524122516686,3.0532884910093268,1,0.08727961192797395,-0.16958773103621955,0.05695044947690864,0.0859123654967915,2.713832215256786,3.050608688004209,1,100,51.21969935922904,mid
19,toy,2.9948577331898094,2.9644167571065987,2.801453319879205,3.1273801943339925,1,0.08314461083030297,-0.08739142556011825,0.05695044947690864,0.0859123654967915,2.796028520732887,3.13280499348031,1,100,51.21969935922904,mid
20,toy,2.9948577331898094,2.9425469200785574,2.7856357530389952,3.0994580871181197,1,0.08005671787732775,-0.10926126258816127,0.05695044947690864,0.0859123654967915,2.774158683704846,3.110935156452269,1,100,51.21969935922904,mid
21,toy,2.9948577331898094,3.049727827459484,2.8793682376417378,3.22008741727723,1,0.08691815807027864,-0.0020803552072327924,0.05695044947690864,0.0859123654967915,2.8813395910857724,3.2181160638331954,1,100,51.21969935922904,mid
22,toy,2.9948577331898094,3.134021345445647,2.9682006655963575,3.2998420252949363,1,0.08460238767820884,0.08221316277892862,0.05695044947690864,0.0859123654967915,2.9656331090719354,3.3024095818193584,1,100,51.21969935922904,mid
23,toy,2.9948577331898094,3.0436931170402035,2.870777515412454,3.216608718667953,1,0.08822224572844356,-0.008115065626513401,0.05695044947690864,0.0859123654967915,2.875304880666492,3.212081353413915,1,100,51.21969935922904,mid
24,toy,2.9948577331898094,3.0927985822549724,2.9200945936801137,3.265502570829831,1,0.0881142798851321,0.04099039958825395,0.05695044947690864,0.0859123654967915,2.924410345881261,3.261186818628684,1,100,51.21969935922904,mid
25,toy,2.9948577331898094,3.0076777397956995,2.8274740700349317,3.1878814095564674,1,0.0919406478371265,-0.04413044287101929,0.05695044947690864,0.0859123654967915,2.839289503421988,3.176065976169411,1,100,51.21969935922904,mid
26,toy,2.9948577331898094,3.1543783045448386,2.964264894017031,3.344491715072646,1,0.09699663802439155,0.10257012187811981,0.05695044947690864,0.0859123654967915,2.985990068171127,3.32276654091855,1,100,51.21969935922904,mid
27,toy,2.9948577331898094,3.082413554120956,2.8960536706769817,3.2687734375649304,1,0.09508157318570112,0.03060537145423925,0.05695044947690864,0.0859123654967915,2.9140253177472446,3.2508017904946676,1,100,51.21969935922904,mid
28,toy,2.9948577331898094,3.151162000523623,2.9824656123244133,3.319858388722833,1,0.08606958581592347,0.09935381785690496,0.05695044947690864,0.0859123654967915,2.9827737641499117,3.3195502368973346,1,100,51.21969935922904,mid
29,toy,2.9948577331898094,3.098079357682443,2.9076835166842305,3.2884751986806555,1,0.09714073520316972,0.04627117501572575,0.05695044947690864,0.0859123654967915,2.9296911213087315,3.2664675940561545,1,100,51.21969935922904,mid
30,toy,2.9948577331898094,3.1713185117408482,2.997686978726461,3.3449500447552354,0,0.08858751684407519,0.11951032907413195,0.05695044947690864,0.0859123654967915,3.0029302753671367,3.3397067481145597,0,100,51.21969935922904,mid
31,toy,2.9948577331898094,3.052872703710971,2.877724825053708,3.228020582368234,1,0.08936116258023608,0.001064521044253761,0.05695044947690864,0.0859123654967915,2.8844844673372596,3.2212609400846826,1,100,51.21969935922904,mid
32,toy,2.9948577331898094,2.941807014688445,2.762046662741305,3.1215673666355848,1,0.09171446527915286,-0.11000116797827246,0.05695044947690864,0.0859123654967915,2.7734187783147335,3.1101952510621564,1,100,51.21969935922904,mid
33,toy,2.9948577331898094,3.086277225160308,2.912215079905601,3.260339370415015,1,0.08880721696668721,0.034469042493590424,0.05695044947690864,0.0859123654967915,2.9178889887865966,3.2546654615340196,1,100,51.21969935922904,mid
34,toy,2.9948577331898094,2.9575194421338473,2.805906993344367,3.1091318909233276,1,0.07735329019871438,-0.09428874053287015,0.05695044947690864,0.0859123654967915,2.789131205760136,3.125907678507559,1,100,51.21969935922904,mid
35,toy,2.9948577331898094,2.9877355778606667,2.794233467763738,3.181237687957595,1,0.09872556637598391,-0.06407260480605104,0.05695044947690864,0.0859123654967915,2.819347341486955,3.156123814234378,1,100,51.21969935922904,mid
36,toy,2.9948577331898094,3.171963767756232,3.0083456561576187,3.335581879354845,0,0.08347862836663927,0.12015558508951395,0.05695044947690864,0.0859123654967915,3.0035755313825203,3.3403520041299433,0,100,51.21969935922904,mid
37,toy,2.9948577331898094,3.0421170001789513,2.8725880239837003,3.2116459763742022,1,0.08649437560982183,-0.009691182487766382,0.05695044947690864,0.0859123654967915,2.87372876380524,3.2105052365526627,1,100,51.21969935922904,mid
38,toy,2.9948577331898094,3.1237936589724384,2.922254918727148,3.325332399217729,1,0.10282588788025027,0.0719854763057208,0.05695044947690864,0.0859123654967915,2.955405422598727,3.29218189534615,1,100,51.21969935922904,mid
39,toy,2.9948577331898094,2.947073948320954,2.7542373151007133,3.1399105815411943,1,0.09838603735726564,-0.10473423434576318,0.05695044947690864,0.0859123654967915,2.7786857119472423,3.1154621846946653,1,100,51.21969935922904,mid
40,toy,2.9948577331898094,2.984996664372269,2.822407010362284,3.147586318382254,1,0.08295390510713516,-0.06681151829444737,0.05695044947690864,0.0859123654967915,2.8166084279985575,3.1533849007459804,1,100,51.21969935922904,mid
41,toy,2.9948577331898094,3.205792845665475,3.02295932659322,3.38862636473773,0,0.09328240768992599,0.15398466299875682,0.05695044947690864,0.0859123654967915,3.0374046092917637,3.3741810820391867,0,100,51.21969935922904,mid
42,toy,2.9948577331898094,3.0164786119745894,2.8419641184380597,3.190993105511119,1,0.08903800690639277,-0.035329570692128685,0.05695044947690864,0.0859123654967915,2.848090375600878,3.184866848348301,1,100,51.21969935922904,mid
43,toy,2.9948577331898094,3.2060707281593013,3.027752389880281,3.3843890664383216,0,0.09097874401990842,0.1542625454925844,0.05695044947690864,0.0859123654967915,3.03768249178559,3.3744589645330128,0,100,51.21969935922904,mid
44,toy,2.9948577331898094,3.11124676012954,2.9318048512763863,3.290688668982694,1,0.09155199431283352,0.05943857746282279,0.05695044947690864,0.0859123654967915,2.9428585237558287,3.2796349965032516,1,100,51.21969935922904,mid
45,toy,2.9948577331898094,3.0126132473376455,2.8164591650644883,3.2087673296108026,1,0.10007861340467204,-0.039194935329071645,0.05695044947690864,0.0859123654967915,2.844225010963934,3.181001483711357,1,100,51.21969935922904,mid
46,toy,2.9948577331898094,3.0591733755932013,2.8855296252513294,3.2328171259350733,1,0.08859375017442446,0.00736519292648373,0.05695044947690864,0.0859123654967915,2.89078513921949,3.227561611966913,1,100,51.21969935922904,mid
47,toy,2.9948577331898094,3.0296272596482874,2.8646150878426075,3.1946394314539672,1,0.08418988357432648,-0.022180923018429374,0.05695044947690864,0.0859123654967915,2.861239023274576,3.198015496021999,1,100,51.21969935922904,mid
48,toy,2.9948577331898094,3.1002712717230834,2.920662950327402,3.2798795931187645,1,0.0916368986712658,0.048463089056366405,0.05695044947690864,0.0859123654967915,2.931883035349372,3.268659508096795,1,100,51.21969935922904,mid
49,toy,2.9948577331898094,2.970241081989018,2.8014485971275485,3.1390335668504874,1,0.08611861472523948,-0.0815671006776997,0.05695044947690864,0.0859123654967915,2.8018528456153065,3.1386293183627294,1,100,51.21969935922904,mid
50,toy,2.9948577331898094,3.088157531968929,2.9235069145224237,3.2528081494154346,1,0.0840054170645437,0.036349349302212,0.05695044947690864,0.0859123654967915,2.9197692955952177,3.2565457683426406,1,100,51.21969935922904,mid
51,toy,2.9948577331898094,3.096897700617525,2.9295143423529755,3.2642810588820748,1,0.08539967258395402,0.04508951795080786,0.05695044947690864,0.0859123654967915,2.9285094642438136,3.2652859369912366,1,100,51.21969935922904,mid
52,toy,2.9948577331898094,3.080036023422302,2.916915828469584,3.24315621837502,1,0.08322458926159096,0.028227840755584818,0.05695044947690864,0.0859123654967915,2.9116477870485906,3.2484242597960136,1,100,51.21969935922904,mid
53,toy,2.9948577331898094,3.2036218005987163,3.0379710913654785,3.369272509831954,0,0.08451566797614163,0.15181361793199838,0.05695044947690864,0.0859123654967915,3.035233564225005,3.3720100369724277,0,100,51.21969935922904,mid
54,toy,2.9948577331898094,3.0883399504391997,2.9040028187082076,3.272677082170192,1,0.09404955700560816,0.03653176777248108,0.05695044947690864,0.0859123654967915,2.9199517140654883,3.256728186812911,1,100,51.21969935922904,mid
55,toy,2.9948577331898094,3.0549966973598233,2.857109234717196,3.2528841600024507,1,0.10096299114419767,0.00318851469310575,0.05695044947690864,0.0859123654967915,2.886608460986112,3.2233849337335347,1,100,51.21969935922904,mid
56,toy,2.9948577331898094,3.0839258512716388,2.9123270565360975,3.25552464600718,1,0.0875504054773169,0.03211766860492185,0.05695044947690864,0.0859123654967915,2.9155376148979273,3.2523140876453502,1,100,51.21969935922904,mid
57,toy,2.9948577331898094,3.021723412080931,2.84239691645362,3.2010499077082417,1,0.0914931100139342,-0.03008477058578704,0.05695044947690864,0.0859123654967915,2.8533351757072194,3.1901116484546423,1,100,51.21969935922904,mid
58,toy,2.9948577331898094,3.1368722902216932,2.9652124325859543,3.308532147857432,1,0.08758156001823422,0.08506410755497529,0.05695044947690864,0.0859123654967915,2.9684840538479818,3.3052605265954047,1,100,51.21969935922904,mid
59,toy,2.9948577331898094,3.127041927568638,2.9416005602473696,3.3124832948899066,1,0.09461294251085119,0.07523374490192021,0.05695044947690864,0.0859123654967915,2.9586536911949266,3.2954301639423496,1,100,51.21969935922904,mid
60,toy,2.9948577331898094,3.1647554697284654,2.9919589769515857,3.337551962505345,1,0.08816147590657118,0.1129472870617483,0.05695044947690864,0.0859123654967915,2.996367233354754,3.333143706102177,0,100,51.21969935922904,mid
61,toy,2.9948577331898094,2.964112881181916,2.7884333189046195,3.1397924434592124,1,0.08963242973331458,-0.08769530148480192,0.05695044947690864,0.0859123654967915,2.7957246448082045,3.1325011175556274,1,100,51.21969935922904,mid
62,toy,2.9948577331898094,3.033048427391023,2.847870389133779,3.218226465648267,1,0.09447859094757351,-0.018759755275695116,0.05695044947690864,0.0859123654967915,2.8646601910173115,3.2014366637647345,1,100,51.21969935922904,mid
63,toy,2.9948577331898094,3.1143290630642326,2.9652103520604522,3.263447774068013,1,0.07608097500192881,0.06252088039751487,0.05695044947690864,0.0859123654967915,2.945940826690521,3.282717299437944,1,100,51.21969935922904,mid
64,toy,2.9948577331898094,3.102049186793753,2.9051305501997486,3.2989678233877573,1,0.10046869213979816,0.050241004127035284,0.05695044947690864,0.0859123654967915,2.9336609504200415,3.2704374231674644,1,100,51.21969935922904,mid
65,toy,2.9948577331898094,3.1927158488838616,3.016984431582905,3.3684472661848184,0,0.08965888637803907,0.1409076662171439,0.05695044947690864,0.0859123654967915,3.02432761251015,3.361104085257573,0,100,51.21969935922904,mid
66,toy,2.9948577331898094,3.1008038828710953,2.9269069986540845,3.274700767088106,1,0.08872290011071989,0.04899570020437857,0.05695044947690864,0.0859123654967915,2.932415646497384,3.269192119244807,1,100,51.21969935922904,mid
67,toy,2.9948577331898094,2.9630227742080404,2.803463212681315,3.1225823357347657,1,0.08140793955445177,-0.08878540845867679,0.05695044947690864,0.0859123654967915,2.794634537834329,3.131411010581752,1,100,51.21969935922904,mid
68,toy,2.9948577331898094,3.191802638670479,3.017504830776094,3.3661004465648645,0,0.08892745300733944,0.13999445600376242,0.05695044947690864,0.0859123654967915,3.0234144022967677,3.3601908750441907,0,100,51.21969935922904,mid
69,toy,2.9948577331898094,2.875612264111413,2.6980541905514985,3.0531703376713275,1,0.09059085385709918,-0.17619591855530434,0.05695044947690864,0.0859123654967915,2.7072240277377015,3.0440005004851245,1,100,51.21969935922904,mid
70,toy,2.9948577331898094,3.0517188618827316,2.888933063811373,3.2145046599540903,1,0.08305397860783607,-8.932078398607782e-5,0.05695044947690864,0.0859123654967915,2.88333062550902,3.220107098256443,1,100,51.21969935922904,mid
71,toy,2.9948577331898094,2.9663022690599297,2.748522219365059,3.1840823187548004,1,0.11111227025248507,-0.08550591360678772,0.05695044947690864,0.0859123654967915,2.797914032686218,3.134690505433641,1,100,51.21969935922904,mid
72,toy,2.9948577331898094,3.1255641492633606,2.958718368856838,3.292409929669883,1,0.08512539816659305,0.07375596659664233,0.05695044947690864,0.0859123654967915,2.957175912889649,3.293952385637072,1,100,51.21969935922904,mid
73,toy,2.9948577331898094,2.9937154338911514,2.811346768510751,3.1760840992715518,1,0.0930452374389799,-0.05809274877556694,0.05695044947690864,0.0859123654967915,2.82532719751744,3.162103670264863,1,100,51.21969935922904,mid
74,toy,2.9948577331898094,3.129344025514328,2.9305427444783376,3.3281453065503186,1,0.10142922501836242,0.07753584284761107,0.05695044947690864,0.0859123654967915,2.9609557891406166,3.2977322618880396,1,100,51.21969935922904,mid
75,toy,2.9948577331898094,2.8850963559877085,2.71125345841333,3.058939253562087,1,0.08869535590529506,-0.1667118266790092,0.05695044947690864,0.0859123654967915,2.716708119613997,3.05348459236142,1,100,51.21969935922904,mid
76,toy,2.9948577331898094,2.9749230277326193,2.799139817322004,3.1507062381432345,1,0.08968531143398739,-0.07688515493409903,0.05695044947690864,0.0859123654967915,2.806534791358908,3.1433112641063308,1,100,51.21969935922904,mid
77,toy,2.9948577331898094,2.9877434705164534,2.8020168183531577,3.173470122679749,1,0.09475849600168157,-0.06406471215026444,0.05695044947690864,0.0859123654967915,2.819355234142742,3.156131706890165,1,100,51.21969935922904,mid
78,toy,2.9948577331898094,3.063719618247763,2.9064598229761973,3.220979413519329,1,0.08023458942426832,0.01191143558104419,0.05695044947690864,0.0859123654967915,2.8953313818740516,3.2321078546214745,1,100,51.21969935922904,mid
79,toy,2.9948577331898094,2.9715551132711173,2.7922959026329073,3.1508143239093274,1,0.09145878093786222,-0.08025306939560004,0.05695044947690864,0.0859123654967915,2.803166876897406,3.139943349644829,1,100,51.21969935922904,mid
80,toy,2.9948577331898094,2.96321448999739,2.7879141180598515,3.1385148619349286,1,0.0894389652742543,-0.08859369266932743,0.05695044947690864,0.0859123654967915,2.7948262536236785,3.1316027263711015,1,100,51.21969935922904,mid
81,toy,2.9948577331898094,3.132185299848678,2.9446408081783533,3.319729791519003,1,0.09568596513792078,0.08037711718195983,0.05695044947690864,0.0859123654967915,2.9637970634749666,3.3005735362223896,1,100,51.21969935922904,mid
82,toy,2.9948577331898094,3.0212169495510848,2.837671372617645,3.2047625264845245,1,0.09364570251706116,-0.030591233115632832,0.05695044947690864,0.0859123654967915,2.8528287131773733,3.1896051859247962,1,100,51.21969935922904,mid
83,toy,2.9948577331898094,3.1634483200089196,3.000889850949029,3.3260067890688103,0,0.0829379944183115,0.11164013734220321,0.05695044947690864,0.0859123654967915,2.995060083635208,3.331836556382631,0,100,51.21969935922904,mid
84,toy,2.9948577331898094,2.7680642456297733,2.592322890277862,2.9438056009816846,0,0.08966395681219959,-0.2837439370369448,0.05695044947690864,0.0859123654967915,2.599676009256062,2.9364524820034847,0,100,51.21969935922904,mid
85,toy,2.9948577331898094,2.976273600568084,2.8022951000578273,3.150252101078341,1,0.0887645410766617,-0.07553458209863327,0.05695044947690864,0.0859123654967915,2.8078853641943726,3.1446618369417956,1,100,51.21969935922904,mid
86,toy,2.9948577331898094,3.236132612044317,3.058420406067141,3.413844818021493,0,0.09066949284549795,0.1843244293775991,0.05695044947690864,0.0859123654967915,3.0677443756706055,3.4045208484180285,0,100,51.21969935922904,mid
87,toy,2.9948577331898094,3.050399148506939,2.869691837311389,3.2311064597024886,1,0.09219760775283155,-0.0014090341597782679,0.05695044947690864,0.0859123654967915,2.8820109121332274,3.2187873848806503,1,100,51.21969935922904,mid
88,toy,2.9948577331898094,3.0421549182190386,2.877981084722709,3.2063287517153682,1,0.08376215994710687,-0.009653264447678708,0.05695044947690864,0.0859123654967915,2.873766681845327,3.21054315459275,1,100,51.21969935922904,mid
89,toy,2.9948577331898094,3.072279349839147,2.870708253334634,3.2738504463436597,1,0.10284239617577175,0.0204711671724295,0.05695044947690864,0.0859123654967915,2.9038911134654355,3.2406675862128584,1,100,51.21969935922904,mid
90,toy,2.9948577331898094,3.060843528586438,2.893648609550759,3.228038447622117,1,0.08530353012024443,0.00903534591972116,0.05695044947690864,0.0859123654967915,2.8924552922127265,3.2292317649601494,1,100,51.21969935922904,mid
91,toy,2.9948577331898094,3.165487888043489,2.982431948007726,3.348543828079252,1,0.09339588777334842,0.11367970537677118,0.05695044947690864,0.0859123654967915,2.9970996516697777,3.3338761244172006,0,100,51.21969935922904,mid
92,toy,2.9948577331898094,3.1476635812492644,2.9759651535063276,3.319362008992201,1,0.08760123864435557,0.09585539858254595,0.05695044947690864,0.0859123654967915,2.979275344875553,3.316051817622976,1,100,51.21969935922904,mid
93,toy,2.9948577331898094,3.1953591398855963,3.024582559923065,3.3661357198481276,0,0.08713090814414869,0.14355095721887723,0.05695044947690864,0.0859123654967915,3.026970903511885,3.3637473762593078,0,100,51.21969935922904,mid
94,toy,2.9948577331898094,2.812918354103334,2.6176703427841095,3.0081663654225586,1,0.0996163323057269,-0.2388898285633833,0.05695044947690864,0.0859123654967915,2.6445301177296225,2.9813065904770455,0,100,51.21969935922904,mid
95,toy,2.9948577331898094,3.109165786426428,2.9371616729897347,3.281169899863121,1,0.08775720073300684,0.05735760375970985,0.05695044947690864,0.0859123654967915,2.9407775500527165,3.2775540228001394,1,100,51.21969935922904,mid
96,toy,2.9948577331898094,2.9300448598854967,2.739451332588779,3.1206383871822143,1,0.09724159555954971,-0.12176332278121993,0.05695044947690864,0.0859123654967915,2.761656623511785,3.098433096259208,1,100,51.21969935922904,mid
97,toy,2.9948577331898094,2.9968658782012385,2.8376824558811613,3.1560493005213157,1,0.0812160317959577,-0.054942304465479264,0.05695044947690864,0.0859123654967915,2.828477641827527,3.16525411457495,1,100,51.21969935922904,mid
98,toy,2.9948577331898094,3.048286996243636,2.879242176992213,3.217331815495059,1,0.0862473567609302,-0.003521186423081444,0.05695044947690864,0.0859123654967915,2.8798987598699246,3.2166752326173476,1,100,51.21969935922904,mid
99,toy,2.9948577331898094,3.207093033540665,3.046374922263232,3.3678111448180976,0,0.08199903636603714,0.15528485087394742,0.05695044947690864,0.0859123654967915,3.0387047971669534,3.3754812699143764,0,100,51.21969935922904,mid
100,toy,2.9948577331898094,3.1729906389951648,2.995159491960151,3.3508217860301786,0,0.09073017705868054,0.12118245632844749,0.05695044947690864,0.0859123654967915,3.0046024026214533,3.3413788753688762,0,100,51.21969935922904,mid
1,toy,2.9948577331898094,2.9472269062355645,2.7570052189710315,3.1374485935000975,1,0.09705188125741482,-0.12004250322232383,0.07241167626807687,0.09001721341215298,2.770793167947745,3.123660644523384,1,100,44.618168074033,high
2,toy,2.9948577331898094,3.2021572799149736,3.030345855465079,3.3739687043648683,0,0.08765889002545653,0.1348878704570858,0.07241167626807687,0.09001721341215298,3.025723541627154,3.378591018202793,0,100,44.618168074033,high
3,toy,2.9948577331898094,3.176862006070305,2.9816790133606412,3.3720449987799688,1,0.09958315954574672,0.10959259661241735,0.07241167626807687,0.09001721341215298,3.0004282677824854,3.3532957443581246,0,100,44.618168074033,high
4,toy,2.9948577331898094,2.950322392233165,2.7535444981357857,3.147100286330544,1,0.10039688474356084,-0.11694701722472342,0.07241167626807687,0.09001721341215298,2.7738886539453453,3.1267561305209846,1,100,44.618168074033,high
5,toy,2.9948577331898094,2.8773181600820843,2.6838230741396756,3.070813246024493,1,0.09872198262367798,-0.18995124937580526,0.07241167626807687,0.09001721341215298,2.7008844217942647,3.053751898369904,1,100,44.618168074033,high
6,toy,2.9948577331898094,3.0335250905208717,2.8580182666192484,3.209031914422495,1,0.08954429790899153,-0.03374431893701788,0.07241167626807687,0.09001721341215298,2.857091352233052,3.2099588288086913,1,100,44.618168074033,high
7,toy,2.9948577331898094,2.9959598954102376,2.8055223602036232,3.186397430616852,1,0.09716200775847664,-0.07130951404765146,0.07241167626807687,0.09001721341215298,2.819526157122418,3.172393633698057,1,100,44.618168074033,high
8,toy,2.994857733189809,3.1339347070846806,2.936251517392617,3.331617896776744,1,0.10085877025105267,0.06666529762679166,0.07241167626807687,0.09001721341215298,2.957500968796861,3.3103684453725,1,100,44.618168074033,high
9,toy,2.9948577331898094,3.0067551074825536,2.8291160978825003,3.184394117082607,1,0.09063214775512915,-0.060514301975336034,0.07241167626807687,0.09001721341215298,2.830321369194734,3.183188845770373,1,100,44.618168074033,high
10,toy,2.9948577331898094,3.0425943119695216,2.8583681980398605,3.2268204258991826,1,0.09399291527023529,-0.024675097488366188,0.07241167626807687,0.09001721341215298,2.866160573681702,3.219028050257341,1,100,44.618168074033,high
11,toy,2.9948577331898094,3.1684778578420474,2.9623985195363978,3.374557196147697,1,0.10514251954369881,0.1012084483841587,0.07241167626807687,0.09001721341215298,2.9920441195542278,3.344911596129867,1,100,44.618168074033,high
12,toy,2.9948577331898094,2.9923648652368593,2.8065665852564954,3.178163145217223,1,0.09479504080630817,-0.07490454422102899,0.07241167626807687,0.09001721341215298,2.8159311269490397,3.168798603524679,1,100,44.618168074033,high
13,toy,2.9948577331898094,3.176060916108164,2.985414182115006,3.366707650101322,1,0.09726874183324373,0.10879150665027439,0.07241167626807687,0.09001721341215298,2.9996271778203445,3.3524946543959837,0,100,44.618168074033,high
14,toy,2.9948577331898094,2.9897893419087085,2.8075311140259056,3.1720475697915114,1,0.09298889177694035,-0.0774800675491801,0.07241167626807687,0.09001721341215298,2.813355603620889,3.166223080196528,1,100,44.618168074033,high
15,toy,2.9948577331898094,3.165839731278317,2.9854869368886554,3.3461925256679788,1,0.09201673183145993,0.09857032182042863,0.07241167626807687,0.09001721341215298,2.9894059929904975,3.3422734695661367,1,100,44.618168074033,high
16,toy,2.9948577331898094,3.0564502358289607,2.880175904065304,3.2327245675926175,1,0.08993588355288615,-0.010819173628927828,0.07241167626807687,0.09001721341215298,2.880016497541141,3.2328839741167803,1,100,44.618168074033,high
17,toy,2.9948577331898094,2.997828600316234,2.822635586387688,3.1730216142447802,1,0.08938419077987046,-0.06944080914165374,0.07241167626807687,0.09001721341215298,2.8213948620284146,3.174262338604054,1,100,44.618168074033,high
18,toy,2.994857733189809,3.0504034487071623,2.8608256724332217,3.239981224981103,1,0.09672335524180635,-0.01686596075072532,0.07241167626807687,0.09001721341215298,2.8739697104193427,3.226837186994982,1,100,44.618168074033,high
19,toy,2.9948577331898094,3.114764940201855,2.9227772697771117,3.3067526106265985,1,0.09795289307384869,0.04749553074396675,0.07241167626807687,0.09001721341215298,2.9383312019140355,3.2911986784896747,1,100,44.618168074033,high
20,toy,2.9948577331898094,3.0971218729638785,2.900136147496826,3.294107598430931,1,0.10050292115665946,0.029852463505989933,0.07241167626807687,0.09001721341215298,2.920688134676059,3.273555611251698,1,100,44.618168074033,high
21,toy,2.9948577331898094,3.0880059947802962,2.905629549645789,3.2703824399148034,1,0.09304920670127906,0.020736585322408126,0.07241167626807687,0.09001721341215298,2.9115722564924766,3.264439733068116,1,100,44.618168074033,high
22,toy,2.9948577331898094,3.027554503533378,2.835401110549648,3.2197078965171078,1,0.09803744539986219,-0.039714905924511296,0.07241167626807687,0.09001721341215298,2.8511207652455584,3.2039882418211976,1,100,44.618168074033,high
23,toy,2.9948577331898094,3.1202841199282956,2.9430034518348456,3.2975647880217456,1,0.09044932045584192,0.05301471047040619,0.07241167626807687,0.09001721341215298,2.943850381640476,3.296717858216115,1,100,44.618168074033,high
24,toy,2.9948577331898094,3.025396864037499,2.8407231005967417,3.2100706274782564,1,0.09422130787793734,-0.04187254542039055,0.07241167626807687,0.09001721341215298,2.8489631257496795,3.2018306023253187,1,100,44.618168074033,high
25,toy,2.9948577331898094,2.922962615649082,2.7279675943503356,3.1179576369478283,1,0.0994872557646664,-0.14430679380880568,0.07241167626807687,0.09001721341215298,2.7465288773612624,3.0993963539369016,1,100,44.618168074033,high
26,toy,2.9948577331898094,2.9536708854192,2.7626707886831143,3.1446709821552856,1,0.09744902894698251,-0.11359852403868892,0.07241167626807687,0.09001721341215298,2.7772371471313804,3.1301046237070196,1,100,44.618168074033,high
27,toy,2.9948577331898094,2.986832589803906,2.787041477417708,3.186623702190104,1,0.1019342410133662,-0.08043681965398358,0.07241167626807687,0.09001721341215298,2.8103988515160863,3.1632663280917255,1,100,44.618168074033,high
28,toy,2.9948577331898094,3.0367307400514463,2.8526569909479456,3.220804489154947,1,0.09391517811403102,-0.030538669406442065,0.07241167626807687,0.09001721341215298,2.8602970017636267,3.213164478339266,1,100,44.618168074033,high
29,toy,2.994857733189809,3.0435013446911965,2.8527201213230238,3.234282568059369,1,0.0973373588613126,-0.023768064766692368,0.07241167626807687,0.09001721341215298,2.867067606403377,3.219935082979016,1,100,44.618168074033,high
30,toy,2.9948577331898094,2.8129456958312025,2.622122691965394,3.003768699697011,1,0.09735867544173901,-0.2543237136266861,0.07241167626807687,0.09001721341215298,2.636511957543383,2.989379434119022,0,100,44.618168074033,high
31,toy,2.9948577331898094,3.0345608294200064,2.8464182006343655,3.2227034582056473,1,0.09599113713553112,-0.03270858003788285,0.07241167626807687,0.09001721341215298,2.8581270911321868,3.210994567707826,1,100,44.618168074033,high
32,toy,2.9948577331898094,2.9134105899919573,2.7089628109945605,3.117858368989354,1,0.1043100913252025,-0.15385881946593147,0.07241167626807687,0.09001721341215298,2.7369768517041377,3.089844328279777,1,100,44.618168074033,high
33,toy,2.9948577331898094,2.833723491123683,2.6520144465470286,3.0154325357003375,1,0.09270869621257874,-0.23354591833420563,0.07241167626807687,0.09001721341215298,2.6572897528358634,3.0101572294115027,1,100,44.618168074033,high
34,toy,2.9948577331898094,3.0547972033543784,2.8442665304759833,3.2653278762327735,1,0.10741360861142608,-0.012472206103510807,0.07241167626807687,0.09001721341215298,2.878363465066559,3.231230941642198,1,100,44.618168074033,high
35,toy,2.9948577331898094,3.1471440300450046,2.9642251084788263,3.330062951611183,1,0.09332598039090734,0.07987462058711661,0.07241167626807687,0.09001721341215298,2.970710291757185,3.3235777683328243,1,100,44.618168074033,high
36,toy,2.994857733189809,3.185855178275978,2.9968190793314764,3.3748912772204798,0,0.09644698925739878,0.1185857688180896,0.07241167626807687,0.09001721341215298,3.0094214399881585,3.3622889165637977,0,100,44.618168074033,high
37,toy,2.9948577331898094,3.1833505343504944,3.0048200471376476,3.3618810215633412,0,0.09108698327186067,0.11608112489260551,0.07241167626807687,0.09001721341215298,3.006916796062675,3.359784272638314,0,100,44.618168074033,high
38,toy,2.9948577331898094,3.0711622491092454,2.8900167952965012,3.2523077029219896,1,0.0924211499044613,0.0038928396513577346,0.07241167626807687,0.09001721341215298,2.894728510821426,3.247595987397065,1,100,44.618168074033,high
39,toy,2.9948577331898094,3.194753676656016,2.980369368178507,3.4091379851335253,1,0.1093797492232191,0.12748426719812722,0.07241167626807687,0.09001721341215298,3.0183199383681965,3.3711874149438357,0,100,44.618168074033,high
40,toy,2.9948577331898094,3.244975546730111,3.065199133040951,3.4247519604192713,0,0.09172266004548996,0.17770613727222317,0.07241167626807687,0.09001721341215298,3.0685418084422915,3.4214092850179307,0,100,44.618168074033,high
41,toy,2.9948577331898094,3.1269950911124873,2.937831036843481,3.316159145381494,1,0.09651227258622783,0.059725681654599336,0.07241167626807687,0.09001721341215298,2.9505613528246677,3.303428829400307,1,100,44.618168074033,high
42,toy,2.9948577331898094,3.1083350230502695,2.929233227621979,3.28743681847856,1,0.09137846705525018,0.041065613592381214,0.07241167626807687,0.09001721341215298,2.93190128476245,3.284768761338089,1,100,44.618168074033,high
43,toy,2.9948577331898094,3.125634912302531,2.9407781273554616,3.3104916972496006,1,0.09431468619748452,0.05836550284464205,0.07241167626807687,0.09001721341215298,2.9492011740147115,3.3020686505903507,1,100,44.618168074033,high
44,toy,2.9948577331898094,3.20683265121939,3.024884460217031,3.388780842221749,0,0.09283070969508123,0.13956324176150045,0.07241167626807687,0.09001721341215298,3.0303989129315703,3.3832663895072095,0,100,44.618168074033,high
45,toy,2.9948577331898094,3.1083820912621887,2.9279765091624386,3.288787673361939,1,0.09204366433660721,0.041112681804300714,0.07241167626807687,0.09001721341215298,2.931948352974369,3.2848158295500083,1,100,44.618168074033,high
46,toy,2.9948577331898094,3.132370220332107,2.947700367240272,3.317040073423942,1,0.09421931280195656,0.06510081087421862,0.07241167626807687,0.09001721341215298,2.9559364820442875,3.3088039586199267,1,100,44.618168074033,high
47,toy,2.9948577331898094,3.167818942169962,2.9805782398633007,3.3550596444766234,1,0.09553097056462313,0.1005495327120744,0.07241167626807687,0.09001721341215298,2.9913852038821425,3.3442526804577817,1,100,44.618168074033,high
48,toy,2.9948577331898094,3.0824994185504524,2.902893203823503,3.2621056332774017,1,0.0916358238402803,0.015230009092564622,0.07241167626807687,0.09001721341215298,2.906065680262633,3.258933156838272,1,100,44.618168074033,high
49,toy,2.9948577331898094,3.2757170348620797,3.085960081373039,3.4654739883511203,0,0.09681477218828595,0.20844762540419273,0.07241167626807687,0.09001721341215298,3.09928329657426,3.4521507731498993,0,100,44.618168074033,high
50,toy,2.9948577331898094,3.094532598752923,2.927311444510339,3.2617537529955065,1,0.08531691542988964,0.02726318929503458,0.07241167626807687,0.09001721341215298,2.9180988604651033,3.2709663370407425,1,100,44.618168074033,high
51,toy,2.9948577331898094,3.052581510207885,2.868237778336186,3.2369252420795838,1,0.09405292442433612,-0.014687899250003932,0.07241167626807687,0.09001721341215298,2.876147771920065,3.2290152484957044,1,100,44.618168074033,high
52,toy,2.9948577331898094,3.038092210637288,2.8647662850646727,3.211418136209903,1,0.0884315946799057,-0.029177198820600804,0.07241167626807687,0.09001721341215298,2.8616584723494682,3.2145259489251075,1,100,44.618168074033,high
53,toy,2.9948577331898094,2.9821149032650274,2.791878142642077,3.172351663887978,1,0.09705957174640333,-0.08515450619286034,0.07241167626807687,0.09001721341215298,2.8056811649772078,3.158548641552847,1,100,44.618168074033,high
54,toy,2.9948577331898094,3.031326901671278,2.8521321794181724,3.2105216239243837,1,0.09142587870056405,-0.035942507786610824,0.07241167626807687,0.09001721341215298,2.8548931633834584,3.2077606399590977,1,100,44.618168074033,high
55,toy,2.9948577331898094,3.0410382857668194,2.857045489135209,3.22503108239843,1,0.09387387583245432,-0.026231123691069134,0.07241167626807687,0.09001721341215298,2.864604547479,3.217472024054639,1,100,44.618168074033,high
56,toy,2.9948577331898094,3.2097636078913308,3.0171669087156925,3.402360307066969,0,0.09826362202838698,0.14249419843344358,0.07241167626807687,0.09001721341215298,3.033329869603511,3.3861973461791504,0,100,44.618168074033,high
57,toy,2.9948577331898094,3.105694815904527,2.910948855485354,3.3004407763236996,1,0.09936018388733302,0.038425406446637056,0.07241167626807687,0.09001721341215298,2.929261077616707,3.2821285541923464,1,100,44.618168074033,high
58,toy,2.9948577331898094,3.0429990717225426,2.854506341085915,3.2314918023591703,1,0.09616976052889183,-0.024270337735345832,0.07241167626807687,0.09001721341215298,2.866565333434723,3.219432810010362,1,100,44.618168074033,high
59,toy,2.9948577331898094,3.06055323459009,2.877889270637503,3.243217198542677,1,0.09319589997580965,-0.006716174867797936,0.07241167626807687,0.09001721341215298,2.8841194963022705,3.2369869728779097,1,100,44.618168074033,high
60,toy,2.9948577331898094,3.160502911147992,2.970721867340701,3.3502839549552825,1,0.09682706316698501,0.0932335016901034,0.07241167626807687,0.09001721341215298,2.9840691728601723,3.3369366494358115,1,100,44.618168074033,high
61,toy,2.9948577331898094,3.045073032139591,2.8480334758673593,3.2421125884118225,1,0.1005303858531793,-0.02219637731829801,0.07241167626807687,0.09001721341215298,2.8686392938517713,3.2215067704274105,1,100,44.618168074033,high
62,toy,2.9948577331898094,3.0969006228639673,2.9068412906237318,3.286959955104203,1,0.09696904706134475,0.02963121340607817,0.07241167626807687,0.09001721341215298,2.9204668845761477,3.273334361151787,1,100,44.618168074033,high
63,toy,2.994857733189809,3.099235566176377,2.9047837437631188,3.2936873885896354,1,0.09921011347615231,0.03196615671848881,0.07241167626807687,0.09001721341215298,2.9228018278885575,3.2756693044641967,1,100,44.618168074033,high
64,toy,2.9948577331898094,3.088151035718508,2.909825464445925,3.266476606991091,1,0.09098243432274658,0.020881626260620317,0.07241167626807687,0.09001721341215298,2.9117172974306884,3.2645847740063276,1,100,44.618168074033,high
65,toy,2.9948577331898094,3.076278593801872,2.8750066116063837,3.27755057599736,1,0.1026897868344327,0.009009184343983907,0.07241167626807687,0.09001721341215298,2.8998448555140524,3.2527123320896916,1,100,44.618168074033,high
66,toy,2.9948577331898094,3.1216711765323675,2.941320712004384,3.302021641060351,1,0.09201554312652212,0.05440176707447909,0.07241167626807687,0.09001721341215298,2.945237438244548,3.298104914820187,1,100,44.618168074033,high
67,toy,2.9948577331898094,3.0959878562564693,2.9040203355621204,3.2879553769508183,1,0.09794261259915771,0.028718446798581283,0.07241167626807687,0.09001721341215298,2.9195541179686497,3.272421594544289,1,100,44.618168074033,high
68,toy,2.9948577331898094,2.9978817464488445,2.816637764526406,3.1791257283712833,1,0.092471419348183,-0.06938766300904356,0.07241167626807687,0.09001721341215298,2.821448008161025,3.174315484736664,1,100,44.618168074033,high
69,toy,2.9948577331898094,2.950138493892595,2.77860058928085,3.1216763985043405,1,0.08751933908762521,-0.11713091556529269,0.07241167626807687,0.09001721341215298,2.7737047556047756,3.126572232180415,1,100,44.618168074033,high
70,toy,2.9948577331898094,3.1117872557966892,2.9089730865798296,3.314601425013549,1,0.10347661694737732,0.04451784633880114,0.07241167626807687,0.09001721341215298,2.9353535175088696,3.288220994084509,1,100,44.618168074033,high
71,toy,2.9948577331898094,3.016396231640366,2.842427157327958,3.1903653059527737,1,0.08875973179204487,-0.050873177817523096,0.07241167626807687,0.09001721341215298,2.8399624933525462,3.1928299699281855,1,100,44.618168074033,high
72,toy,2.9948577331898094,3.1817115330305237,2.987535341057118,3.3758877250039294,1,0.09906948570071711,0.11444212357263507,0.07241167626807687,0.09001721341215298,3.005277794742704,3.3581452713183433,0,100,44.618168074033,high
73,toy,2.9948577331898094,3.0367008743744135,2.8572002428384504,3.2162015059103766,1,0.09158195486528736,-0.03056853508347448,0.07241167626807687,0.09001721341215298,2.860267136086594,3.213134612662233,1,100,44.618168074033,high
74,toy,2.9948577331898094,3.1677750429529317,2.997466069803813,3.33808401610205,0,0.08689233323934627,0.10050563349504256,0.07241167626807687,0.09001721341215298,2.991341304665112,3.3442087812407513,1,100,44.618168074033,high
75,toy,2.9948577331898094,3.0567680100862695,2.864090419446692,3.249445600725847,1,0.09830489318345788,-0.01050139937161821,0.07241167626807687,0.09001721341215298,2.88033427179845,3.233201748374089,1,100,44.618168074033,high
76,toy,2.9948577331898094,2.9936778450607324,2.8076759938881435,3.1796796962333214,1,0.09489890365948407,-0.07359156439715617,0.07241167626807687,0.09001721341215298,2.817244106772913,3.170111583348552,1,100,44.618168074033,high
77,toy,2.9948577331898094,3.160142598337834,2.9700971557173466,3.3501880409583213,1,0.09696196052065684,0.09287318887994468,0.07241167626807687,0.09001721341215298,2.9837088600500143,3.3365763366256536,1,100,44.618168074033,high
78,toy,2.9948577331898094,3.2226417041014734,3.043800819629063,3.401482588573884,0,0.09124534922061757,0.15537229464358399,0.07241167626807687,0.09001721341215298,3.046207965813654,3.399075442389293,0,100,44.618168074033,high
79,toy,2.9948577331898094,3.0110305437749343,2.823300305401625,3.1987607821482436,1,0.0957807338639334,-0.056238865682953686,0.07241167626807687,0.09001721341215298,2.8345968054871147,3.187464282062754,1,100,44.618168074033,high
80,toy,2.9948577331898094,3.039465528352501,2.8523757988119294,3.226555257893073,1,0.09545394364314898,-0.027803881105387875,0.07241167626807687,0.09001721341215298,2.8630317900646816,3.2158992666403208,1,100,44.618168074033,high
81,toy,2.9948577331898094,3.006265913888572,2.8079823787460265,3.2045494490311173,1,0.10116506895027831,-0.061003495569316626,0.07241167626807687,0.09001721341215298,2.8298321756007523,3.1826996521763915,1,100,44.618168074033,high
82,toy,2.994857733189809,3.1958246872677387,2.9921557730817585,3.399493601453719,1,0.10391271131937765,0.12855527780985138,0.07241167626807687,0.09001721341215298,3.019390948979919,3.3722584255555583,0,100,44.618168074033,high
83,toy,2.994857733189809,3.1472555846970396,2.965855468182753,3.3286557012113263,1,0.09255107985422792,0.07998617523915019,0.07241167626807687,0.09001721341215298,2.97082184640922,3.323689322984859,1,100,44.618168074033,high
84,toy,2.9948577331898094,3.118190542038966,2.933942911114969,3.302438172962963,1,0.09400389332857,0.05092113258107664,0.07241167626807687,0.09001721341215298,2.9417568037511463,3.2946242803267856,1,100,44.618168074033,high
85,toy,2.994857733189809,3.0841900342701773,2.889125841286475,3.2792542272538796,1,0.09952254744066434,0.016920624812288943,0.07241167626807687,0.09001721341215298,2.9077562959823577,3.260623772557997,1,100,44.618168074033,high
86,toy,2.9948577331898094,2.9362362060485685,2.744341363575255,3.128131048521882,1,0.09790553187413951,-0.13103320340931907,0.07241167626807687,0.09001721341215298,2.759802467760749,3.112669944336388,1,100,44.618168074033,high
87,toy,2.994857733189809,3.0708599040676354,2.8889981207553785,3.2527216873798923,1,0.09278662413890662,0.003590494609746503,0.07241167626807687,0.09001721341215298,2.894426165779816,3.247293642355455,1,100,44.618168074033,high
88,toy,2.9948577331898094,3.088162594658141,2.900202765079489,3.2761224242367932,1,0.09589787223400614,0.02089318520025308,0.07241167626807687,0.09001721341215298,2.9117288563703214,3.2645963329459606,1,100,44.618168074033,high
89,toy,2.9948577331898094,3.1375395268484896,2.944556606237337,3.330522447459642,1,0.09846067378120017,0.07027011739060082,0.07241167626807687,0.09001721341215298,2.96110578856067,3.313973265136309,1,100,44.618168074033,high
90,toy,2.9948577331898094,3.0668418571521645,2.8781768316504035,3.2555068826539255,1,0.09625766607232714,-4.2755230572389183e-4,0.07241167626807687,0.09001721341215298,2.890408118864345,3.243275595439984,1,100,44.618168074033,high
91,toy,2.994857733189809,3.010779444349196,2.830176670879563,3.191382217818829,1,0.09214427217838428,-0.05648996510869293,0.07241167626807687,0.09001721341215298,2.8343457060613764,3.1872131826370156,1,100,44.618168074033,high
92,toy,2.9948577331898094,3.090627616343685,2.9122487055190884,3.2690065271682816,1,0.09100964837989628,0.023358206885797053,0.07241167626807687,0.09001721341215298,2.9141938780558654,3.2670613546315046,1,100,44.618168074033,high
93,toy,2.9948577331898094,3.1270074150394844,2.9456153869661823,3.3083994431127866,1,0.09254695309862364,0.059738005581595754,0.07241167626807687,0.09001721341215298,2.950573676751665,3.303441153327304,1,100,44.618168074033,high
94,toy,2.9948577331898094,3.0894477810002137,2.907242669334122,3.2716528926663053,1,0.09296179166637332,0.022178371542325964,0.07241167626807687,0.09001721341215298,2.913014042712394,3.2658815192880333,1,100,44.618168074033,high
95,toy,2.9948577331898094,3.068489240130587,2.8688974968270795,3.2680809834340945,1,0.10183252209362634,0.0012198306726987698,0.07241167626807687,0.09001721341215298,2.8920555018427674,3.2449229784184066,1,100,44.618168074033,high
96,toy,2.9948577331898094,2.9802469280223294,2.7763667385973716,3.184127117447287,1,0.10402050480865183,-0.08702248143555949,0.07241167626807687,0.09001721341215298,2.8038131897345098,3.156680666310149,1,100,44.618168074033,high
97,toy,2.9948577331898094,3.092742208917927,2.9036506102202306,3.281833807615623,1,0.09647530545800838,0.02547279946003931,0.07241167626807687,0.09001721341215298,2.9163084706301072,3.2691759472057464,1,100,44.618168074033,high
98,toy,2.9948577331898094,3.1644042763668114,2.9733873811826808,3.355421171550942,1,0.09745759958374008,0.09713486690892356,0.07241167626807687,0.09001721341215298,2.987970538078992,3.340838014654631,1,100,44.618168074033,high
99,toy,2.994857733189809,3.168927270528207,2.959783720558,3.378070820498414,1,0.10670589284194226,0.10165786107031735,0.07241167626807687,0.09001721341215298,2.9924935322403874,3.3453610088160266,1,100,44.618168074033,high
100,toy,2.9948577331898094,2.9159225296651368,2.7203545096423323,3.1114905496879413,1,0.09977960205245132,-0.15134687979275108,0.07241167626807687,0.09001721341215298,2.739488791377317,3.0923562679529564,1,100,44.618168074033,high
