runid,ninf,ninf_cem,true_ATT,diff,bal1,bal2,or_lm,or_bart,ps_lm,ps_bart,csm_scm,csm_avg,cem_scm,cem_avg,onenn,tmle1,tmle2,aipw1,aipw2
2,7,35,0,-0.5924007453886606,-0.3385226692959762,-0.47630930206607847,-0.28571572558265534,-0.08950540969494106,-0.18077540104524292,-0.5473860202918237,0.5044457067257992,1.2341158855748948,-0.5017416007133253,-0.4571528449831517,0.8502584540460605,-0.3171792024423099,-0.10625816266156472,-0.43938082901043474,-0.7562136444072525
4,7,25,0,1.1507405023013693,2.494176865375847,-0.297179320595772,0.05003776179535754,-0.2740792323559926,0.12057012244623344,1.0535526509950097,0.6348301297128813,1.308459856858283,0.4023045843043538,0.5967954740257908,1.7416169320983812,2.913767998973973,-0.3121127449290214,2.244204190903469,-0.1777257631620119
3,3,28,0,0.2447750707485783,0.06587224139250036,-0.9980718999905385,-1.0303030980055412,0.41445993496624467,-1.21230317597065,-0.1657081985478781,1.6338158370863738,2.557010953595819,0.5307504480592513,0.66126928117761,1.4672193894744971,-0.8875279900878916,-0.4975614778450515,-0.0698606030930616,0.8629971691127595
7,3,23,0,-1.8324961997023292,-0.6423722711906921,0.13483917008206525,0.5978708380353628,-0.07185700735591345,0.17049714543340944,-0.62893699106582,-0.18657821410909659,0.8291202830172963,0.06754734830660869,0.04345140571277062,0.7440566566778584,-0.7403084239936099,0.18175201051266276,-0.9433650035911206,-0.05888342472716998
10,7,21,0,-1.1927767095434705,-0.9241949302753865,-1.0195227682451726,-0.46691812909217345,0.4622687381241756,-1.2056635158377738,-2.3567679477841477,-0.03155612401289698,1.1583109781245788,0.3371568440659827,0.3603565852302504,1.824376816689897,-1.707098463151812,0.6191186681125772,-0.6360047140118746,-0.7953615656736686
1,7,30,0,1.0286800201202864,-0.3002727250928272,-0.19886004213070319,-0.23884850706353963,0.8484030352939591,-1.590596677651674,-0.6132043960796087,-0.6377262928575735,1.0542152304622343,1.316510637062192,1.3728541061642434,2.132426807381246,-1.2361224367768062,-0.5792419441704102,0.6341802528283345,-0.2108267097702972
11,2,30,0,-0.6067921856259124,-0.4574245052118169,-0.08561392489891695,0.3636479692426501,-0.004548842201511496,-0.030161756130446804,-0.7012709024517259,1.3246123923605122,2.160821527289392,0.9263140512137489,1.0731998662536903,1.8074034475711356,-0.677361947517825,-0.27034660163196783,-0.20828518303305302,-0.026054297837198287
8,4,30,0,0.5498388397856102,1.2233066714530496,-0.21880904371085297,0.2598065599694601,0.3273473647207253,1.0204258176823569,0.6070440254472693,1.1555961981462195,1.9099600479949794,1.1090504825981973,0.876499635387713,1.094558152264029,1.7227465530453325,0.37521116162758017,1.9337142738054407,0.5967136041109312
6,3,29,0,-0.11686094538509284,-0.23891105526543388,-0.6724354693978052,-0.13789883012388138,0.2701859286704003,-0.5783117830618476,-1.2366503943456788,0.8573456775047452,1.6821883406867686,2.1427143052306628,2.1995327231353796,1.5828186246970848,-1.5414949368591448,-0.2423197987532076,0.49570789110479113,-1.061669415730309
5,5,24,0,-1.5483336558310477,-1.0155091179584481,-0.5163694078579546,-0.3553132578979355,0.206684257175573,-0.33656684639845125,-1.4009647851514186,0.5921044824921058,1.481447282366565,1.3169393647936634,1.199794097387703,1.2232169504818318,-0.7806783620593388,0.3341924582172691,-0.9419741065804003,-0.21520636123568235
9,2,26,0,0.13842088245793782,0.2507390249103212,-0.39782485341252194,0.35561797338590007,-0.27199602313419535,0.2095045606917978,-0.8596027547672209,-1.2284766815029773,0.12020792440688499,-0.799029240348367,-0.8047385647429941,0.3512148122231462,-0.5360168767099142,0.19366160146187605,0.6803106564862753,-0.6293696147567825
16,9,37,0,2.4177339616571274,0.44190979601248337,-0.3270566821055052,-0.4629865270157306,-0.37438425281673426,-1.4533836662304633,-0.6453633820595197,1.679107125647569,2.5124529150354578,1.2359523365736838,0.8870984186266941,2.288688393102478,0.1924916952901571,-1.083630312606608,0.8172610286726089,0.2423591760884782
13,5,33,0,0.04043206574380509,0.14254651783239503,-0.17076628439923258,0.026209957615282574,0.49352847285400053,-0.8797721567753856,-1.851841113988356,-0.442535392778308,-0.08947752973243084,-1.5685681826625935,-1.2697850911132678,0.896948037834977,0.24549375323804273,-0.1407552292484242,0.47444245047577693,-0.5128091152351629
15,3,31,0,-1.118359244315041,-1.3851163071470411,0.008612142703207759,0.4134938615732397,-0.8432592307825706,-0.809397454391223,-2.6510202056931664,-0.005788537209912903,0.6798179207580262,-1.1029193973368265,-1.110633809129081,0.9143353985376503,-1.820260097045106,-1.2926499512725886,-1.421688294428804,-2.751303330510412
19,5,36,0,0.9019331150705394,-0.9545411296477333,-0.32879348812638653,-0.2111989730987387,0.12658445501691007,-0.5852368202623106,-1.5853522937071292,0.3349311347899073,1.0295469582799832,-0.3488735706550319,-0.5394195771428825,0.618652330441928,-0.920716695200406,-0.7089752869482544,-0.41096448404235203,-0.6353407389602919
12,2,36,0,-0.5023245226384452,0.051825449687127545,-0.6477441733979727,-0.3569150329768455,-0.27390851402849326,-1.1883623133984411,-1.1401712331532146,0.0010213749696275087,0.6013492149137756,-0.32133695873793355,-0.24456240081390934,0.26565839320060824,-0.2469507810548549,-0.19999317415484702,0.0398347842712997,-1.098694286264679
20,3,27,0,-0.31499225985981827,-1.5741870117915715,-0.9341684190984134,-1.0588136064062401,-0.061943253249617636,0.06666371997529996,-1.5787132402628021,0.5545311293318811,1.6808836977755846,-0.16635743613363285,-0.13725100681766733,0.8398759164263492,-1.9378930335793076,-0.1964377352067725,-0.5804308691641475,-0.8678868142535587
21,6,25,0,-0.9473071132428403,0.5452587533851618,-0.6484577399812084,-0.36307961405275463,0.3608009460705854,-1.0381484037437572,-1.2676678624010522,0.04088221380060375,1.3156966653026112,-0.16395355333322437,-0.21506078100414738,0.31454474695912715,0.9984284215227088,0.6248436597001451,0.6035804469429513,-0.3048245194952216
18,2,28,0,1.8146889805365225,-0.09019104096464226,-1.40382204534912,-1.5781928432738732,-0.6996413036984209,-11.130497119828993,-0.6917051843153974,0.4672160989820089,1.7117014951696943,0.27431720351952116,0.0111740815640049,1.6452704413057218,1.238266655306947,-0.38974105812992743,1.4182118418023058,0.8185424942691805
17,2,22,0,-2.8689190567591387,-1.6268853561120418,-0.4606035765213692,-0.04306774723024356,0.41949960000614384,-0.6283493074841244,-2.1900609798502453,-0.4432433494809249,0.3515829880501107,-0.06672366267087071,0.06366936192713046,0.5064550142277691,-2.056467123766395,-0.2547221544392697,-1.7494870703298662,-2.057059915035816
22,7,36,0,-0.7617397078070169,0.14978093303068007,-0.44925078562041687,-0.06080873319819229,0.2693208780228994,-0.42078924932802586,-0.3237737196411592,0.8215621740900767,1.2033817156525504,1.1886066219709757,1.008779678141138,1.4319916797306664,-0.03494803824151426,8.942126642510467e-4,0.11325542231044851,0.1077785541572367
14,5,33,0,0.5103634547983784,-0.022676738774068284,-0.3207759823948626,-0.15083674522788215,0.25704809580603116,-0.25627537696267577,-0.992646237315931,0.44128382142146627,0.92857740852366,0.02065799055684625,0.06526537658233167,0.41749489448878485,-0.479048142131849,-0.3451704890096587,-0.017766077231685468,-0.55663007876335735
23,4,26,0,0.05441233441177751,-1.9894665955420798,-1.4109949223141562,-1.2022918508287261,-0.307845541069351,-0.7817144372634299,-3.5988686811673656,0.46049628236398554,1.645242991445354,1.9776433268830083,1.5687504022593295,1.5939273778469545,-2.4054954268959787,-0.36929194106978486,-0.5079589720627297,-0.36846743469737275
24,5,23,0,0.7677357260527451,2.963471538323244,1.178349031348783,3.2634404199859053,0.5591074596114733,-0.4351684950986314,0.44649432944883927,1.3606908841454421,1.358229155947007,-0.271237493682718,-0.15565967660153124,1.954009867191429,1.9288603175908148,-0.12951022473521256,4.402222398089278,1.485310791362839
25,3,30,0,-1.3814703171495015,-1.8566255798110776,-0.3236587025029021,-0.0509861163218555,-0.8175255139727436,-0.23059620243265044,-2.058152611936242,0.7675388856722876,1.5352570072856127,0.7485545936545752,0.769318118474569,1.4349250399455613,-2.3007686186468352,-0.16938039207302116,-1.4488910012225924,-1.720034145340564
29,7,33,0,-2.093177919404779,-0.9956765970306733,-0.5879227586160534,-0.14466905188385862,-0.10750538739291612,-0.65474761060872,-1.0113672544946568,0.04627290828970532,0.516529683436437,0.2164208421612015,0.25634575384962677,0.7151897206591245,-1.5195391710976642,0.11829098734909933,-1.325458132455764,-0.8895442993719757
30,2,24,0,-0.7273778528270007,1.1568753083224896,-0.7612413150397037,-0.12023236410232031,0.06476250245384679,0.27291519773472395,-0.1761110922805118,0.2840549219353905,1.481188534995332,1.405393354224083,1.2161343868290238,0.4417042363877499,1.296625826550834,0.28002195965835613,1.117667086027681,-0.47045092480933787
28,4,34,0,-0.500971464787817,-0.8092110153735392,0.05412119806276294,0.45741092654034227,-0.4832351830758515,0.2423471847057268,-2.05443199442786,-1.1587936894482862,0.6226335235813991,-0.13254286655783298,-0.35725106709300203,-0.2965401395641294,-0.6479373039925083,-1.4681561286048106,-0.2232002291217621,-1.0627350505910151
26,0,32,0,1.4832039518757494,0.909796973635153,0.16519567480722053,-0.001394385276279899,0.36709065917013023,0.2320074137213215,0.9643489785354138,1.2903736579252998,2.2564364965255344,0.1245920002912344,0.6084699105232505,2.7175103297378698,0.6905624903722717,-0.2048196494671984,0.8256035657650295,1.4663252586675835
31,4,30,0,-0.06940741971309716,0.5057910896358777,0.3262259243706014,0.9619740435979317,-0.3578083271832495,0.664420365946377,-0.66903575254121606,-0.12533712115643336,0.198230707078209,-1.5321087779523408,-1.6140543453816205,0.5659637140073404,0.07293867905576942,-0.7131589561305698,0.46328488172401766,-0.7149310525727116
33,1,30,0,-2.299413289868859,-1.0803934974062575,0.3830877023683925,1.1212813446761303,-0.2856169491391286,0.17396126242628895,-1.3209059354674029,-0.2815306671459039,0.41328416821202385,-1.6802511049086113,-1.5777453995378514,0.435969163498898,-1.327372872170358,-0.528503563596468,-1.4472595714236234,-0.2981407727622742
27,1,22,0,-3.187859405948055,-2.3100968735344822,-0.8279661616180825,-0.5418889942956531,-0.4067177806305726,-0.8442984929310633,-1.914379091605932,-0.7554398318062869,-0.11945280121228175,0.3372716846917778,0.19829781048428918,-0.6691458686320457,-2.600952485348275,-0.24352166947623208,-2.6141131234697395,-0.6792766729951382
32,1,24,0,-1.4421146867779742,-0.5491740323326644,-0.1624873460439593,-0.05709455067759892,-3.1341425444082613e-4,-0.578122209723821,-0.4938196913309101,0.5364934311913716,0.9945241702575469,-0.21518628127545458,-0.043856761855229465,1.5220122996965966,-0.713128019842372,-0.3358772979563511,-0.6067855514619092,-0.6072672851717098
35,6,28,0,1.877959498312216,3.4333566632510566,-0.5478987184754356,0.35355029880267486,0.30249884187846854,-2.551062260338483,1.546003295710518,1.9027560834571986,2.7876645912655675,-0.8770968408041595,-0.9664289073524843,1.8769616369586304,3.789441234799127,0.325640457987376,4.121441743198675,1.7391051198920806
34,0,28,0,1.1116528135534356,-1.8434389184851216,-0.590775942236462,-0.5715686351670008,0.07072325866792789,-0.8720554092491462,-3.0274263600924023,1.0537780262425462,2.133257191981901,0.10018427669696361,0.1524866722023801,1.6754470322767263,-3.815426315369776,-2.0007039238665496,-1.123427549269065,-2.035164539936911
36,3,31,0,-1.1270419328064927,-0.16181077494910578,-0.31075810321904473,0.35757570636000807,-0.3470458727226344,-0.5565932640915188,-1.4592514739462983,-0.5511716025363604,0.7773271694291592,1.3945174805590903,1.4944269491332856,1.0782555904228177,0.19364363090954456,-0.5487178188011822,1.1984893788685633,-1.2575413486502556
44,6,29,0,-2.1235926502020552,-2.6156690017831314,-0.4877039243448946,-0.3069624306694404,-0.012674356319250825,-0.23984217825941911,-1.4313652720557632,-0.10218096518182307,0.9598311294999231,-1.4995269434817278,-1.5512808549130215,1.4993210247096354,-2.7906043835793124,0.16592319666248342,-2.46785852075135,-0.29150663997576326
38,4,27,0,-2.738167037939923,-1.881606774760205,-0.3617173405978029,0.038597581533775994,0.15942158135819973,-0.6354501769790932,-2.44740561924086,-0.24964225851942157,0.5234614862748885,1.4759318243460608,1.0861385135705937,0.11756032246887127,-2.2493675133079774,-0.2629336097244541,-2.060989434840724,-0.9449801657011776
37,2,25,0,0.42744464334082544,-0.28632988946327753,-0.2838166057617766,0.034851523348217534,-0.315002985451867,-0.10023111565592302,0.02769737829458041,0.8747760541329628,1.8286137767215758,-0.16399558163594907,-0.1210675033567532,0.9972777731670464,-0.5746408108666593,-0.583570391642994,0.045071435593295184,-0.15202734876824156
43,9,28,0,-0.10664678466951916,-0.2887314505204044,-0.4937642473996844,-0.45904400331507544,-0.3354276856721881,-0.3813459073225056,-0.7911544060637459,1.0100781816186428,2.151277742695848,0.26474644983117823,0.18721632771916186,2.0907613138651446,-0.315713305323055,0.30935452095098853,-0.1576138757108362,-0.12382802967267584
39,0,28,0,0.7587475485509279,-0.19048115840273994,-0.07023409918907664,0.342559338805967,0.13303422825896039,-0.1667964023041737,-0.7018963059606955,0.16889756473186157,1.1768727737580678,0.7743771423160251,0.7367361768039808,1.551450423783649,-1.200461498467233,-0.39468062782721164,0.13174455180682254,-0.29188575977644965
41,4,25,0,-1.250547464166731,-0.39884703071215455,-0.7959748925894754,-0.3342209257476685,-0.28494008852318153,-0.6704101957826056,-0.8187887373706761,-0.04733517970009782,0.2670128999603154,-0.7505026402252035,-0.7593389677875906,0.05117404102722478,-0.5860908041411589,-0.6326664921912564,-0.3909830882274211,-1.0530442106804745
40,2,29,0,0.6972098917989333,-0.19169734234036007,-2.0409467856284103,-1.40320990070738,0.6006314952394539,-1.3236688643395524,0.6667576226544778,0.6335313565754479,1.1617763415475642,-1.8933976334166571,-2.031327383319886,0.6258448181531646,-0.5522876662559082,0.03722881709306155,-0.018820145222053802,0.642856259481952
42,2,27,0,1.656089478109057,0.13033221617006774,0.23532204291202063,0.3110747402606762,0.20444025148416078,-0.22649273595746955,-0.40628314193959625,0.49162348539400824,2.099929251415599,1.4005956263985908,1.1215400808702345,1.9605646440404092,0.06974484099813177,-0.9352299501383214,1.1147849088287687,0.9000440370599608
45,1,24,0,0.7370244566679185,0.4680128878273466,-0.11687286787814699,0.38741158723712144,-0.42950487967590234,-0.9436708723226888,-1.2022268330858532,0.5857026101497862,1.5838128482132028,-0.4133270452477458,-0.5368240488142444,1.4717161305266595,-0.6156914190614453,-0.17474774329804305,0.5738835271246748,0.031022416794993447
47,5,32,0,-0.9877863973974295,-1.3930127657817843,-0.2870831805880716,-0.05507635262617877,-0.48096411958931856,-0.5600983196161762,-2.066884783634631,-0.3323832617878564,1.0250199449728514,0.45360672868851637,0.2780642850839756,1.0819759587668987,-1.7295981999154608,-0.486670230188014,-0.9117608550792768,-0.7750005018120667
46,3,29,0,0.9920138515831765,-0.7812748227010751,-0.13918072160766393,-0.03251707331123344,0.5334426942363889,-0.5368327743799437,0.20389707778715582,0.08987593135195748,1.2419653512589583,-0.15396100600765283,-0.3980878906964067,1.3857223443563962,-1.1468101229390661,-0.11311400472052131,-0.3885491842178701,0.5840956662214887
51,7,33,0,-3.4455688771151536,-2.9672509425433016,-1.339874601205473,-1.2269562243305085,-0.615091770838712,-1.345657792858451,-2.079903581966965,-0.5936233657684404,-0.18875190653482754,-1.6081012353100335,-1.4657268324726107,-0.0015264829886052489,-3.1338706430686822,-0.6142748523406146,-3.53193995304185,-1.0190444121376487
49,2,30,0,0.7141746357040093,-1.4731352602975978,-0.8753105485175912,-0.8123833564220372,0.5938412857513936,-3.080285430384887,-1.675764364483948,-0.13719328861253288,1.1804512694721199,1.434339006030541,1.3435599110898728,1.7291823692446853,-1.950282109469393,0.19479261710944157,-0.1382668171956517,-0.0866776224425883
48,4,31,0,0.6905594435216571,-1.541745265267239,-0.3549864952411905,-0.3037384525660368,-0.1606030851540078,-1.1843286840349476,-1.4514947012663137,0.7411975712513046,1.5724554106066408,-0.10964561190621858,-0.06746331716335696,1.9200500825492712,-1.016607969951771,-1.028011276335112,-1.1132704007164846,-0.3437843250309313
53,5,28,0,-0.4578795734812813,-1.6586679229112988,-0.9845256914036886,-0.4603805520240912,0.354401329542815,-1.402861674990075,-1.4020487651824505,0.5061279806979773,1.762393927313246,-0.38809995121029894,-0.4563822058553808,1.060649063429974,-1.5463951023571336,0.08294258144257327,-1.3324524843602266,-1.273582843137871
50,2,32,0,-1.0526722465948728,-2.735439511515442,-0.7597603388357568,-0.5260079831852186,-0.3188210875440056,-0.21371816267816168,-3.078065785921546,0.7226341701852386,1.8625452157069038,1.051411673806117,1.0566301595785152,2.5243850983773064,-3.225232553642691,-0.5510606462103497,-1.5885536510070066,-2.6096279258643436
52,4,28,0,-0.8745092856965044,0.08121389237022658,-0.05178793118908942,0.5915882979060032,0.0525324121238276,0.1666707611366487,-0.2959515368429191,0.7850282677441776,1.492220375100863,0.4734266306523338,0.40151282011697376,1.262239899232541,-0.5793158382315959,-0.2528398988844414,0.00816077671686459,-0.0833849659006279
54,5,30,0,-2.263106488242115,-1.622679723313727,0.021546351992356882,0.4599009854877823,-0.9417768899995013,-0.21823435694206683,-1.7756105868534107,-0.45266475306129905,0.37805593889536837,0.9588046960609171,0.860910897337376,0.9052814535411802,-1.9744928321416024,-1.0432716305455283,-1.638519476319743,-1.3711456077650401
55,4,27,0,0.011243572892078113,-0.250638860405779,-0.5816154123377935,-0.2543775993290376,-0.07987310075299801,-1.9202666930207606,-0.6910515295557484,-0.4743790990449135,0.35926908357798304,-0.44061847945974186,-0.4076774345350227,-0.26923629748811617,0.048039967887958585,0.04881654416973328,0.1121728478458359,-0.4617645940174941
60,11,24,0,-3.4583741740486866,-1.2957283974854672,0.20852518160578404,0.794864203037809,-1.3729448689515757,0.0982383783722689,-2.6538675870627673,-0.5650413727582064,0.21391210377247338,0.36996190921701855,0.3464835350488056,-0.20916579366000487,-2.528894597433529,-0.5932264654297817,-2.2416961965917777,-0.6643332560479901
58,8,32,0,0.4477320695288345,-0.7752310204456334,-0.23251797730072,-0.19878779378216527,-0.138012587184506,0.20428288987440624,-1.2426666207140267,0.1718074159998384,0.992890025492204,-0.5364861908641392,-0.6643609130394332,0.8033744475295936,-0.7695784967909336,-0.3315341006519901,0.2753926098015737,0.11032928518938608
56,4,24,0,-1.4866972708048367,-1.4589248117190827,-0.349412219607518,-0.08245296407317658,0.23625447897125848,-0.28032459470017557,-1.3294663761678782,-0.07676652760702218,0.9969288713689455,0.4840938924208116,0.6207729821316348,1.4472127219504252,-1.5931225361225327,0.23964336025044639,-1.3697864082933942,-0.2292719793197141
57,2,27,0,0.10240696586373055,-1.841152150281311,-1.2758454445147702,-0.5767554233383805,0.11373531145354976,-1.6452437979643442,-0.9314079135541151,1.6783171795460508,2.1638006451343355,1.5301850531190557,1.696832670550195,2.441878942251882,-2.8573415697118714,-0.7578121036281183,-0.6207627140930989,-0.9029682235588076
59,5,35,0,-0.9338887647643057,-0.6778462350251324,-0.7694334183738638,-0.21059275003273586,-0.2466943771141138,-0.2872956651895988,-0.9752556941580561,0.9237597526735328,1.2766850420702252,1.3247883109527292,1.2830016314563606,1.87258616852876,-1.1002294450240655,-0.20359380779635547,-0.4023630619843161,-1.2933596817873494
61,4,27,0,0.878504330551853,-0.30149346489517725,-0.448200671938201,-0.161579343055157,0.9536830366738016,0.3617359793966006,0.34488665210566083,1.054478957049092,1.9065480737381941,-0.033870189791767924,-0.07389927759024228,1.6508057354916108,-0.4467820360918864,0.36677210364356755,0.477477752656146,0.5984298149665341
64,4,27,0,-0.33761987816678296,-0.5182607246987825,-1.2635883356397315,-1.128388703870969,0.5345277651365667,-1.6103602981586347,-0.4722300041838148,1.091271426617637,2.314237185709196,0.0015047226147508752,0.20958663435312275,2.2831154742541893,-0.7616747606177964,0.6679179554382026,-0.8531118936564496,0.3568043334289003
62,4,27,0,-2.010905083471714,-0.519419488050552,0.11332934495468816,0.3895988778824151,-0.4029685048682224,0.20112868474930057,-0.7975542396944642,-0.8949184136125199,0.3606582470293507,0.42423027802786173,0.4648860179119998,0.025734492804727616,-0.9422789740201812,-0.3260395161301148,-0.8538477020114335,-1.025997353902213
65,3,28,0,-1.9339172202892554,0.12013997404292809,-0.4767625590463638,0.8341839067155745,0.5668467103030881,0.3742308733426256,-1.7442263911555775,0.2086681973663218,1.3494132853720142,1.3776842662300428,1.5941454374843245,0.8816613703288123,-1.2247546669019695,0.3761102214736783,0.6087362738506481,-0.9153455575469911
63,3,18,0,-1.0204074640035774,-0.7034244434419312,-0.175073562549108,-0.001782708920416672,0.3972624378361118,-0.39546164216045554,-0.9713985848105695,-0.6328224855275089,-0.012206508980463937,0.5563765215126848,0.2115757817588544,1.0105847992007009,-0.9415186700657358,0.23354877775368693,-0.897028238410222,0.026856237662093007
66,2,23,0,-3.495716448492969,-3.714730345396596,-0.16387274056407897,0.7022566762439097,0.4400250424635855,0.16275124725515244,-2.7904437600210574,-0.7962297006670909,0.0777817637054703,-0.5734062979847474,-0.5379066544087721,0.9818317740675333,-3.961552053076214,-0.3970667011155002,-3.451362451827788,-2.403005835398783
67,7,27,0,-1.9046125032002088,-0.9897358103898064,-0.22225720104207713,0.28130511175917267,0.19052178091908656,-0.6084000297579539,-1.4141308495234153,-0.010209292395464864,0.31421885203171485,-0.6426480377132409,-0.8131489927632258,1.401526374975262,-0.6784646770939805,0.285518244149223,-0.5456146813121759,0.10433277342163179
71,4,24,0,-2.9359299857637335,-1.39682892613844,-1.4756812676415647,-2.21199338998947,0.6883783026021019,-1.4411871175283206,-2.234309317845275,-0.19334563115098735,2.138773996771236,1.9200029137927181,1.626300944906244,3.0321220542120164,-3.770246263871699,-1.1172388662749684,-2.03744047875436,0.020422073402538723
69,6,28,0,0.2825870748000847,-0.18280377018088512,-0.5935702474396454,-0.5635744496309777,0.07181381651831625,-0.31684597055378294,-0.19375345468140548,0.836762877820032,1.1021744336497887,-0.03835112421386233,-0.0699131411424947,2.0412726111611113,-0.09533333961901122,-0.23988088955574996,0.19789652590288856,0.6523369382149158
68,2,16,0,-2.3671547374757953,-2.803549141309121,-0.36899283012496653,-0.08733508218989929,0.1945032628958151,-0.29837881208041406,-3.4230330618605223,0.43696919473099083,1.0186351124840023,0.8975333313557634,0.570204200599258,1.083408996488243,-4.167440823821167,-1.2930304272157922,-2.5557662641963104,-1.8634873765834676
70,1,31,0,0.26128832121471035,-0.40279230628924356,-0.6690811133973638,-0.33912761402930836,0.23213317031150463,-0.17275456214467777,-0.08436333593672529,0.735509631710066,1.053190142600843,0.10326952692420299,0.2634600305474062,0.9915869160142758,-1.1165825496730537,-0.04088323127735937,-0.013717706330917184,0.08278719013989946
73,4,27,0,-0.32188935554371945,1.1167623781017726,0.3801931561775449,1.2204448380855237,-0.3632079872111863,0.7387232943772997,-0.0941058199860807,0.07335721489579239,0.8934849165720449,-0.9822519827410017,-1.070832262382714,0.3490721422372429,0.8660865020335611,0.0756971611867125,1.069853488786808,0.19191153795214824
72,3,25,0,-1.0949893858157784,1.4885649518248503,-0.02264844909326058,0.823424308841694,0.30814785143090273,0.6033586348701174,0.43689658800717357,1.1557225504983295,1.8733626207180514,-1.4533009459662118,-1.5685199941887011,1.432138114114939,2.0489464290899595,0.9558323895792812,1.9605720142885616,0.39004017664552365
76,6,33,0,0.3714824316695964,-0.5026979505587841,-0.8500041037413073,-0.4496219744278401,0.3474398818928896,-0.8285896190527149,-0.8106439124097422,0.7456971678526392,1.6844873911224765,0.22306323391123506,0.18225796378270243,2.8673410156011476,-0.8356440975905545,0.30362465200945005,-0.09272159279251907,-1.1228555567081626
75,6,27,0,2.1382785184669553,0.8728925750797689,-0.7338549452112915,-0.7156963020707373,0.5145113701005594,-1.7607682500646362,-0.7997880134823561,-0.1479928521989784,1.064619335162602,1.074716623867002,0.8433246295445809,1.8572730669851278,-0.6427909153281071,-0.18209957419345837,1.3204723925464428,0.6413142389819891
74,2,29,0,2.2701443295394377,1.9082860836081563,0.08722302480228983,0.1318369946170034,0.2620818688771307,0.014628852651171087,0.7296820544304099,1.0791021449394123,2.697292833935509,-0.5427867894558398,-0.5227495316966602,1.6019086638635178,2.237527539458411,-0.35636399366947447,2.5388671576985837,0.5248305810108568
77,2,28,0,2.193754034679852,2.291601348057041,-0.2594020348251096,0.061682763457457906,0.19755177013371714,1.244782422928644,1.6394897198762681,1.627165990348721,2.1739744246689225,1.0905557640470809,0.8505948206988467,2.732658764327713,2.6184494197387704,0.8178089937435871,2.4925973188982145,0.6323107457444893
78,8,29,0,2.857746096846566,2.29927560959295,-0.08407347394835796,0.2545092610356709,0.7201055509581967,0.5810943651307401,1.4126863075534697,2.055691947890944,3.5329442883623807,0.2889203187644025,0.7354113003791825,2.1853545252403253,2.2645533817660484,0.6951423488279017,3.0472138301833454,1.4619957066336282
80,5,27,0,-3.104721877190035,-2.1291121782500335,-0.7622072410025895,-0.3852888078348149,-0.38365880831343974,-0.4842364792399074,-2.316324183576569,-1.4271835733947045,-1.3048873704859538,0.21428329047960215,0.5934082440401731,-1.1557977801442298,-2.216306637432131,-0.4172609778688369,-2.268066476463924,-0.8531948086204078
81,4,25,0,0.8086409262694314,-0.663269849120173,0.6554067229375313,0.3880296501927518,-0.522762991422302,1.1093860867731653,-1.1010713250161945,0.6490084441101196,2.1111021151800937,0.22792920283425655,0.47128562271824315,1.290802360060285,-1.0293332470580117,-1.234247383140716,0.5346181614201068,-0.9201761285509195
79,6,26,0,0.6256292579317684,1.605897409639815,0.032540786805485666,0.2547287778549816,0.42805349856215424,0.5407122045620776,1.1775746023913989,0.7856214059667135,1.656716853492246,1.1308871068340518,1.1028434652191927,1.4949085024317208,1.115680593997996,0.21930289165821415,1.5105987172496145,0.6319700815134273
82,4,29,0,-0.5134295198951646,-1.1274219723421197,-1.243150012828142,-0.62647246844464,-0.7632123296598083,-0.2748525671225446,-1.6976455135068536,-1.101592758317893,0.1404887114916793,0.30095406283906145,0.36194545812657575,-0.679145971992563,-1.678050910958229,0.07238057600344258,-0.31486361019119385,-1.2797331379174615
84,7,33,0,-3.5735954381870645,-2.024538487438421,-0.6069040324269235,-0.0527870177546732,-0.7289080027521931,-0.9816042697894849,-2.8249511823463855,-0.39805971517077055,-0.19027443782905262,0.25122344757279036,0.19788655624509577,0.2169152644006509,-1.770498824960906,-0.4656780240724865,-2.342107614689884,-1.4189584728961753
83,2,25,0,-0.9553480275551278,0.5588434190035132,-0.5044927864894468,0.5171725660859098,-0.29364022467589995,-0.5332838918679448,-1.1414661548128935,0.3304020944940662,1.0552002528068067,1.0481520242593843,0.8476523111121668,1.9250821587523719,0.08992991430217012,-0.20769819010401228,0.9110058689107641,-0.42486862946502574
86,3,23,0,-1.8659009892096412,0.5881378088118625,-0.573065124097643,-0.23132646729036066,-0.3718730392833322,0.646333608738769,-1.2156437526504709,1.0168053483423867,1.8000529438940127,-0.6101039009716951,-0.6376380860083746,1.7008635988649292,0.2424657023145899,-0.522003095009641,1.6735856544374743,-1.9237907199075455
85,1,24,0,-0.47985660036969957,-0.409271386941656,0.02578850910590269,0.6384626950508437,0.37691416537728284,0.16908630644214107,-0.7468663655800922,-0.21862266982434697,0.4138275185044753,-0.7843351859381018,-0.8217553934309088,0.2781128186542299,-0.27800728186025603,0.6359946892694006,-0.2644190103681582,-0.1901569535442933
87,2,25,0,-1.090145366010769,-1.1825123468963312,-0.0856718646150183,0.0768203968222026,-0.3345856943889386,0.15487017199708486,-1.4076667787402775,-0.3105517835419702,0.511743595621005,-0.6878524230440202,-0.7365070103615117,0.4497968001768351,-2.2376353988375657,0.39251635765881476,-0.7396352417416052,-0.45699391339622464
88,3,34,0,0.3348350384830381,1.087033683766042,-0.4494186419709525,-0.5559079888831568,-0.7188520133906522,0.4818897306362686,0.06135775230814655,0.8953219764804929,1.29540914865371,-1.1138944439385452,-1.154473711611924,2.092778415844883,1.257540386403998,-0.7200460873458514,1.6723199775987574,0.28780744978932815
89,2,28,0,-0.22300878274559466,0.40685860190427636,0.1817218986625555,0.5193118620846744,-0.32802355781139453,0.35700685908168595,0.2688708619841309,-0.01837801002203321,1.22970966326369,0.27280542337796376,0.4930634987123703,0.6232744614213521,0.31603174530907546,-0.013213386542736355,0.5873915507659431,-0.332660686962732
91,6,30,0,-1.6626575316877323,-1.2491551359097546,-0.5444072825846247,-0.23814310676543332,-0.020393731688804373,-0.5227911056766272,-1.6133841922644514,0.11795063448217125,0.04296613658634918,0.28445021304642903,0.21557090859934025,0.7159234642471102,-1.6396051255325395,-0.07119744221072026,-1.3889869734898261,-1.1961165877350073
90,1,27,0,-0.25321461201368933,-0.24518119868128618,-0.067600449492643655,-0.08781008754538855,-0.017243995185059653,-0.5320004567713976,0.14426736205339008,0.66812618895679865,0.9621111808417275,0.5431132772657699,0.7147226020404882,0.35701486294289797,-1.1180141930575966,0.13249047178719206,-0.45321308229057977,-0.2642656784709534
92,2,27,0,-1.4429740689951522,-0.9668179808477548,-0.7127799540571162,0.069814784635189725,-0.24122406045964415,-0.06048745546533407,-1.4579141481927955,0.17914799073753152,1.1496614419817588,-0.2023440427957106,-0.13067074517957478,1.5501892788979252,-2.0377873999913243,-0.3085300212049931,-1.2338310260678365,-0.9454531236497575
93,3,31,0,-0.2624599700522783,-1.4683069191347657,-0.45706726981729595,-0.4240794793184959,0.795038447411015,-0.07618526327174369,-0.2222220329474922,0.29200314202159117,1.3703391528508817,0.37511130705816154,0.4287629223327585,0.26482875616580603,-1.7948034776699964,-0.406152570101441,-1.2085225345241664,-0.9136080172406705
94,3,31,0,0.45115038456760725,-0.38405908891409624,-0.15113080488246933,0.40927379965283023,0.5767504791228043,-0.26150270660430497,-0.4782661653014779,0.6447495019259382,0.9079933396253512,2.2571292171989326,2.2130434214837775,1.5984914267179713,-0.6059092227205004,1.1988039331942324,0.4342616546635818,0.7525464700522226
95,2,22,0,-1.157302729987003,0.415366505719569,-0.23150529704731415,1.1447414788602621,-0.14883402834854173,-2.1708921989130685,-1.890968935661891,-0.04567967028969644,1.421464083974592,-1.3496666243325475,-1.3656902377853157,0.888754726854839,1.337790540910159,-0.03118118689155596,1.0271103228089384,-1.016100952049327
96,1,29,0,-4.114145705822118,-2.9244364098993207,-0.6133043940108021,-0.4257896114693704,-0.33211912220656314,-0.24339391236377228,-2.974764146202168,-1.246946410572499,-0.10169396223224147,-0.025343606501399663,0.1622452261672973,0.6051976562930537,-3.8071907206354183,-0.26327159379331705,-3.3331571036411884,-1.4368383529256452
97,2,27,0,-1.069149317039014,-1.0931085262349152,-0.5448650353333591,0.02570376292643596,0.38581350642966533,0.6562784526769923,-1.6063745391812914,1.4829187066711764,2.5272196200485952,0.37476909691629867,0.5344319013469283,2.3747583454020953,-1.9838947450732074,-2.257244331915708,1.0387920202426326,-1.8207466811889892
99,1,27,0,3.034110799626598,0.4864872343541826,0.09994860754648016,0.11379581864693544,0.033940037126143546,0.29473673128117994,-0.8938513075271803,0.4488260515329845,2.904319094891539,1.3268343568064687,1.1589185895806393,3.423577549406663,0.9639136414250434,-0.6888644094886569,1.824865468007459,-0.3246917846742302
98,1,23,0,-0.8427140309588701,0.13078832385272232,-0.19112890911181335,0.009957202146085257,-0.31456088963664736,-0.7126533724731994,-0.5483689611707021,0.6703280213677418,1.3597844248936015,-0.2859816133204718,-0.296595872148838,1.6516258674936601,-0.08030784023044582,-0.5798286800559885,-0.056315892791788,-0.8082622422132963
100,4,27,0,0.8837265456072867,1.3254091910957824,-0.8678063386641011,1.3180438698538441,0.2392860154012003,1.8774306183921246,0.5820295567290161,1.6083143392946235,2.4507900346810843,0.03310914390339548,-0.18795878229284657,2.512478723612797,0.7079410705398697,0.5398546251332152,1.8886421208947426,0.5052785561769447
