runid,ninf,ninf_cem,true_ATT,diff,bal1,bal2,or_lm,or_bart,ps_lm,ps_bart,csm_scm,cem_avg,onenn,tmle1,aipw1
1,6,0,0,-0.16050281227177088,0.5772910412929129,-0.10400603792318464,0.6438813969072925,-3.517058625698732,-1.0302375796427938,-3.7371665801753853,0.7368307702593997,1.131854445246974,2.6181666055593587,0.43311283630122943,0.27330965678773794
2,3,0,0,0.3432695901420493,-0.8808061461343257,-0.48258300291416667,0.44021429369851345,-3.4983644972654138,0.2799139375513171,-4.226234497182007,-0.5644123769318998,-0.8889017211416288,0.4265801327989349,-2.0296681027921246,-0.2845563184554885
3,5,0,0,0.954585315048762,0.528005370517822,-0.6948303921393784,-0.4199930003799841,-0.15268469050658437,-0.15369550442255697,-0.32614308094091893,0.8310594692059894,-0.33596903515421683,2.250083905445738,0.5683538091781103,0.9413270757346243
4,0,0,0,-1.1336382242222225,0.06740977989155272,-0.14141680461847894,-0.016545741486496013,-3.1600245389004513,-0.3590936062016228,-2.5059530480029597,0.8688996264326132,0.3680088828410266,2.101640072369025,-0.3842844600746792,0.4282506747257196
5,2,0,0,2.573804348698326,1.7489098202760909,0.2841697258896687,0.35599704574790625,-0.5960163224203223,0.07516470991201096,-0.27502544898352,1.417112507808291,0.06529570536312823,2.456520259497543,2.132740903963914,2.8353024578134987
6,3,0,0,-0.6459248990658404,0.08447213094239547,0.03473191611658599,0.3119554702825309,-0.5458892855916151,0.21451584135356505,-1.0035735411848172,0.7566078803076612,0.4547350455997652,1.5417410112408954,0.1488337751292723,0.2397145866684487
7,5,0,0,3.0551738924784937,0.36534036630822087,-0.7174308854816971,-0.3264215903556104,0.3310488060615087,-0.9093522925278243,-0.058553077133279174,0.2195440193229068,0.8842252913300293,0.8814150598045778,0.1745805397460414,0.7700572937935549
8,4,0,0,-0.7891712892880012,-0.5464028571835042,-0.39622396768496504,0.14634777607333568,-3.0042732055885826,-0.27052895870100446,-2.7601578848004635,0.49649856937769243,0.4136150601298496,1.0388894624210376,-0.44820644067756765,-0.2882614092458023
9,3,0,0,0.4385847456353851,-2.011995440849125,-0.10840374042052225,-0.07265891434445501,-1.9179785642540117,-0.17012513319985523,-3.0888838112479284,1.8326874851675283,1.4344791166937862,2.818413040015365,-2.6487969473019417,-0.7230907991737606
10,2,0,0,3.0268299374181806,2.595464790038358,-0.34261304885026433,-0.18669951403172766,-0.5251952639182748,-0.3314043973302674,-0.6398198046499939,1.9549583212407544,1.3632514228718637,2.251009543968266,1.3591997820440829,3.244506969581465
11,4,0,0,0.36838083864723004,1.088180392728721,0.0024776072724153053,0.1758923448647292,-0.4162271486113575,-0.9379157081757619,-0.24264662871718556,-0.0865373267209435,-1.9480566978140228,0.30826368896671763,0.9829648455951088,1.1579326272008
12,6,0,0,0.9519765550280122,-1.200707296212891,-0.16422773785119027,0.07551686831705987,-6.220168203885744,0.43329538458908967,-8.636032479695267,0.18533117068577276,0.1251273560260926,0.7815102665469604,-2.585111889337187,-0.6555238146038324
13,2,0,0,-2.1973262836834175,-2.477775711021705,-1.210835628570826,-0.5486585849368427,-4.533799937724569,0.13240080254345088,-3.1199617851019275,-1.3205079009348584,0.24394143232061705,-0.7895413886435634,-3.615060550824501,-2.1902606039981443
14,5,0,0,-0.33136155070279827,0.09220103190800888,-0.4285628653274234,-0.2968822265546876,-1.8885181409591916,-0.9679832157282622,-2.182056673192905,-0.4084667384048437,-0.5193300400129104,0.44361804965823115,-0.21197036484318982,-0.01317248116026686
15,4,0,0,-1.7670567034346298,-0.9375715640827025,-0.8907494880309219,-0.4540707731080244,-4.552655140328912,-1.1024714330502388,-4.2041978694452675,1.6722259351130986,-0.2775561069249439,2.107652263155721,-1.6244765529998368,-1.3462233747006445
16,5,0,0,0.6455377811769889,-0.21229837790077788,-1.0384455911086974,-0.5953338084087322,-0.8051309502800504,-0.21677737985292822,-0.7822625552687992,1.7557507915426669,-0.42932577155573837,3.255548154138183,-0.6014933290504703,0.3749764926346816
17,2,0,0,1.014233499994016,1.17717662753288,0.42383555778264626,0.8651736005416597,-0.8196233874639339,0.4719470646651285,-0.8590427968926617,0.9815202290338014,-0.4348069287879266,2.1872764637696305,1.3115728744551682,1.2184015816804754
18,3,0,0,1.8898692865701499,1.1549579608616831,-0.8913908392256111,-0.8728939628330489,-0.8730359434229288,-0.9878459138025786,-0.9231699339528827,-0.4867248345867612,0.043193029549885686,0.8178732011056677,0.7752241516770834,1.5851102287098562
19,1,0,0,2.2070148140519192,1.9677964393776266,0.23974534515055534,0.5229443943783331,-0.42668221400620854,0.9854838483310919,-0.48590385385039525,2.1849474574203853,2.301471589572922,3.427223119147728,1.9345905810091268,2.485844544513313
20,4,0,0,-1.3399538327633467,-1.1622187736023175,-0.8185982229116169,-0.4051630970561987,-3.9666665118252693,-0.8503167215660632,-4.637378358158497,1.2369816893588244,0.9799685087254866,1.529016929825159,-2.034727159963432,-1.370668184116653
21,2,0,0,1.48824275090481,0.9832962832900618,0.27014399803391864,0.5687579452974525,0.0014477268882727562,1.6471037137741753,0.5851842426439591,0.8081017047081627,1.3227080303553294,1.2780088399603713,0.8744414832284977,1.1577823651794539
22,3,0,0,1.6792719800404887,-0.6365031874899145,-0.8204641974688318,-0.8941126142174236,-3.108200695764474,-1.7816956628704297,-1.9099636796821091,0.8004105401080146,3.180856018470373,2.632722887432152,0.5088197770110653,1.2083557657891857
23,5,0,0,1.1842885603892412,0.8418916171456274,-0.3429874521532845,-0.026899311755267358,-1.300221041222693,0.47258109146781546,-1.6891656348238513,1.0876903321814098,-0.32429571865076756,2.1090699111897937,0.44820894905314146,0.8960965565763382
24,3,0,0,-4.2527017879514855,-1.6148435086207034,-0.32836773739003533,0.7969325886694644,-3.211057474426833,-0.4350742255722606,-3.67713240780044,-1.466053301536518,0.6918087119082226,-0.0625131010918274,-2.017298515681644,-1.7677697314872338
25,3,0,0,0.4518374340344762,-0.7674682701483766,-1.2161048837169863,-1.1633797450982781,-1.0510536567902995,-0.7239348210174494,-1.2169282102065004,-0.007513502367140212,0.31063329845329646,1.8493085086436993,-1.2381801373976644,-0.3212636431344506
26,4,0,0,-1.502888503060265,-1.9870798286575102,-0.7608929833686267,-0.7347101728821401,-1.2181295684847269,-0.5170172193064335,-1.4140910973237713,0.4108599435046081,-0.041925387972422845,0.4292971416367495,-2.620856211698924,-1.9623135975499229
27,6,0,0,1.6239214466329743,0.46408166142064555,-0.5752715222963474,-0.5075426591582496,0.10374072233033636,-0.13225957180941883,0.2647495751530178,0.9457838213721628,0.5872778625518245,1.0921919053418083,0.4901341637852953,0.90137417706332
28,1,0,0,0.7429193005518941,0.5822849919381099,-0.12864394808595314,0.19366293120201802,-1.5290618933277509,-0.0842125841013388,-1.4526373516140474,0.5837261922696717,0.07192522639909615,0.8057132406681813,0.46089879984354415,0.9844248953347889
29,2,0,0,-0.8524320371195522,-1.0596887904799157,-1.2816568638220556,-0.4806385580739182,-0.6944903389614925,-2.0152786178200133,-1.2163407868982539,1.9131219489974285,-0.16092467435623692,2.197300168318556,-1.062702346259641,-1.4190082246775255
30,2,0,0,0.6034829646463011,0.12316536059609628,-0.7929621751019038,-0.7398693322107591,-0.6832411048594782,-0.5647736820224951,0.24635039441090623,0.6790522583347185,0.36020182276261936,1.1127579977195499,0.909867390110526,0.31759524840035497
31,0,0,0,-3.012903658148822,-0.005606407568622629,-0.6351180240711667,0.9592156010341164,-5.174967747753949,-0.03145904463426241,-5.358280193625637,-0.47292661600473807,0.060480269099500106,0.4822309462234582,-0.36689010439675823,0.7150852683961411
32,7,0,0,0.4681241401104206,-0.4154771267297894,-0.4016875058495568,-0.14454304697080067,-0.8201429943195688,-1.2103021987167821,-1.0822794109008447,0.04740912263504793,0.7063427587329258,0.7754450611052643,-0.3267787315295449,-0.16050069991676122
33,2,0,0,0.8416863483648536,-1.3738256025351303,-0.4317993485879512,-0.42152425735092963,-1.5321242756613704,-0.31851203449959176,-1.8650779848992647,1.7933069740877334,1.226378957132374,3.3583245219936986,-2.0342465881092604,0.09981090905447018
34,7,0,0,3.513603666994494,2.5567719657123105,0.059034979539831056,-0.06158653507100323,0.5875953691039351,0.17582890077735236,0.3208772150772443,1.8140983462934397,0.29185188421078223,2.978473210513414,2.7782280896417753,3.3340458673180504
35,1,0,0,-2.705417440418805,0.03190093220025236,0.523995005904629,2.45696775149807,-3.7735712202638605,0.2641698607608731,-6.066057837777021,-0.7811077177804489,1.2566237463734673,1.0058331001283074,-0.4475367373720323,-0.792692457302039
36,3,0,0,-0.5599661074326896,-0.4687861532868878,0.2199418856381854,0.3755882876292371,-3.056869941140066,0.5943025105210298,-3.2474947944434795,0.6498818686232593,0.27540934927549987,1.0347188012459574,-1.072216805310447,-0.4707083645673588
37,2,0,0,0.9834023043221372,0.7675849978831515,-0.19724508440537658,0.24322026178189643,-0.6302589372868387,0.06868534140690308,-1.0917757957793253,1.5168870482238574,0.144397456002892,2.1726681630310605,0.539050193602928,0.9329861182999997
38,4,0,0,-1.6736609732145427,-1.5242629210252696,-0.3005455841137312,-0.027168578821724607,-1.9457124105345858,-0.21213066851430185,-1.8899583598863705,-0.6990528353341263,-0.4604399229466072,0.4857732135511732,-1.6108912969889528,-1.484621436663235
39,5,0,0,-1.509353900676448,-0.6765266708453277,-0.15704715964897797,0.19538569689277316,-2.293623883306274,-0.3191695252180926,-2.299503677164113,0.5197027962430276,0.7748502583498666,1.3902240866405657,-0.9962188215237279,-1.100604188752933
40,1,0,0,-1.7236619649882705,-1.1821248388848753,-0.4590809643847873,0.41085169162038365,-2.5405564900507818,-0.2528471944273418,-4.511420321468612,-1.378895727489625,0.3398166075639306,0.31794630935260315,-2.940895925638469,-1.537381482338442
41,0,0,0,1.1980318472255655,-0.37369905636251044,-0.39369644280596994,-0.1794477500516407,-0.29743227298382435,-1.3322401636182324,-0.4785887548013834,-0.6278411537989212,0.108788531590303,0.47741808163625343,-0.46494608956927497,-0.0036594910005659114
42,4,0,0,-1.7735000540185668,-0.8389389349508258,-0.8363932464354562,-0.6930692432522149,-2.127149642995036,-1.0417523835269504,-2.2715185758747483,0.3646377828839942,-0.5308123209094642,0.7235216729440772,-1.55854256594524,-0.9068835964660391
43,5,0,0,-0.6144295534213153,-0.6313353844994287,-0.5510469053002636,-0.5613212513048664,-4.256297699367322,-0.4950074472430872,-3.3508477771002587,-0.2871542243311245,0.7652356124347413,1.4029255741651196,-1.2336426975114947,-0.23622628337908708
44,6,0,0,-0.8898267940712019,-0.28531219549946485,0.020350491204499832,0.15956718864179256,-5.247276560382303,-0.015669306942856842,-5.7712878466403685,0.6398328743478299,0.06403229761353746,1.129718324452961,-1.1971002002894149,-0.17776777586168416
45,2,0,0,-2.0367107782560163,-1.1078590748458188,-0.4013294125300897,-2.257549388261874e-4,-1.997809682228765,-0.047944436844781,-2.124470289061871,-0.5667454765356981,0.336579356376399,0.7576118274004946,-1.4106895025188126,-1.1431744566889817
46,1,0,0,-4.176994016006277,-3.4678408636902898,-0.4134756378476938,0.72512329355812,-3.515308524709229,-0.6680174583724341,-4.866743310255441,0.5674996964055987,0.3208203740410447,0.7166960542023277,-3.9247581356919965,-3.806883748637112
47,6,0,0,-1.7022880893721286,-1.4821249567748485,-0.4479230272685877,-0.1774936584462961,-3.670620554845839,-1.3202764949760768,-2.826364499195722,0.05169653288613585,0.2292374374550703,0.8948851190347069,-2.0444310249043594,-1.6695722756296294
48,5,0,0,-0.6781560941359679,0.07949484030296183,-1.3233206215835684,-0.9457084703534367,-1.492376907164407,-2.069468613612033,-1.3642441071356064,-0.11325650448717983,-0.6113275382255998,1.4697503244946368,-0.16500004451886666,0.062004127017141364
49,1,0,0,0.10467575736727319,1.2880224661452981,-0.528423128660247,0.386115376160773,-10.257795368750418,-0.13841384701047055,-8.117313978330943,0.554431396774536,-0.3065719927762407,1.9141612276339561,-0.08503984358735693,2.206827756715288
50,4,0,0,-3.601164026235059,-2.9138569110742094,-0.9327144882306788,-0.4381906620155317,-2.493803794612975,-0.6983116676983827,-3.0365396522055588,-0.894173897906176,-0.5651525815464253,0.1712009253654383,-2.961080450393211,-2.9392557986763994
51,4,0,0,3.2568515243092637,1.7756804292141508,1.1162031848465919,1.281932855321665,-0.1019047781675142,3.2507382587869325,0.9269550100591104,0.3940441259994554,0.2338875363342825,0.8041449345039151,1.3913438667322773,2.0147028429473224
52,1,0,0,1.0419930392198236,0.6877041126049868,-0.7994775092860582,-0.4616270299192219,-0.8701049904175068,-0.5541399901266288,-0.7812994191617335,0.34007332010820956,2.4204190706290163,1.1965658079765493,1.2286305821721237,1.4045802113605859
53,1,0,0,-1.1309557278157856,0.18918045321363852,-0.06360555614378782,0.5013088886779132,-3.217459286805918,-0.7132721532293997,-3.2980430254908537,0.2710012975276088,0.7381588358868427,1.387220057750758,0.4379915037614307,-0.048819007640007815
54,5,0,0,-0.5656361564721086,-0.7601233661392843,0.12815444023914413,0.4810535995994647,-4.102287181665013,0.3561271857697941,-4.290082693517288,1.0970044554049831,-1.2652979846953167,0.9222257817037605,-1.2331746467079185,0.24080514386441398
55,3,0,0,-0.4067657550979433,-1.1065671259566585,-0.20011808007112641,-0.1476107170123998,-1.347711548775413,-0.44231745274375545,-1.5288182091034166,0.7928722652230835,0.31812814551827717,0.7093225481678038,-1.5964304732713246,-1.1432682039470363
56,5,0,0,-0.8617540567860376,-0.4030290922206401,0.04325204211649947,1.3700367608759982,-8.210563004910162,0.42749149757237603,-6.470484202061068,0.23265354981780018,-1.1222354053032664,1.3997044081850074,-1.7062233595406033,-0.19420929073432794
57,3,0,0,0.07657930654386913,-0.32195801097335863,0.1710097111220632,0.15211569524546442,0.46415042401577644,0.22566885951079652,-0.15953973223865958,0.28780754880391335,-0.7173797846358667,1.3363905050536458,-0.1610035842173393,-0.34092086061317833
58,2,0,0,-2.502936845695335,-0.1378112313090476,-0.2674785337209755,0.042898799482939697,-6.137969797718399,-0.210904617883525,-3.7058458022630623,1.0560874184112037,-0.002406994503444171,1.5671278168614071,0.22949422107668097,0.13863140588999187
59,2,0,0,-1.7010911527589778,-0.09045710689213315,-0.29741798008224674,0.7400154956470486,-3.105395232485061,0.2324527262659819,-3.860572932686293,0.4004622964739726,-0.18308929984329847,1.3105394971279107,-1.3503494991061293,0.10277694406140202
60,7,0,0,-0.019611007689663396,0.7385176485181342,-0.42476425879803337,-0.2823355589517477,-1.8621268280353804,-0.007734687015171993,-1.1072440370439436,0.7150979262748605,1.13359914135338,0.4044291064578047,0.5605535668596553,1.2087579312897676
61,1,0,0,-0.36602203206067685,-1.7371132348935898,-0.7528490535563774,-0.1955525217946312,-4.116819376088669,-0.23210350209692354,-4.370922338728388,-1.0702759024069186,0.36606865148066126,0.06305475893992618,-3.2331820217886023,-0.8664825146125982
62,5,0,0,-1.6269356142547133,-0.6152173107377559,-0.47806059329941597,0.9552663159471259,-3.4078190194568476,-0.27134113430548723,-3.6786469167496207,0.2846113402765944,0.5887115761374777,0.6683133525385623,-0.3636877008112224,-0.4465819246674639
63,5,0,0,-1.5629586729060705,-1.4667662012739555,-0.7059144694294064,-0.6647279099965506,-1.4813227735067014,-0.6422859100612124,-2.1804157578475456,0.2665864328842735,0.5821979723335886,0.7681748583840915,-1.718072375018166,-1.4945557677792316
64,0,0,0,-3.7122592961868808,-1.8224351941596995,-0.46202043756896405,-0.016620990895716045,-2.800368011932229,-0.628803388918703,-3.2840483239918665,-0.46147546046108534,-0.6763190323610315,0.7078088430109832,-2.0998987496908823,-1.6327533711408195
65,9,0,0,0.24251036344524124,-1.3668017235014238,-0.3212088709926979,-0.2945051209907509,-1.3407277399460817,0.2260338315334618,-1.5076600424782898,0.7211743333176468,1.337122791188666,3.2132937346562658,-1.54270251639585,-0.9236727783799142
66,2,0,0,0.642438218011149,-0.10176480889566619,-0.581017587277378,-0.024338577660693275,-1.6744082968121423,-0.3276170890327048,-1.7635606024484218,0.8631494339926356,-0.7604318684125957,1.712102295294999,-0.7812030978005811,-0.19456417947604576
67,6,0,0,-0.6139576904509996,0.36743365182149734,-0.3703988480137639,-0.46053731519960767,-0.9319591735194824,0.06708045421293285,-1.2525988748377381,0.22117397906727998,-0.3774569503022027,1.9754314163061135,-0.08943982754965703,0.7176872072563518
68,5,0,0,2.310484738452727,0.706870747025997,-1.1767501412810812,-1.1615459226056442,0.02789549731922079,-0.4106193281089947,0.3215868704326468,0.07861141255272663,1.3494191443295653,0.4221263839900864,0.5023774534414428,1.4898156243362994
69,6,0,0,-2.427784164140532,-1.1594603469248246,-0.7578013589147665,-0.2706462495720893,-2.463576857673876,-0.788439251213211,-3.273675548942124,0.37780944323550925,-0.48519759247409544,0.46426421477043656,-1.5375843778101923,-1.3626322557228725
70,6,0,0,3.6868032305284375,2.2596385937279413,0.34207668172456884,0.32141435274639696,1.1591687892677107,0.23097975196150422,1.104949191828993,0.9924696803729827,0.0054579764771691686,1.5935902181487558,1.6976997158170115,3.3145475318909323
71,2,0,0,-2.094682357031391,-1.0282144762342211,-0.15503045132563464,0.2484192772418091,-5.249965068465809,-0.25278587384562456,-5.375074050287107,-0.7023881398495195,-0.6380308844371108,0.19553822240021201,-1.6169870271463247,-0.656166387415055
72,5,0,0,2.8813603002561106,2.0055028472462446,0.0945464277465895,0.0689413180377847,0.3307175008615336,-0.7884396533871545,0.7897875914942514,2.9567544944903883,1.5690294413953834,3.4501958827751844,1.5284730270868743,2.1495139103828036
73,5,0,0,-1.6450932608843027,-1.5849007382393205,-0.5293018945236811,-0.35245000520293424,-5.421314726315441,-0.46080526879879624,-3.8735956571932872,0.6279737519450395,0.39012393967774317,1.5374458024363262,-1.8049431609371727,-1.5643554371205686
74,5,0,0,1.7353125156334688,0.07232432619596274,-0.8919984170685797,-0.8093015989871233,-1.1727040821758892,-1.636561631059621,-1.5817531798799163,0.7738522842034872,2.028691721752054,1.3138933702117388,-1.5242023576867092,1.2667400144227048
75,3,0,0,-0.1433321937726122,0.02930375477983649,-0.4687359670169595,-0.06029192311224107,-2.5507456878923733,0.02006771322684031,-2.557040501035268,0.23646269393112984,2.1365222777787087,-0.17212197092276238,1.027716275597837,0.5945344117987417
76,4,0,0,-0.12205837017529753,-0.191029637744613,-0.589911060501441,-0.13489388956395837,-2.1572804726785835,-0.5416470183732649,-3.3802510974734385,1.4826651584737451,0.70142870589912,2.934672569711319,0.5720956532319375,0.1729549222413275
77,2,0,0,-0.8077174859869798,1.054740699752247,-0.4754033486484799,0.3580767267818052,-3.065416176647603,-0.49199827797870377,-3.7847615106761667,0.06728023792238869,0.6068247431224068,1.9253100365468638,0.3389331585120123,0.850578258526558
78,1,0,0,0.15189757053889696,-0.22776705961996857,-1.4175110984539119,-1.6104180599371778,-2.3294528719005996,-0.9943019675143594,-1.6836515627616864,0.99098947248822,0.43291328124080497,2.0452411237884744,0.007539319247330582,0.1096396491200634
79,3,0,0,-2.706042005856361,-1.2485946769925436,-0.2667081682854784,0.24337410270574328,-8.326929465681655,-0.04086247345263949,-5.452747615381611,-1.5168852093902245,2.7498006707879954,-1.243186286148747,-1.9438398529227408,-1.9432043992624128
80,6,0,0,-1.2317345751077315,-1.6631472849710045,-0.3419687498923132,-0.23430493497658264,-3.42951196362133,0.12834032462476763,-4.112287741911914,0.04240558886048085,1.099488824802894,1.3408280868032394,-1.9760500203936582,-0.9101861295992634
81,1,0,0,-0.049652286930025546,0.5219175441410773,-0.1414269204564773,0.09740811212575631,-3.0259802665593813,0.7009318913672633,-3.359086555328239,1.6277203022122624,-0.45877686608223556,2.4006949028536297,0.38793971979246517,1.0345450704856127
82,5,0,0,-1.8792697654776314,-0.9926504389847981,-0.7168370363193759,-0.3163828460960869,-0.59048298742539,-0.25463706072324577,-3.789773886359031,-0.929682949152582,-0.5616681708479483,0.11679584981589564,-1.6961976049666263,-0.4738772592431068
83,4,0,0,0.7564282273083922,0.7526089241472542,-0.7179275070020577,-0.4137549001020148,-0.79152852748565,-0.26148028262306244,-0.9477890215939615,0.940651163594886,1.0716569442853192,1.4656237443452271,0.9280250999735294,0.95538117786727506
84,4,0,0,2.6372170740839724,1.354546507152703,0.23109648546099137,0.3410070222469472,-0.616398980903366,0.349260459321707,-0.5626584172440534,2.57681232738247,0.9174641354481263,2.5983023766808824,0.6277714476134822,1.5733188377776517
85,3,0,0,-2.834814029287778,-2.0244941262388676,-0.3120175644188734,0.9146369271512166,-3.240125630666415,-0.36075950191165296,-3.5063004386641956,-1.2570005592540312,-0.9512310053592694,-0.5325513067419987,-2.500275680861956,-2.073451976063061
86,5,0,0,-1.4045601316318868,-0.42276735617742567,3.468386855498551e-5,0.48690328569954916,-3.328263166229902,-0.1506247423369178,-2.9083562214980354,-0.31129506269612417,-0.7110248630608398,0.9878387867087133,-0.6938277844239602,-0.19350364244369433
87,5,0,0,0.18790902772329598,-0.43335326035532695,-0.292403075451686,-0.3401413077623483,-1.029732910964189,-0.12491048787540127,-0.9080967086996923,-0.02211990144745002,0.5405065140137952,0.9748277819678108,-0.5844545029569403,0.1497172830639954
88,2,0,0,-2.644047678878353,-0.7114778773666135,-0.26959963345354065,0.423421506918517,-4.216568396340914,-0.4124016833730817,-4.139870592236533,-0.6567941055054582,-1.1390247499656825,-0.13260293888481378,-0.6171005227004529,-0.3318420264770364
89,4,0,0,-1.851116666075102,-1.1319909135988393,-0.5434387060447943,-0.24241399231972313,-2.680941461303145,0.006847082638688384,-2.476501687136408,-1.1253392298657312,0.04494740465211766,0.04356371993907793,-1.62730028728713,-0.8658554736305255
90,2,0,0,-2.2322908966572896,-1.2451581566172694,-0.2575317755669868,0.1553617365925459,-2.308323835290209,-0.17479491331654984,-2.2033790280077543,-0.04355059987418741,-0.10550224742922865,0.1294596759930151,-1.3648181311652627,-1.4101924471941383
91,2,0,0,-0.14589300175479014,-1.0036663575452645,-1.047668402730479,-0.7828702018929782,-1.4677248148990438,-0.534905082407386,-3.300383622724463,-0.03024468659272639,0.24687262847093194,0.04908433901792986,-1.524063260983698,-0.4459056810295406
92,5,0,0,-1.955634203383374,0.5316138451525427,-0.8354630666272014,0.21879748037372312,-5.305289748614229,-0.056166098485178395,-4.129414537994328,-0.016608250825019155,-2.412345179486806,0.6374508302092439,-0.01048745057434548,1.3032655138089047
93,6,0,0,1.3519257403595057,-0.28722399525918085,-0.9253072757895318,-1.0143675917894484,1.1934709944315642,-1.6713399962125406,1.0431639012110336,0.9145076923906101,-1.0042133941803641,1.651434291131821,-0.5577483794500171,0.05719285130218836
94,4,0,0,-0.41170950367266457,0.28030457200927383,-0.2265385605124477,-0.09409135809310068,-3.700946811577335,0.604088252392553,-2.2168588845047967,0.41433632935062903,-1.3697712730972542,1.4231850997153863,0.05913448599012503,0.34312263794048875
95,2,0,0,-2.029517775796898,-2.7897093190505506,-0.7624790414139291,-0.586189449803971,-1.4563211454266898,-1.044244424985238,-1.9170589621709508,0.27632258261308884,1.0034309775459684,0.825316172042184,-2.7369039065666207,-2.6611049241591234
96,4,0,0,-0.8104053769514739,-0.23164009053664714,0.0984064926359185,0.44035960723503376,-1.4511148667158407,0.9067422272516392,-1.5282562262163601,0.5035321151567844,-0.4114060452854682,0.7194763459375704,-0.4310608783250173,-0.23818324560410287
97,3,0,0,-0.8207138103099991,0.9580929568795993,0.24448506905823209,0.984318749458124,-4.856749076698754,0.12895220727806667,-3.6514641737791456,0.12229988679068438,-0.9457266953935441,0.8129204348224928,0.3260014135308022,0.42307452920001337
98,6,0,0,-1.2783353311074235,-1.0403131334220852,-0.7876157306065901,-0.4662593130963328,-0.7349886767496682,-0.8686683797841424,-1.702464921211262,0.3187493838379325,-0.8988926248530991,0.4352066479856118,-1.2488057534271904,-0.8985596242083462
99,1,0,0,-0.6859976424271732,0.5365365401739384,0.39412743776410686,0.4689162279162702,-1.9923633466082424,0.5641113290821274,-2.0747553323314563,-0.45619413906248063,1.3156383118953303,0.5778473189650182,0.5613264687362488,0.6458596769669462
100,6,0,0,-0.6909047179152639,1.1664696596504411,-0.37780516049759694,-0.3259331948396304,-2.309364842282372,-0.9902719791092833,-2.031647477476489,0.18909629110217807,0.4217255419811021,0.763933054658124,1.4757689611065032,1.4414975699761954
101,2,0,0,0.9542439526082491,1.2958018191744953,0.055523076046751996,0.16123029641136158,-1.423646918507832,0.011575278678697565,-1.3761843214854608,0.564649997520692,0.8089097705929076,0.39051551577591503,1.1755443930352398,1.4811382246141445
102,2,0,0,-2.041397941918718,0.7440616692126971,0.4069647467967563,1.1644861830787858,-4.092257451208595,1.176370490080238,-4.982393625305986,0.29474649648284945,-0.8995232672167512,0.6925856842958309,0.5861779972661216,1.0596365607734421
103,4,0,0,0.6001398196384464,0.7259998529619534,-0.5514651863716251,-0.2656692277990629,-0.5203777657636277,-0.2160679529534173,-1.1884288353278771,0.7285868435849681,2.0217663760841105,1.500265057189151,0.6132516508871111,0.9172033722877306
104,2,0,0,-1.2939505477657045,0.6813501173501839,-0.1485794727864267,0.5014494954358688,-2.6535906088359953,-0.5181192197593676,-2.336372562331274,-0.4371291126640857,0.18867085818228446,0.4955621961146397,0.3610099931944037,0.4735256472437837
105,3,0,0,0.18589208410484748,0.5829074041884352,-0.31181021903489903,0.09576796294056064,-1.5937556066820306,0.11512024025521228,-1.7129727469621363,0.40577364130700566,1.2673423865266624,1.6851709886837511,0.4168202741099268,0.5599997935059412
106,6,0,0,-0.18762863446809153,0.11489531369184558,-0.4268360960054576,0.1625334032736818,-2.3289134269730916,0.565289166676969,-2.4169673937329437,0.45564211668264587,0.10691754724172187,1.0589216636819785,0.07660642764218338,0.31220436333524143
107,4,0,0,-0.05552656217266705,0.20783415425894525,0.0284300844083063,0.06305985195020515,0.26126484214164075,0.3665042517533603,0.12576535153500057,0.27613744216105474,-0.6506195492627116,0.9101079377811114,-0.06782031381041505,0.5569088967258308
108,7,0,0,0.538838959955867,1.6378709717604734,0.47209851965682414,0.7387739405316829,-3.3633823463284918,-0.22549763713371718,-2.270057305565916,1.068534470132736,-0.9001752755754002,2.080554119201641,0.9946805487065934,1.7535710927794874
109,5,0,0,-1.8297197227744872,-1.3374748943903967,-1.6161372333031983,-0.9690742922768022,-2.7053473778040753,-1.4745004057917894,-2.3635049050087105,0.017744074868518034,-0.3814031696684923,1.360930004757546,-1.8709260716678742,-0.8846609727675562
110,4,0,0,-2.614190572341254,-3.2608849598541543,-0.7751576787844447,-0.5004104202177245,-1.0008316425470385,-0.9636082291271508,-2.928972517723178,0.7243713915521761,0.29538895418552613,1.7222840461488147,-3.510005544192557,-2.7679116668011225
111,11,0,0,0.22878465463646513,0.3345041955985577,0.11089609645924092,0.6004611942517107,-1.0127480100367712,0.5202174864986766,-1.0955856637972285,0.46256560658968393,-1.1606736645020947,1.4829721270301146,0.4190856749715256,0.9255502412687445
112,5,0,0,-0.2681393158782184,-0.4029001848345084,-0.6930995715815298,-0.6132081247695159,-2.8322888606439376,-0.7085302873053392,-2.768282980659344,-0.5698312477926963,0.34986143090919075,0.7383021396378053,-0.797576432217848,0.07226528709178776
113,5,0,0,3.2122567116197365,0.8731148191707936,-0.5850775007902431,-0.6025373063625051,-0.8488227348245785,0.39568695796798625,0.002591957557475766,0.9742763555313134,-0.6926213020621965,2.1064149340720606,0.5752915110742461,2.5995583914839497
114,2,0,0,0.838045883686731,0.23681780095416993,-0.4679692080180171,-0.6074914268834419,-0.6511540815450957,-0.5198779901696975,-1.1054961788289637,-0.07327743227574857,0.20935014773552751,0.538402758472615,-0.3707150998809602,0.7576929763511454
115,4,0,0,0.15108158323113674,0.3684173721987518,0.04247536425161158,0.5356417849271502,-1.9616058976657356,-0.4828506217281232,-3.61174864415755,0.927524387070938,2.519691910882978,2.480310897176582,-1.0574585284305262,0.83997959034314
116,3,0,0,1.3580676233010491,-0.5033854021215562,-0.3336345516535735,-0.6120768005066837,1.1885123060125733,-0.3390756329142457,0.9389018235875906,1.395488170246015,1.061174431779701,1.2346152479574695,-0.3376022115403365,0.23988060041032516
117,3,0,0,-3.5345414612976707,-1.6774560242044676,-0.1518419069718977,0.7018544255687074,-4.929525735125676,-0.22539979606773475,-4.601663414211255,-0.8180032640937678,-1.4727792690002697,-0.2993011902701439,-1.8949840615116706,-2.240741928302938
118,2,0,0,0.7936848742352414,0.3057716382079336,-0.035338478941481455,0.4999393605419105,-2.4629410854819405,-0.18534332216802873,-1.488855441106823,0.5802162454995301,-1.3482136305631371,1.522678766573092,-0.36173155385580613,1.1338490301809143
119,3,0,0,-0.22780524964210525,-0.45143694019877856,-1.0415900422680382,-0.7652491740438236,-4.596036301278754,-0.4178083666074901,-4.250548905802898,1.2595857449579073,1.6367478398278434,1.2308641611724456,-0.27952925877905954,-0.4026693056631697
120,2,0,0,1.4286308272982744,0.9337135783650545,-0.4099583644913718,0.8068367691561168,-2.1324423101931034,-4.48422127341016,-1.8746003636590682,-1.5473835602071624,1.1772951577522943,-0.6078503722316917,-0.17521306423252297,1.1808174533199325
121,2,0,0,0.7190200826051596,1.0625186562255884,0.06474070917922514,0.18242462294892195,-1.2399844204877344,0.14167849578227987,-0.8652453118480432,-0.009521711004137678,0.5954663257152215,0.3545539893583305,0.9542607877519736,0.9040935880695096
122,5,0,0,-2.1316656286643285,-1.1298855841405278,0.21391863783612575,0.8150042983503863,-2.6325604115220465,0.621022031175892,-3.8050405220402146,-1.2421798322970155,-0.6938258052740716,0.4340375317360943,-1.3352030486537663,-1.2987373632580401
123,2,0,0,-2.1066006519852065,0.9124521205967566,-0.23075431297775229,0.16992636486524293,-1.8432979341924831,-0.7368116339866582,-2.0693152149818266,0.0163180659824933,-0.264272605931124,1.375706818197505,0.7304108254012689,1.532921130711578
124,0,0,0,-1.9815361542933863,-0.8784206851259713,-0.37021227121473466,0.24158200557336296,-2.833966914327917,-0.5642097961945645,-3.0826605221818477,-0.5921251593319612,0.16785713042546568,0.977068560407452,-0.9777327370717385,-0.46844334671269944
125,4,0,0,-1.3353914584575133,-1.5961157857023434,-0.8738716959632118,-0.8893684892550179,-1.4413842526196208,-0.5945916470577206,-1.7189637067638754,0.377653940702233,-0.3541184050835988,1.1033868129191609,-1.9381592264951326,-1.538545478885154
126,3,0,0,-1.08917137784956,-1.7324135245862031,0.17727009193714505,0.2790535026021891,-1.5366391842366556,-0.4572663976372411,-1.5842052308998458,-0.1951774054937161,0.4821207844408346,0.426222437497751,-1.9607655301183917,-1.6493457162931402
127,4,0,0,-3.545125993205099,-1.1954971049565053,-0.5348092787994769,2.3583491243072836,-10.873241297637541,-2.136668653886902,-12.354135720014542,-1.9661221374544153,-1.6185613181318512,-1.281553635764178,-1.514251337060533,-0.9793669309862028
128,1,0,0,-0.00984155779691509,-0.16070416135895638,-0.2881256202431173,0.6166355781809386,-2.0823175939524483,-0.5170647380128104,-1.6577968741044424,0.6481709183065467,-1.1571160659317004,1.6494524787877012,-0.29225412795029876,0.1468457256170662
129,4,0,0,-1.0425122011278427,-0.32737116478964623,-0.7524697765051931,-0.5000732531907707,-2.1602554428873724,-0.4969387449695839,-2.228181717335402,0.3445998005390418,0.05072639138681101,0.9949407322129016,-0.3044469733207876,0.05059330430466359
130,3,0,0,-1.399923343332829,0.376012502257022,-0.19398626005747222,0.4680724638609396,-2.861610807459136,-0.8020838625350866,-3.0938485766179706,0.46428234759924614,-0.5697210607017196,0.8370368281159015,-0.3664195170519479,0.6194027394607386
131,4,0,0,-0.7066593404316626,-0.6734286104672575,-0.8118240867860154,-0.5149722174586444,-1.6395105758286788,-0.6487311767298607,-2.130778830325543,1.4691300442589075,1.1140468359489226,1.5695435163710876,-0.9328210745833454,-0.6165120304228187
132,4,0,0,-1.438958083864434,-0.45114352069819574,-0.2941740502819252,0.5686420789232864,-1.9285430927040532,-0.2781928108865568,-2.4305994629012124,-0.18606237384570612,-0.8347461081848087,0.19301523905016538,-0.7477328547812874,-0.6222039998717844
133,2,0,0,1.2548696613825276,0.9327526244474873,0.419552979946606,0.7178412535824895,-2.9681374695570435,-0.005629340509106129,-3.2350005299152453,2.2024149675626603,0.6768956545696305,2.9115154047772807,0.27487981586614696,1.2247273785647599
134,3,0,0,-0.07990753215470736,-1.363442161740692,-0.1413455152527332,1.1433626487848032,-6.902216488473884,0.8242607087057365,-5.230887116903024,0.7231781697765172,-0.8297516343849085,0.026536208238549186,-3.547783295012476,-0.5627821792401451
135,5,0,0,-0.19558573961446868,-0.6500468059389144,-1.043897090320983,-1.0051543854175138,-1.088765056232688,-1.336075008241325,-1.4530177305049294,-0.8188515900954068,1.354680223234567,2.2750265077003817,-0.3176089868655034,-0.3251408250644485
136,5,0,0,2.0821353363378687,0.49426659800420314,-0.4045123659150702,-0.4434090806372163,0.22854320657387014,-0.05196297269318162,0.32539198342045683,0.5648324583624547,0.17287787291394752,1.4617063663200147,0.3797470719904918,0.9337684328701542
137,5,0,0,0.1959068363978167,0.6619990381010767,-0.4643696059561737,-0.16119328454519433,-1.1194937969901377,-0.531710420262316,-1.1235878852635048,0.5789039191932899,0.48943720897669385,1.988568532916144,0.5726791992385074,0.38692120461783747
