runid,true_ATT,diff,bal1,bal2,or_lm,or_bart,ps_lm,ps_bart,csm_scm,cem_avg,onenn,tmle1,aipw1
1,0,-0.19055064804624688,-0.2488457676721456,0.034323398157949825,0.6245791404038098,-2.33741447605392,-0.2546996520549625,-3.3317313011247585,-0.1773428451448611,1.2105195069440828,0.41780197207599024,-0.7348143194468713,-0.7345937840548514
2,0,2.5853827584364284,2.205970330082197,1.3884780915620478,1.44053699759119,-2.749558131270184,1.3491506601028647,-1.6040153507273072,1.1680773253107164,-0.08009019193495437,3.0017885997314213,2.9066048330211602,2.8257399637014244
3,0,1.4441071420933964,0.4716949760079041,-0.23968645631436836,-0.16694563659953027,-0.5912106199467438,-0.2589410343246419,-0.4576391648300273,2.0068351639243422,-0.007318188432322792,2.40229387631104,0.9610810781411385,0.797934364957828
4,0,-0.6127327165549188,0.07346468652427873,-0.7505100542276821,0.009765886792018827,-3.3642049743262397,-0.028019739765637652,-3.240269612740626,-0.4651564855583006,-0.22748484970520177,-0.1916714004793798,-0.7491771932576957,0.17517507355829215
5,0,3.6870251049095337,0.40256382870681584,-0.6429143008290126,-0.4034570278591749,0.6108674066316885,1.6118075659725317,-0.30279142631551714,0.2804654512866005,0.6418440398101626,2.742726816107165,0.06314154446109932,1.916148547970234
6,0,1.0182861046713372,1.4904731818065118,0.005271798632826119,0.8135204179423327,-2.8620108487393,0.3568758724980867,-0.9840884963160423,-1.3815959859089801,0.22275554831378885,0.3754430128446984,1.2530428176570165,2.7162022390108516
7,0,-0.3595119377162863,-1.8889651481683707,-0.8026497966262882,-0.5212288782893655,-2.911747596654381,-0.9121262460464017,-3.1381767307327504,-0.8289086325419541,0.22808726437121418,-0.16073095641196922,-1.9951144810093573,-1.3537796157749786
8,0,4.107992892840456,4.849126330625322,-0.10564379663840917,0.045993819048905094,0.7887460545790584,2.1981197879943846,2.2266930809181193,0.6398250726113712,0.36480792469469936,6.440746458187079,5.045835713614414,5.916568563214665
9,0,0.14040926043187518,-1.3619655410244187,-0.36001743042187595,-0.11894417465719026,-3.4521827097100775,-0.43153328342575126,-4.097099895849769,0.6417236291169779,0.29653579607306124,1.9970088355274758,-2.2206396084690483,-1.163565488948919
10,0,1.8206840050841144,0.6635993290401991,0.3326773522143718,0.33607932133916707,-3.6150809533375914,0.6752349298043638,0.40799506369234617,0.39806995851233395,-1.1101383253696158,2.027219144732551,1.665821049507248,1.0897913263993666
11,0,-1.5505582591566895,-0.4444814381746145,-3.348019491135858,-3.4614851953921946,-3.271687870845736,-2.150723333832257,-2.5010881965196656,-0.5933733101492198,-0.46371700276929984,2.367164333211279,1.2007810559754408,-0.07286887131279038
12,0,4.378253355595205,3.160762801870691,3.2267016071499004,3.386391035760476,3.307641891104503,3.3077611757965375,3.4037987414192736,-1.5164567640750972,-3.704123273330338,3.884193044917044,3.4141244217910955,3.5547864050324773
13,0,-1.1001806114656105,0.8530993518524026,-0.3372163080228905,1.1196818910951245,-7.475258880968697,1.0270971132005124,-6.677466238689497,0.994219325457931,0.5435340494773842,3.3980124196449664,1.6006248311000113,1.300452376298105
14,0,-1.7100653175560279,-1.1478060441212978,-0.9960738026061673,-0.778613133471636,-0.7964943763015159,-1.381731765015437,-1.830675951370531,-1.133603182741207,-0.3439312127316776,-0.17260811117752883,-1.3452949806601913,-1.2933651997244069
15,0,6.991759381881639,5.507972833635206,0.7214066998016957,0.2854503863089681,1.092890293350086,3.935741123433756,2.9697506497796695,0.1567325872301426,0.18420465180867795,6.893673417619931,4.648666059346194,6.080879357325481
16,0,-0.19287707056837533,-1.5090514828672656,-1.0260909920619925,-0.9444162285227544,-2.4714898049803846,-1.5573713040589965,-2.083150644978801,0.4016843863733266,0.3140710622251315,1.5644556996427434,-2.41227763969601,-1.2911533260707693
17,0,2.186846939425375,1.3970684605951842,0.031951346446891904,0.02549694028537122,0.5067987171467343,0.9235414542184737,0.9778712389269515,-0.030182710378402255,1.5226604057901993,2.3426003565800535,1.3159743075958374,1.7086695050029272
18,0,2.045773200694656,0.6184777386508493,-0.6215953248539261,-1.1491382450496785,0.5704760628300329,0.6200717478328741,0.6038686089951746,1.8564177368137118,-0.7270046558394152,4.193806275968335,0.9602426613909694,1.619130107915585
19,0,5.545800393534684,2.4685381179681336,1.4402044420238642,1.5057644053188453,1.6268202994490855,1.785646637844902,2.2130127014140903,1.283685674126195,-1.3250761663201303,3.79399264229556,2.7313192887924633,4.06362260213383
20,0,3.748605116880367,1.4315503747406835,-0.08417938435175287,-0.2643362401603032,1.0120994662642169,0.8991130084172436,1.1136701222745753,0.48946905454988077,-0.18693488842017647,2.984682257084317,0.18405875179379413,2.034827134194653
21,0,3.027061772932366,0.5171975607160473,0.9070011206028958,1.056040177368595,1.3623350798354474,-0.020971783627830476,1.0313679011383616,1.2137954566180422,0.9373412287172362,2.3074152599943707,-0.43112263107045795,1.982820450788856
22,0,1.3171549064824202,0.9947448411727304,-0.08714064593302773,0.11843457843288777,-3.081916509918953,1.6582782114367784,-2.091761349396984,1.2419553156747396,-1.0510653304370443,3.1661580032427423,0.33567394118476773,1.3959210006335663
23,0,5.697520066359211,4.179271719975402,0.8738116553426547,1.524364767643608,0.621825024301407,3.4549143643988742,2.348422411342023,1.595292764332859,2.1590997934209257,6.489135637850781,4.201700777307333,5.58339774058478
24,0,-0.6936679584492103,-0.8546622613449957,0.0031154848790055922,0.2113051761949217,-2.1587047811576188,0.6980353975967617,-2.365181592836273,-0.22648463365001348,0.7652825910138201,1.6828288292279328,-0.5328945219621617,-0.4270001592534704
25,0,-0.951139428519097,-0.8762058053814101,-0.6013526020682587,-0.45591337428477996,-1.9188119136898207,-0.5121856916084502,-1.5844175105505132,-0.6008857272770909,-0.27031559820868356,0.2164340784717158,-0.8532262758149802,-1.2011225619921468
26,0,2.3949008898784587,-0.5459435635690486,-2.177071044913914,-0.8860988704679119,1.5962370118446403,2.4513009289704772,1.0972643344590622,1.5560034893105357,0.5942283371205921,4.670075933477441,-2.7501124425317296,2.288616644942278
27,0,-0.07848805229385913,-0.3731926541797925,-0.31472640869169854,-0.038534099781246174,-0.6389139488602608,0.4171062786038,-0.9179242087960517,0.06627420024758468,0.5371866223922397,2.3873838072290416,-0.31300173815047444,-0.32372204824233264
28,0,1.360494076233146,1.396988899614846,-0.7583711795099664,-0.3240230259069359,0.7305062053360717,2.301057140333948,1.7083231358754398,-0.7481400699262322,-0.4977293013087434,3.283094647859299,1.4952533944203616,1.2067091073863898
29,0,-0.5945384373229006,-0.7195035123646809,-1.0943286795968818,-0.3267979962068893,-4.948166054529864,0.2890171517733249,-4.1141422204649984,-0.06557380185801076,-0.5210438814226102,2.6219428798222895,-0.5235998464810497,-0.2661289590600897
30,0,-0.4445119004890872,0.39814342821271875,-0.13932780446488113,0.25231369452014235,-2.5807691185340706,-1.589422742848809,-2.903821505387147,0.38249451565798687,-0.43054042678058924,0.9861738175717232,0.19600502020978777,0.5554458220158339
31,0,2.4849398112427536,0.4893962290469389,-0.05839108194322762,0.4355234142342502,-1.4385061294981187,-0.881432458970135,-1.3947845112480834,0.4408518939641528,-2.0858310391374335,0.6793000488746994,-0.5673590035521825,2.056251085399614
32,0,1.2449568730485936,-0.10081319739824934,-0.6528823401129404,-0.4078339219638706,-0.9837987630403828,-0.5526080415425714,-1.099309824258544,0.13384918562653603,-0.04062421753950218,2.719944964980077,-0.399024028355112,0.4506468041856093
33,0,1.4046465834135953,0.3955714013952889,-0.45508626306405375,-0.5029036773366167,-0.8364147350557334,-0.1176291262682092,-1.1071846745605392,0.18571161193808283,-0.2990126108850921,2.397297453883387,0.2769870449624433,1.36871725037578
34,0,-0.28019982355493234,-0.6646138326963875,-1.0867367431713069,-0.7926560173527742,-2.2790490038628044,-0.8846970004621078,-2.066578583649955,0.8020838319139161,1.1172869485336516,0.9500414827632149,-0.646891320145814,-0.430773316617132
35,0,5.0517854471668375,3.6047357186143776,1.053838995121243,1.1404382245035514,3.088370335325632,4.527499758020872,2.4854476426492695,1.594768001930972,1.2779310577536602,4.85772669624934,3.1223071026362863,4.684573504854864
36,0,1.5034832126040385,1.9611072609820344,0.675050635261714,0.8772699191055048,-1.8463041301283702,1.2941788180158662,-0.9039119482008733,-0.1684942478682654,-0.6497668682856959,1.5315207272515616,1.7708497219514934,3.010101648531372
37,0,0.9434960792368159,-1.7030837124533038,-0.6013851813660205,-0.39474585656629607,-0.4515137226188086,-0.16253688054622728,-0.96244013324596,0.9778583403086598,-0.5711611324485819,3.0601544262640505,-2.1967540929718594,-0.5398228254861727
38,0,0.7422397325498773,-0.20381695633333585,0.13127889416153415,0.4496606639806032,0.31142124607502625,1.115822154941588,-0.3376798941102086,-0.6929616875910343,1.0054852992781842,1.8637977658795295,-0.647209602979425,0.1383464159353804
39,0,0.36605255031603434,0.6295687670377648,-0.46288209783479495,-0.4099240852560563,-2.634894316432086,-0.1507023313387208,-1.7363731881536273,-0.2828990833340166,0.710871033090779,2.598986566888482,0.8329592339368365,0.39829549547234955
40,0,1.1535869928626248,0.9378309301594072,-1.1532606056539692,-0.8058880320404848,-0.37436685509439666,-1.5868400272259624,-0.030759794933638673,0.3828795974708088,-0.7443029824334566,1.5884056459772857,0.0903715679044379,1.0182985221606915
41,0,2.868797007080307,-0.029884801884817236,-1.1170259132292912,-0.714274494215945,-0.5144878665170889,-0.10844948994028769,0.6393198101124558,0.29637822879673603,-0.4975354360585249,2.96331704639572,-1.0021409506361518,1.1240222954700967
42,0,0.31649754533123975,-0.7936626676403762,-0.08029920253207301,0.5601694143408401,-3.4490192983705015,2.2771484642685698,-4.020806301847547,-0.1465857581505956,0.7996451594421408,0.2583179999814993,-1.3680782436578864,-0.08413453683984297
43,0,1.1110157272894394,0.8370302724285867,-0.5375440283264581,-0.44261982082146645,-0.42722198535096867,0.28990180923949893,-1.8483872903893488,-0.42215045657448425,-0.03950248096037168,2.974499870803589,-0.46560237373744395,1.5761348999676843
44,0,0.020000885482055253,1.321785222707467,-0.2565993936779023,0.016935860561237245,-6.047949987892606,0.5922440366104906,-4.998884961428262,-1.8961913798818566,0.2526598887099767,1.223892028737957,0.7097004128602192,1.6988594779443955
45,0,-0.3931120870170597,-0.6387671991315056,-0.3960881087014565,0.28541443213238743,-3.3866645619286775,-0.6175456895006572,-3.2213978413015996,0.1522753634562024,-0.3337411788818705,1.2404585616346129,-0.48550060338410955,-0.4545680235354794
46,0,5.165747158650728,3.6673350232509794,0.30567377878281476,0.24118318134997116,-3.882040393642674,-1.2878244007775397,-2.0568246320846235,2.163344525441003,0.72094051701704,4.331871486711989,4.064323384806533,4.636844355026942
47,0,0.6802676684406572,-0.41275170612940393,-0.8213877062273021,-0.9859345710413929,-2.2451177491273353,-0.008128585954292333,-2.1081406693166613,-0.3063480175088813,-1.2123815267890041,1.6371685957194275,-1.0477300241676846,-0.11093337910763902
48,0,0.15314956451006978,0.6999541086465388,-0.42792271293188655,-0.07332286996888947,-3.1314222017880824,-1.4185966799781387,-3.037969121197742,0.5031843631507371,-0.12504923793832212,1.7327715130623922,-0.3180643122192601,1.1050325063000717
49,0,1.4157609344784055,0.9547095496611959,0.06458879157085562,0.32506666666223943,-0.9680856965631657,1.1778797591424377,-1.1260305360184883,0.9103974565709096,-0.08260338887845009,3.4490097975021463,0.8832658836504532,2.373144850917985
50,0,-0.8006813463088838,0.30885570359808057,0.2442820134488901,1.0182452974613425,-5.589318396313064,0.0401840516335481,-4.596976024594137,0.08435740602819752,-0.011225310932709842,2.035218571105869,-0.9457228482326796,0.25752467265101003
51,0,-0.16510774906891967,-0.009542336638683757,-0.6543220870051014,-0.12781668165422067,-1.1525794739891495,0.3895085861480725,-1.4725712300077012,-0.0053140370566140405,-1.2639449951860569,0.26479712995252136,-1.0986175317182953,-0.34853969585904565
52,0,3.7880020482761463,0.905424040926162,3.250868071200321,3.139182967129577,0.7766891694289858,3.8481214069432745,-0.009231584766062895,-0.9094686983645737,0.7429892683766051,4.575223639492775,2.360158068433984,3.66897212916909
53,0,2.0657780544914095,0.22846715595656875,-0.0578593438224555,-0.29894472027199087,-2.008851558449282,-0.48969005116046915,-2.2227126411273854,-0.023304569612396797,-0.4075647920905059,3.464139804425672,-0.010525970228764477,1.2179922414679705
54,0,1.1932145926873172,0.7845631130434763,-0.4494244091690405,-0.3074826099922668,-1.7310955681087281,-1.5638292019238644,-1.9653290714452805,0.562386982205731,0.5625886240186442,3.5111514629277645,0.06597507412508183,0.8592352451142148
55,0,1.4031484934980716,-0.5068758653819945,-0.7026915085401981,0.10559871195570263,-3.931189128161776,0.892787706711264,-4.73447916618424,1.1144247268463126,0.5315927786160177,2.453397730626401,-1.4738104164828547,0.5445243413684322
56,0,-1.9445488163382887,-1.5713710884733727,-0.49595012296919094,0.2575704752675839,-3.631368571803645,-0.8644161973670865,-3.6803653367547575,-0.07940121335747019,-1.512755795146533,0.23172160009775222,-2.1759991423341036,-0.7071553556071773
57,0,0.12261150962237899,2.138976803145522,0.17870591275011893,1.1055456816789484,-4.441750912240688,-0.7090872185140684,-3.621083616553638,1.410609903190517,0.6786835662413044,3.377751270457912,1.7296690358880318,3.055109607180955
58,0,-0.05639620419555147,1.038524936262382,-0.38442870918285177,0.018095105981254415,-3.4321058914628217,-0.8413675481729461,-2.269671190591083,-0.7743455974541993,-0.4602634038373479,1.670991357891559,0.9167949824095161,2.0979183852270626
59,0,1.4858329213316797,1.3358906383620095,0.2741974051164764,0.45914884170734943,-2.419409725877501,-0.13461124794057788,-1.310773010562885,0.26484680504248637,0.4828324078546675,2.7596588078714195,1.3595502652360214,3.5686790197302134
60,0,3.95305246018075,2.378811371745508,0.22168686066534526,0.18734027865156433,1.5142769840039703,1.7667213038332772,1.2555919685026442,1.9072079113017724,0.8609415854646856,3.877342428053578,1.8367318481229074,4.00055288747369
61,0,4.690456467391614,4.018890089055322,1.053413596681418,0.7209555955613414,1.9957949847505525,4.6594676702260145,3.157446287334773,0.39431149051524716,-1.2668010529403668,5.592847242091764,4.118978680287998,4.458283823593295
62,0,1.358441246043789,1.2042522264124589,-0.23941196191215397,-0.17219098396144447,-0.11104518922430288,1.0419781287965293,-0.21590891741362306,-0.76996177597134,-0.5492629248658747,2.4221637068895445,1.4239196287774238,1.34075862162533
63,0,3.4148790228323023,-0.07415989983950944,-0.7383837058011657,-0.649173628707091,0.6163320804894427,-1.7587734795379628,0.6218635270390731,0.281152051075483,0.5061609591485579,3.3232641123713753,-1.638140002912134,0.3737881648635193
64,0,1.1795728291636483,0.7507245963809606,-0.021330232172871888,0.31328361285470097,-1.390472209398984,0.25686292194265903,-1.012898702471687,0.08294663283906445,-0.6751153785148944,1.3412617428907527,0.3743396205750728,1.62905548117836
65,0,3.430117252052815,1.3915434339488542,-0.775114493744697,-0.6507175711530999,-0.1036900895973027,-1.7672972450113331,0.4515807207967164,0.5403598183486835,1.3749745544667666,3.657822037133437,0.14752989524677915,2.656750850862234
66,0,3.0983914277891547,0.15138265358044123,-2.050137774457186,-1.7306438585997865,0.5945171404707689,1.4070594675779162,0.829739046944006,1.133929369506756,0.5094829910377419,4.513941580376235,0.23030540251191775,2.820031205572637
67,0,8.191107643939633,5.07610587090976,1.1405017947597713,1.6005650277226475,3.154116269849236,5.729523153887925,4.939272123447099,0.049164349091314286,0.41587526058766855,7.597842203326891,5.330403885661566,6.955337309222019
68,0,3.3033083565540426,1.6809006634582229,0.36278414772150036,0.7934367226942913,0.5627894617469485,0.9174426396793862,0.6588410714133577,2.3117442895027285,1.12101562455218,4.302839565535244,2.1617094716655916,2.50969900262736
69,0,1.8608439569874289,0.7951331056047586,0.44092519272349584,0.3728386615896792,-1.1793534287546026,2.8429143377818944,-0.5471702002272014,-0.6130362778702194,-0.5226823680728421,3.2421827750812096,-0.3815945001718885,2.1446666684669013
70,0,1.1098634944283878,0.43946026028855023,-0.7022384392079708,-0.8015364971723634,-0.2701555097543842,-0.5386803093968213,-0.22259750495763786,0.49033724403870327,0.3568197695666826,1.8190253211003604,0.7020461683738678,1.216823799482957
71,0,3.2386204714382414,1.9988256904718735,0.24486121449724862,0.7135439723876286,0.9564884893711056,1.4673854459349176,0.5244969452666979,0.7554241442721263,0.6714627759034162,1.9732284734669658,2.6499439555337228,3.160309318584164
72,0,-2.0324071947146614,-0.5922389954728571,-0.1114502826105852,0.3672889710350229,-1.892652869131652,-0.01147309500537741,-2.8290143054030983,-0.6031741657426428,-0.1673769241457359,0.08967179184907881,-0.8288121334534315,-1.0040745070264046
73,0,3.1121932241693644,1.3169597292987039,0.28294504308109225,0.3128563202092962,-2.349333992513517,1.9042859300034696,-0.7436093074514254,1.148398729473488,1.6249585342419617,3.391633882848131,1.5456630289288773,3.9853182294908027
74,0,2.7471683572864025,0.6733538283007174,1.0333973870546016,1.5407249639596285,1.4654166977159746,1.8886196951122205,2.2457613100429867,-0.21790295333905796,-0.3138061858329868,0.8317369344855354,0.712704308605803,1.3933725038602327
75,0,1.5767983447445815,0.7994045931908289,0.19256240888602605,0.21163901149822442,-0.6567357128440844,1.6018891889887676,-0.8777378290677493,1.4274896712163825,1.189564168021823,3.969828465751414,1.328928577143,1.7050136437044032
76,0,5.103574411233332,0.7688637173089496,-0.8112684126116587,-0.6644948194630118,-0.6740510788459646,-0.7237634677273217,1.0462504501116356,0.12373100626501632,0.03484272614026995,2.195964267136395,-1.3807721682517116,2.5848859258320735
77,0,-0.4364233036565528,1.3689038853160724,0.18364994321148842,1.2056980858687094,-3.6789177569621017,1.29445516090796,-3.6749307019054562,0.43034288300033907,-1.5504509012272694,1.409910669576652,0.9113700796012492,1.4110190850199824
78,0,2.880182222226127,1.0986394348614645,0.4265372240572063,1.1244374075940013,2.6943026967016004,0.9189511772300047,2.070187679362757,1.052708954087855,-1.2328333660033812,4.4068104371728,0.9627368303676445,2.7805248193317134
79,0,2.2819322236280373,0.1321497697381826,0.5533122649467668,0.37824872687572014,-0.7314708236053205,0.6671571657830011,-0.9787391110238257,0.06300141621526922,-0.7669545669238129,2.38208583066549,0.08513303622355907,0.6195629821856621
80,0,0.18054093457322296,-1.6838487904490416,-1.4581412067938109,-1.2489180224561578,-1.2690363330309498,-1.0307539481628867,-1.4613202663215796,-0.48966576291776853,0.3208003138121591,0.5725772164203642,-2.328910498185469,-1.2413115335700504
81,0,-2.6481707174206885,-2.4172414233199095,-0.1433301703679808,0.0666184472957407,-2.29063242841515,-0.18669403394108652,-2.6584275070906713,-0.5573872538564384,-0.3927577346563975,0.11333637149764098,-2.2838114298257954,-2.2853547284768587
82,0,2.900561629977547,1.7222743698612923,0.6138463208191425,0.7121606302823074,-0.21875599328482143,1.7415381854339564,0.48621909676397124,0.47176588512383333,-0.24237534687018236,1.7835481210592459,0.8213505075001684,2.4922684236116988
83,0,1.2325856461397553,-0.2593034142522743,0.012775693779975228,0.010485748258818551,-2.7518780398711224,0.2529475535318788,-2.2402015661937966,0.4194331535273381,-1.238777615340811,1.8039149571770032,0.4977513863255223,1.021741956726484
84,0,3.77946623630487,2.8903799942653867,-0.7646873263352028,-0.748729288320726,0.733897847298958,-2.185399301362244,1.2395881374524,1.1957986734433792,-0.2005022811624868,3.1048656357098032,2.630086903928603,3.916549637375361
85,0,0.9567524677365622,-0.7774664136527187,-0.9450108621535112,-0.7688991070352013,-0.9375213250125803,-0.7903678815491295,-1.156124114139513,0.8140474224777137,2.1715652435358277,2.5901914457664823,-1.0750681992494706,-0.3996525679852907
86,0,0.35481009156315046,-1.2581031320433258,-1.807745013646512,-2.0060075407760642,-2.733720063417844,-1.413135535618201,-3.088626528839324,0.03537631193816271,0.5210569632234905,1.7889550113955863,-1.169246227262542,0.09661134418919426
87,0,1.0168451868477923,0.2131645933924684,0.4417778474962759,0.3083705230109192,-0.029508853508981622,0.6553404118468666,-0.39781207617738623,-0.9063768311339375,0.35395697017768857,3.477855181019426,1.0158019797110878,0.40520272924802686
88,0,2.6777318778834065,1.9061501516967763,-0.055752596937109544,-0.13299889257373948,1.4796353367120816,-0.7831621894389809,1.7074572986891408,1.1993793986275056,-0.02687246209343508,4.179494934813446,2.1817229726414338,2.1066839247051408
89,0,-1.1836110969084537,-2.7076630413115206,-1.0528527655582351,-0.4576356426991606,-3.1169543593933136,-0.40117081035269564,-2.881834636389822,-0.6100810579904317,0.6627441471548556,1.5568933698367582,-3.605112397036503,-2.1008680900582974
90,0,-4.2368857666654005,-1.4972074042083783,-0.324092834214631,0.4491324348158598,-3.1644188569408644,-0.34428888248201517,-3.689337877317639,-0.6907961118632082,0.2311913631202529,-0.24655326678962286,-3.7640251015867405,-1.3051261221179806
91,0,-0.1692329552044134,-0.31242750251032714,0.0732919317937446,0.3499320380330793,-1.0349804605568538,0.29615807221124957,-0.9960785756684691,0.1968427997562019,-1.204480482454938,1.455977692218382,0.22413841068328172,0.4011582091032328
92,0,1.7186861308620616,0.5110621569302483,0.24314453167439076,0.6373609944599328,-0.1855270393369301,-0.9275697532132146,-0.2384572765065336,0.338039328600896,0.2645031922187018,1.5005188490132193,0.30453436324415545,0.9074272501465306
93,0,-0.029590726843242265,0.3729751309046163,-1.2886262838223423,-0.8152112108864981,-0.5621900539784555,-0.09864214924402592,-1.0192653080498735,-0.025388188736787498,-0.6536087350979338,1.6679124217939636,0.3040975729709386,0.9487495002764899
94,0,2.877118506164007,0.8057828632774084,0.9183292810059918,0.610560201479855,-1.5821984300370404,0.8521064829234808,-1.3911465417253464,1.3342913323005918,-0.35500042429553824,4.185301845940836,0.11736760067928448,1.650327483897638
95,0,1.8893896794822114,0.7128675000133384,0.28701304521876736,0.41782552446286175,0.23101117723435577,-0.11787518888300141,-0.017393285044958517,-0.0066818354042768036,0.3920400917455358,2.503729401011798,0.864991259652961,1.3284976761821254
96,0,-1.7143180809692904,-0.9189546978593457,-0.05889406777842954,0.3280415481622459,-4.124911958748134,0.40739498068048174,-4.461605043276222,0.7302628007874414,0.8394156421229517,0.9593955025108496,-1.1884534310500805,-0.6515132013505041
97,0,0.04462645558624079,0.2807842812022159,-0.7916398826710438,-0.39157022186268475,-3.184248802099048,-0.5486292606016914,-3.0306449448808612,0.5437576398273629,1.1282953923909056,1.3420442693708274,0.09617545177497719,0.1975557468546722
98,0,1.978535546714829,0.06886714478196687,0.7999908510007057,1.6304034119038686,-5.740660525445251,1.6434978640294267,-1.8892772558467428,0.779603011564947,-0.35432453987349355,1.6648127059152333,1.4568206266916703,1.0526666745518174
99,0,4.10361113393553,2.650137948873839,-0.366250896680242,0.3611030068005185,0.8400380197318338,2.5837525512883204,0.5910289744954316,-0.812830871229762,0.4802813575019895,2.102860193563071,1.8126742740642114,3.179067480112138
100,0,1.1067302204325529,-0.5599971228896461,-0.40588789873101483,-0.027040049535740743,-2.2478854848402,-1.0982495591610526,-1.6065311427349886,-1.1499796647355573,0.5541481849128145,0.5795188924859538,-0.8729770519186675,-0.5852028065014693
101,0,1.4190740646356188,-0.07841532567444887,-0.7631874173069466,-0.4920395119476322,-2.4351863253498904,-4.441949613000904,-2.5064540411163954,-0.6075886183011932,-0.8381896383537186,1.0735905236116743,-0.5569507049867337,0.2673144422813081
102,0,2.7271810545615702,3.053233694675683,0.31368061923513224,0.7463825372116709,-0.06450018134999441,1.7986146905532765,0.20781531036340795,1.649724805729953,-0.3634166800838283,3.3074469495713217,2.9672668096590886,3.172853364871181
103,0,6.426702578414195,4.952429879830598,0.456662641120273,0.7387496320389791,3.224047429791163,3.603583670653803,3.2311677157752587,1.320959033396984,-1.039703303366481,5.840775736442642,5.192041438065556,4.741799803690046
104,0,3.725498041652478,0.4804407882482984,-1.5300425435734155,-1.550511836966835,-0.29405171313683454,-0.077233507378061,-0.006007302525247837,2.2292814651317885,1.1907529338658418,4.847148249534668,-0.1615456312077788,1.0822895687395842
105,0,0.8286545221959223,-1.5773313665770967,-0.3600936755801545,-0.48523073712284387,-4.844699832138754,0.8979359908104367,-2.3418145501950622,1.95814920154766,0.23676269935789085,4.227576880473834,-0.7230369837266005,-0.80165280565082
106,0,4.642140855578218,0.8542203912765807,0.26085173863338973,0.08078274320316849,1.0465765532283742,0.8562369698944625,0.3859935921768223,-0.38954293331287193,0.44110544206724356,2.961057440253624,0.12283962370417409,2.1996059283637988
107,0,3.383788679706078,1.5393539192214618,0.3810526258459337,0.3363739387643376,-4.164014799071691,1.9887137518081914,-3.5368793850203453,0.6363195187116961,0.5154237628232652,2.1141961706467622,1.1907509906135556,2.880120683074684
108,0,1.78012360202007,-0.28189496725672214,-0.6445871204130569,-0.47343025895521784,-1.5795378840334697,0.6702340851660562,-1.2084695178683145,0.8865469359967095,0.27057293122844994,3.624655350785524,-0.7647267114555659,0.47957526945910123
109,0,3.3069751415963546,3.5272874454178833,0.608990942789239,0.7164048774800148,-0.9698497898614953,0.16822013942926617,0.4338615145349678,0.41103434757987234,-0.15154971628717195,1.831060779629416,3.0263399232156987,4.422625802309723
110,0,2.020832439524244,0.2051040992755535,-0.5494704256846319,-0.5122710818306604,-2.126050573653609,-0.6212490485206974,-1.708524736792997,-0.3669040022234551,-0.43638022243592633,1.8127441751345303,0.6335542660686068,0.95866989361161
111,0,7.960158312996953,2.1356396952171384,1.1200183584813743,1.017336227974161,2.035851600359182,0.5214044380199709,2.6624069848352523,1.6685050890473772,-0.030833723497564414,5.998822563647253,1.024930427647711,5.820963539614107
112,0,2.369769275961887,2.1527164236757823,1.1850206874430427,1.4223521669170383,-2.286726996493015,0.6346597706038102,-0.8417788402461444,0.07802753213404134,-0.13930723986848959,1.6014244716913284,2.542486163206432,2.245692797745086
113,0,1.9332465806728774,1.5174579967718982,-0.10699150195808294,0.014317103101642713,-2.4392085667751617,2.418454715241846,-1.1136925358197534,0.6335677896070164,0.23569539226817282,3.9299633669467493,1.739824736093706,1.193612170028927
114,0,2.0157504050817083,1.2779841072113651,1.2180834858016283,1.8771813926589624,-2.243490454092638,1.0729607017520895,-2.7319165652552186,0.14167671696428563,0.1582256528957915,3.115942678345288,1.1265840224776005,1.6518478465582218
115,0,3.49289249612694,3.6040410077021363,-2.026254130704798,-1.829115467202914,-2.6946082932382414,0.5348445897917138,-1.2741483451816311,2.427530500743986,-0.4369241638921215,5.329350614388252,3.443332255176072,4.238199272405329
116,0,1.4524772553538536,1.894359440875558,-0.3292644753279692,-0.009237548599184933,-0.12798015213301778,0.7507581643035,-0.04312649938380986,-0.1864307423113969,-0.3736673731260498,3.141266501949624,2.300355412855435,2.085193275078089
117,0,0.5126350646456128,0.2900178107977789,-0.17715388092479856,-3.6116442278055736e-5,-0.9931137170128463,-0.1276525046536099,-1.0727441722697098,-0.03895951646593687,0.2697040036009093,1.5364697151511093,0.2790771159013441,0.8703987015910359
118,0,2.820027739558552,2.3559482937607514,0.03809772023227076,0.4242747039115197,-1.4748104469057224,1.9872179514330561,-0.9339240358874079,-0.5787180925153939,0.5971995129085119,2.4916920928874555,1.7809820884568985,3.521869349304735
119,0,4.059634724887679,2.645519415892273,-0.1807607492124852,-0.5498340275453375,0.791059725969634,2.7052356306935854,1.3549256075940228,2.281220336069901,-0.0175759613522799,3.9650047268369786,1.3335650057833879,3.2856795604677544
120,0,6.769903645332802,2.3745317423270045,0.6701963265506503,0.41360536866673836,1.4363521824041539,1.7829146937753038,1.924492442208967,1.229757748066942,1.1696048744271668,6.6930182776791085,1.7748743204170843,4.817320037962625
121,0,4.53479024908298,1.6851944759997117,1.4485912993721808,1.646402779644271,1.5506302338858888,2.40415325862606,1.5151333095714907,1.967429236191184,-0.32139017359682676,4.2320485376463,2.0514435973491,3.6005761552069018
122,0,11.018920289257327,3.495905028475077,0.8145900203711491,0.8187363462704272,5.022112856211534,2.8079293225622504,5.417837059422109,3.155337429260543,0.027618569671688853,9.579395352568032,3.2890754463630367,7.333950200318586
123,0,1.0110827437662282,0.3049096523946524,-0.06487912151583686,-0.06926469746086415,-0.7454474844958359,0.3244401170082778,-1.238612118000681,1.1336702049320575,0.9128753537030434,3.168778609399843,-0.2110725114375066,0.3298746561627582
124,0,1.5523296961561561,1.6920075679137216,0.4681585006461848,1.2398512899647078,-2.682683715829912,1.9394061883376477,-1.5121645468070604,0.051627334000099445,-1.236208593039113,3.2612724847035244,1.9531738141646489,2.4188020039520435
125,0,0.3949963059851731,0.15999863317649687,-1.1392819154078007,-0.7791518770359666,-2.8571184463155643,-0.16266722935425104,-2.8104567684197344,0.7154159481739146,0.31544193018926947,1.8776732894988672,-0.17697718865854445,0.5413582392428812
126,0,3.3363202815457367,1.6814083430827562,-0.9488035552778502,-0.42744071512592924,-0.6496184725943687,-2.369259654789454,-0.9082748874708155,1.1019026599569353,-0.046389398381679214,2.710959490996798,0.3013052331818221,2.4577061034918066
127,0,2.8053045189529158,1.3047029942999444,0.4659535884718231,0.3067742014932447,1.6900047905276718,0.3710488949392019,1.6303177632940482,-0.30254311001053136,0.4719619702856579,2.6102739200753104,1.4181729359639976,2.1618296175016463
128,0,2.1909778140263203,-0.09965330813184003,-1.1410667986707175,-1.2362852402500342,0.6187300945566141,-0.3959058199796157,0.665737242700212,1.8020891679499291,-0.19170376871528827,3.4459133485588094,0.0029282698592876257,1.0034857113172844
129,0,4.992123667164764,2.1687694776192963,0.9753404478935259,1.012824468039703,3.5376379140544447,1.9475940577327258,3.7257363795471683,2.1414744343519843,1.0079169849480198,5.763595882533117,1.1986851250753792,3.420477864307044
130,0,-0.0641296330186849,-0.012203966517165377,-0.7064674392957659,-0.7709573345760393,-0.8460642887104726,-0.1350639869527681,-1.244710788419849,-0.535289000432063,-0.10972672786399285,0.7734670867683358,-0.49083985903280813,1.0204924631009422
131,0,-1.5111122708531664,-1.1421202143351783,-0.6994473010620359,-0.19107048805203136,-4.073555648040524,-1.0644456891984353,-3.4695977389244845,-0.11988018593966476,-1.1736944526972923,0.2648317548514161,-1.6386525011668769,-0.8809945338816086
132,0,1.815588155342363,2.5410134921842005,-0.03690145407877132,0.25038542741062936,-0.9375668821193438,-0.3899261882556466,-1.9760312357831236,-1.2977809152280324,-0.10148716259926038,0.2841102683156578,2.1381575186320076,2.041836736602963
133,0,0.47712013750162363,2.0460266356275554,0.38263656495635523,1.0140802459452343,-4.817333271560712,1.5371900735466735,-4.835659864169944,-0.8992206216123169,-0.7791181528792492,2.600918139051987,1.6719862523750557,2.0382730622469043
134,0,-0.4694950196973027,0.1984361028407422,-0.8522541390623397,-1.1132228376504187,-0.40952456288618966,-1.0238321262953232,-1.163163867921904,-1.0042744244885515,-1.634805587358529,-0.3198695117362371,-0.3606023290890761,0.03315543746547606
135,0,-1.03975955067438,-0.33047409689747553,-0.6296740361187725,-0.3932170807663655,-5.470879315772082,0.12413465118992217,-4.479121235741048,-0.10811140351520265,-1.00818044592579,2.3180153805142263,0.27171972945972234,0.3533435614894571
136,0,2.7588124662725004,2.9911979542866147,0.43252681517405556,0.5743622173697428,1.41709919832772,2.6272495676758734,2.319033805606635,-0.2223432616119636,0.33537302949261294,2.3440632498975082,3.266433048662025,2.941653763366563
137,0,0.15246869840680155,-0.45985739766612976,0.08009433315999548,0.29450962610882686,-2.5263751079357606,0.5551011894947084,-1.9566956111802192,-0.8045289025447486,0.2489724471966397,1.3995750086464822,-0.797347181739815,-0.1631649005188805
138,0,3.022448010995289,0.3694225448840456,-0.3019621589239776,-0.1699491419293321,-0.5987473996161485,-0.30108553213922207,0.27424265550340543,0.6449134244779504,0.6421972318120854,2.0422622606561767,-0.3114843772317347,1.736973768321489
139,0,3.2910467426794288,2.944766862012216,-0.06072989348182212,0.7430708905167374,-0.7370951580682101,2.2100725795185046,0.49343838931167916,0.6524384773842655,-0.9516562240070923,3.807998160339677,3.2841992441752326,3.6791370118476197
140,0,3.553265061276255,2.300507898844179,-0.30172272436189473,-0.036255385312794756,-1.7453142690037031,0.20521866584476278,-0.34390775047305056,1.1871982534974421,0.6753115366955402,3.4608638638782034,2.4866507248182192,3.391191845852909
141,0,2.081219854745428,-0.6605375643793128,0.1428405759924516,0.28486150095377694,1.4268795579623734,1.1877972715977005,0.21157270508801496,-0.14649918658840289,-0.9149854788889926,1.8392952549215948,-2.04534945989684,0.402879121065198
142,0,3.7055211100987187,0.338188970787332,-1.5410115177671333,-1.0877559002743704,1.4177011721129527,0.39966789837711936,1.3915338985737105,0.253220276927995,0.09966483890165634,2.8424781094690053,0.8044695045203563,0.7596521321028091
143,0,6.065427088736622,5.2289661931839175,1.0897920006620154,1.4310579495862812,2.797056524924891,-0.25204668198362157,3.6689891129429864,1.779889816001024,2.531594682486591,5.363465412197097,6.044093498883032,6.0581884246871756
144,0,-1.236853864756588,-0.9570518918744932,-0.20002791827899014,0.4589834979290458,-3.2702476807653897,-0.04623737842603948,-3.625011176641351,0.29008479609500704,0.010565407261861282,1.5188900565427845,-1.5545720462520567,-0.9232207348677365
145,0,2.7155122716559488,0.7290803854738499,0.28222401715204626,0.34128282962605877,0.1106130546867548,0.8810872192254529,0.6012791153354566,-0.9171725406820546,-1.9425753324569321,1.5484191626808856,0.9551496819564126,1.4934601625758746
146,0,1.2200972748343037,1.5440949341080659,-0.1414815176987947,0.28646804590454117,-2.1928923405829956,1.290054860951452,-2.1468700154174316,0.4484340065454804,0.507175342500287,1.9326772797035714,1.973213418049869,2.2270001310177814
147,0,-0.626524581601303,-0.06697352999215234,-0.569393210061441,-0.1670273579197494,-1.1604842992372941,-0.3021141171441375,-1.4990904327050005,-0.48870347324231567,-0.6105513806262566,1.2912129723347254,0.19449908663777524,0.019893903835212605
148,0,0.5468962685046055,2.4357522808247927,-0.36076641111179697,0.2877356147615748,-3.6138547110050876,-0.4511733770723563,-3.689666379127228,1.4497141164485186,1.1124470742990846,2.8158562993222285,2.314708765060786,2.497599161204528
149,0,0.081350205526455,-0.5735476307779903,-0.21522758728541014,-0.18742132940786563,-0.9459489152602318,-1.3624085863802105,-1.4386700865099318,-0.18477673504500558,-0.8368531462692994,-0.10660438857119292,-1.299415113837696,-0.23802685213695046
150,0,3.502660362378652,-1.202892106804068,-1.0730860623362766,-0.2480498567570741,-2.1131521079075792,-1.2844109569312483,-2.5617861696773865,1.3714161329762078,-0.4297121048291812,3.213430172091808,-3.3704860394715968,1.844519305517137
151,0,4.7355682393037,2.49553992595963,0.9041846345002753,1.4408034092237918,2.143706076212901,4.007261261143972,2.0727350857122815,0.160399788483355,0.25629171400831297,4.87062884246153,2.325437465188932,4.655813837615978
152,0,5.45344453109381,3.9794553710364706,1.9634066953912601,1.5677977887119448,1.078616052070635,3.2525584002199324,2.4955493817843344,1.9152068901308006,-0.1593286235398459,5.717271475513248,2.816514123073651,5.914150216509624
153,0,-2.5243531757556905,0.11293687690131105,-0.3363648115759821,0.7850455223323722,-4.460290936321932,0.15574710510900402,-3.66489277605318,0.32757367709287255,1.2747760021701833,1.5561581475127269,0.2704704026668194,0.05271980894738103
154,0,0.36289687612099986,0.7778574737549517,-0.008043703976091443,0.8901518095970757,-2.0137497262781925,1.331345379407459,-1.8588264216775583,0.40799148317765965,0.26485189023118405,3.3494316252433975,1.2249087219620252,1.2868142940341694
155,0,2.0794379471369693,0.7179254999270075,0.8064756360332916,0.8997681114328954,-2.815626620138355,-0.8991066288772647,-2.6864641399822116,0.6913657019586985,-1.2033865649240383,2.1368310237323334,0.03316059243471786,1.6597984350047341
156,0,3.5191085056843354,2.0225347606081048,2.863436649451649,2.4073036829353494,1.9986978037061855,3.4730114631979303,1.6464689729198234,1.159809299244169,-0.48037039429128336,5.139863422662023,2.632555775701148,2.5516864407674373
157,0,4.140409133979657,2.8682466439743832,-0.42142889325002564,-0.31663207185621006,-1.5762365601481527,-0.01798109151432037,-1.3369052317943382,0.025448616353871856,-0.11109126793449065,2.2668562915826858,2.4116518171139156,3.620949208739528
158,0,1.5906014947040763,0.44408455568539296,-0.7649842501747486,-0.40952835425037093,-3.292803377033545,-2.5970424256609412,-1.9758672113070386,2.7725235803836004,0.7249723403363069,3.925390512534192,-0.6571050308924596,1.1039781096468178
159,0,3.4341813037373417,1.3411251070632897,0.17270391997396928,0.5000056402908016,-2.109571793567787,-2.261442729908385,-1.7354513466392074,-0.17966482998636835,0.9992437217306724,1.8031804149368327,1.2327472546836054,2.212581404369
160,0,7.426237943114091,2.8036634381118315,-2.9931567689509144,-2.721774709791826,5.078581959978465,2.7907221731712273,2.0235740475886494,1.6655479563486812,-0.6626366095101681,3.1239285350082397,2.668950018387286,4.351601943025779
161,0,1.2425514501354504,0.025001866968128006,-0.7021185667993386,-0.4636817331672279,0.11047918781307113,-1.4871783998482266,-0.3792620276610572,0.8979205210484391,0.16285041420245294,2.3735404954834394,-0.3943259819029846,0.5706462716076233
162,0,2.155601789598906,-0.3402242774025819,-0.8962201458981269,-0.9669806310136586,-1.5738673275334196,0.04006702498618786,0.2836816986519146,1.339173604975393,-0.15555247799887528,4.198876209924192,-0.6470383617373896,0.07433837948348691
163,0,0.12955318767111468,-0.9979829123150772,-1.0560148016270956,-0.8728153607688158,-6.94364492600488,1.6058349931352032,-4.976776071988378,-0.9660678554286966,-0.19404515797754485,1.9403577841852355,-0.4936346911726892,1.4474438659142161
164,0,3.27450045008829,1.9910475322350836,-0.47184088594076457,-0.023218920001017405,-0.5727487508413305,-0.9713534727199598,-0.5732329697792089,0.7102045627194515,-1.3657382804735634,0.604161231159253,0.6925825042840877,2.96965703485988
165,0,1.2785037739113791,-0.1209280737826326,0.43493899845934525,0.6560544670395456,-0.3115517777328597,1.1504533615711292,-0.24561634671781185,0.22036257421789074,-0.7237700691682027,0.35470274817978265,-0.30768450816376386,-0.4387142192179709
166,0,-1.2933464021182255,0.9128773793109284,-0.6357800182324134,0.2740834685320352,-3.1603977066815734,0.528815538341922,-2.6491602893709505,-1.1718950614411856,-0.8261899797927668,1.9438322980272353,1.3762971728292028,1.0143427011850297
167,0,0.051866613231789316,0.40398932091573414,-0.34967077018242065,-0.18494485908730451,-1.217207473905274,-0.4571363675927502,-1.3901632119779643,0.18147917038510908,-1.6251685182578524,3.1588495495716336,0.04270053992349885,0.3273651600292408
168,0,1.0118483374267067,0.10648632306323691,0.3476427317238455,0.5577801895764936,-2.598208062672194,-0.11267247783850198,-2.757909338728534,0.4049856883456826,-0.8985620548184796,1.6688341718605315,-0.4718844465937001,0.8791447645487803
169,0,-0.6722478060043668,-0.10383232851449087,-0.8224877689390437,-0.4416206182697725,-2.9776406471401997,-0.6579900807727155,-3.151144174715446,0.3153562009822686,2.1223418225417108,1.8483431726778008,0.16355762677538138,-0.10277772820416495
170,0,1.3496323035970255,0.42289844946293087,-0.001246603019659176,0.0519614411783986,-2.0521464668124296,-0.5736660636055948,-2.122001912775188,0.8008464298864411,0.2472851968665175,0.026956502023004703,-0.6771533448498439,0.08120356904194613
171,0,4.951150257317533,1.5723625651526447,-0.7327633596435419,-1.2716116902781796,-2.5697251112503823,-6.114910316789459,-0.5243320157986489,1.2017974089520997,0.5457315268123164,5.642762740029708,1.8369150914970382,3.8317339331893145
172,0,2.712073905936643,0.7299349970031308,-0.4165997972227711,0.5162949216536673,0.46470164421878535,-4.00334502065752,-0.6312090931515595,0.9431758723613131,0.2215529469666424,3.133774330235104,-0.4251807447022368,1.1668962790206736
173,0,1.1640948464827456,0.7137980362934417,-0.996541535058757,-0.28816731432685455,0.8724654154323114,2.3663730598374784,-2.2874004683658615,-2.0878747845170977,-1.2958647791222102,-0.46035421492568496,-0.8162082382235287,2.7947829654374483
174,0,-2.29802733552392,-2.780672833697638,-0.5348363497811883,0.33900436981225046,-4.460405304080935,-0.3382030067998292,-4.08384247745812,-0.8238242042732384,0.5106398389538205,0.49833661291054643,-3.515735819639519,-2.5381711400329237
175,0,1.052416370812658,0.7220477521165867,-0.1490199841831652,0.3165627398554261,-1.1130563738225259,-0.11587534895614926,-1.0023023082864215,-0.2866206300857481,0.18099880931674317,-0.3692865838122952,0.47999460913761327,1.2106140548018474
176,0,2.2402423967192613,1.2285218693502555,0.8042442831415944,0.9330208609905208,1.1344463745334699,1.6463200381548244,1.0049469638235742,0.417165557284215,1.1973354219418866,2.8835388532701662,1.79682226614821,1.961864772805397
177,0,-2.0445779598357996,0.005164818780919234,-0.3716113739564566,1.1299488595318739,-15.417867306649221,0.3372438962548312,-4.407119278524254,1.3293640728890193,-0.05820154962918078,1.7922657794731434,-1.1993249729368889,-0.2679827540946312
178,0,1.3620264836040885,0.11851129849060182,-0.2915325601918699,-0.03874669889438401,0.06424676033712477,-0.39287621854530563,0.387858796129013,0.1029694406295345,-0.2505612394236394,1.8326354119891768,0.1757211043769657,1.2751521513995658
179,0,0.6268947437827901,0.9319888010592123,-0.010550518843867707,-0.03869691493776457,0.2856573283772552,0.7769945278933346,-0.26584957249260466,0.5187922766121389,0.7134703986422535,2.2443906166450365,0.7065895921588848,0.7547435307019732
180,0,-0.015728971397972025,0.35418147305457914,-0.5374217674018631,-0.12282757010247311,-3.0886580152477396,0.3548415742026414,-2.7228181119198087,-0.849812762813916,-1.045354615781318,1.7283305196924248,-0.3049661892452621,0.6472514028027792
181,0,-0.5769893047138934,0.38054703267242473,-0.16526160786785482,0.07768014643735613,-2.8291757785886587,0.20278375951559457,-2.7986329280134132,0.09221324984248547,-0.5550443723848844,2.135528736403108,0.26028995003762956,0.3912626191884363
182,0,-0.7920921905238734,0.7372262688402094,-0.07065946274356971,0.4336619474961436,-2.1767688299095576,0.17875072456190821,-2.470093857725743,-0.02494100366198726,-0.36499472227055607,1.0359255926578381,0.8652429101109912,0.8803462243851802
183,0,0.12979078965610835,-1.1540724092989771,-0.08992327182554405,-0.2477428225661643,-4.089182500667168,-0.18346756298264655,-0.905369166121889,1.1739268401060645,0.32905789889972015,2.2866810127734603,-1.606760715889856,-1.359098476385449
184,0,-0.2532868274990392,0.26857136060069386,0.21461073966840427,1.2063179631770204,-2.347715009952558,0.5433498904081775,-2.0198271805290906,-0.1675498729663607,-0.6348078592539954,0.6984559673552511,-0.16999753964505748,0.12467246159334053
185,0,4.403176938240121,2.3917290271301184,1.0463094810845632,1.4583054524616363,-0.6792830653362899,2.220517905281083,-0.6529591549196301,0.8917417202421909,1.2277797441842058,2.839913854471593,1.8116008693023147,3.7238102141550726
186,0,3.1225153854475307,1.8180181706062424,0.12791271850470132,1.4202731024525879,-3.4871951109763915,2.1946131363855983,-3.268079567674926,0.3345500723268673,0.09207847328528507,2.8562388142398554,2.052444326878722,4.16110372872164
187,0,1.4032208328032327,2.330667664245272,0.07920463133080169,0.36508680816625805,-3.481644233187025,0.9036107097850774,-1.9546755746927786,-0.04155460896515972,-0.5380631035364529,2.759755768963217,3.1020911499037904,1.601226593417471
188,0,2.1235906877666704,1.6388562429841125,0.18172829746053587,0.1870148267833463,-2.4825906602842767,-0.043308914233849194,-2.3827208824173844,0.02218601661628039,-1.4497550977891382,2.6318329852095,1.696840776757609,2.301907058995543
189,0,3.0724708182498155,2.2972541472319072,-0.42939917174282627,0.7150939936419494,-1.8485317897609697,3.190502570482991,0.026500180942935714,1.342543283372474,0.7307183231442202,4.015784060786723,2.6520426540447626,3.9856691343961375
190,0,2.28416983799696,1.457741570031585,-0.3856156123122396,-0.2929859115996163,-0.7665613422830637,-0.5503035475203859,-0.3410852585577775,1.5109710179692026,0.35949875512077556,3.270479784411255,1.4376912999892868,2.1896482422699943
191,0,7.255877572886852,4.490919703054001,0.9446410615775012,1.1574884764583473,3.9366642286394544,4.390653472320613,4.611629718156511,0.364269944241868,0.0435954969481962,5.018225793563093,4.775537183936943,6.741268647268291
192,0,0.42480554673628923,0.7728658064312484,-0.48373103712130217,0.5139279450366832,-1.1503635388280808,0.08872159642489574,-1.0823174453178943,1.192065824025236,0.10287372453233345,2.5154348911131983,0.6848765704313924,1.1553011421247261
193,0,-1.5523186745642157,-0.8570995186186279,-0.6907878693696459,-0.19030430558899067,-5.058680288403661,-0.19651467142609036,-4.5355822763715645,0.9133998050519461,1.5309366918729332,2.1264555205465756,-0.6980680268130106,-0.8692885470075081
194,0,1.9918918308980444,1.5598152663022748,0.954003591027659,0.7687944244566662,0.7517589775224258,0.4855050244214283,0.5419322298578741,0.2520172931184401,0.9533750333285713,2.888195059620778,1.4732326373385936,3.859125281868633
195,0,3.017785984624596,1.1580367194620909,-0.40407510040895467,0.14987727879042795,-1.8993646449691068,2.1490150752235735,-1.827837151101555,-0.01259672422773317,0.33039787424469025,3.2338517874410293,-1.1496515171499786,2.4856115746400396
196,0,2.1242937118946603,1.5103992773804347,-0.24827568907626762,0.28278920728928514,-1.1187356809933922,-2.1538715266073183,-2.099367365575789,0.3236193239265406,0.36865137145437554,2.0705488576519055,0.8451260388769531,2.1939288100533485
197,0,3.449342266007381,3.0800964274925926,0.5517768550469633,0.6687766584822331,1.8996609864421503,3.1798757896041643,2.1181702673580176,1.8385943279642518,0.5583654641834856,3.4818036803569408,3.1383391484898313,3.400204897299769
198,0,2.147410196787381,1.0588459036493836,0.10420705148608889,0.4305906347744967,-0.8081202755337686,0.815626270203273,-0.8760382810985163,-0.11665973561192455,-0.9154476875399897,1.9505284373111582,-0.21660067137091948,1.6019926784167926
199,0,4.681907395670472,2.9348586852553478,0.4492248727070436,0.8125394287289527,0.5759447782167321,-0.49362154937134584,0.6109330479384241,0.5474356254017998,-0.44903134831807634,4.2307116751651845,1.993417441606947,4.926257621716629
200,0,2.320325552190565,-1.281647155848768,-0.8267954539687636,-0.8091955001036736,0.2951149841039704,-1.131674857282281,-0.46377059461637593,1.6614896966330184,0.8700267102580179,2.531093618289188,-2.9534329055348407,-0.6017946122673336
201,0,-1.7368118923461147,1.7019061308654324,-0.35848281828653406,0.33388608883802334,-7.35909524465416,2.856085548382487,-5.794780284416742,0.18571217479406865,2.7354461252393216,4.55712902447552,0.5380217802434771,3.1488552145205713
202,0,2.2141156042271035,1.9998758475140992,1.8552089067093087,1.8828735673969967,0.9462541694530833,1.2625738081856221,0.5777724280753063,-0.9181181793181805,-2.4695016821079396,2.1182722893881225,2.0211041722779264,2.142984408872328
203,0,3.626865442396597,2.9606810217302346,-0.43178020306038256,-0.3108431137759934,-2.0502223205584764,2.1288568070990905,0.9828729192686119,0.6084457889355006,-0.06916549722690846,3.994901089435084,3.4323791974618754,3.0563108768013905
204,0,-0.12891281786287045,0.17704263340411508,0.13424151011976448,0.5334147779744458,-3.147236964497757,-0.6141760869578343,-3.117907002001811,0.7178549511553038,-0.21856665468738568,2.2914065683212312,-1.1818285923216456,0.06063902738042551
205,0,2.840997313257356,2.7573476279373317,0.40338544308794866,0.5174057796484731,-0.794640786070168,2.063203732890128,-1.1997450880651819,-0.7684682317638236,-0.7084332123706911,3.123276945893756,1.5766295273366144,3.301305533192504
206,0,-1.5845736914743656,-2.620510440278541,0.05406340425097156,0.43759503019154183,-1.8096693330839901,0.35093260383555247,-2.481520289473373,-0.3080884067656493,-0.24151312812125658,0.8371499073399544,-3.2870278463809197,-2.7064271659166343
207,0,2.2226611347713296,-0.05500555066982393,-0.6427774482879993,-0.44606980828877835,0.185287628599975,-0.9255757973537158,0.20147773648084844,0.7711065423466437,3.301456323553274,1.999849050345854,0.12349453186018108,0.9075891633260328
208,0,3.9668066230588943,3.8460840817318074,2.7011640277127498,2.71976839314531,1.9744032724047387,2.546070277620988,2.543551828018968,1.6521635556889258,0.8913086111495523,5.79772205074962,4.209560024738867,4.065344210730658
209,0,4.7978102772514895,3.8538600374057577,-2.0556384671799321e-4,0.3288319885582535,1.0026862658318683,2.0906015379038845,1.2831160242396926,-0.2673872183903896,-2.3255951604002654,4.9314384941195835,3.9487567866796334,5.631504252209635
210,0,0.8178202496445133,1.0305197272573396,-0.878637710621704,-0.7263556287778239,-1.2476064799807112,0.5290059001143987,-0.7250159961678948,1.0351226379181444,1.3006912965477797,2.497648359673061,0.767053237686489,1.936346465229925
211,0,1.935258789143858,1.2235526821238851,-1.2784446844623112,-1.4334732021021057,-4.533296444687716,0.41597932791587056,-1.209305928216251,1.0784047952316653,1.2668982942797054,2.0830211020915916,1.8947212139253988,2.163937846360526
212,0,3.2411004201054103,1.7778559742535727,0.8348695944696889,1.0661766920937932,-1.149439251604111,1.3898436767642188,-0.7943982335427613,0.8094231599284152,-1.532056557320637,2.1299611368314926,1.4321923217820345,2.480945113730139
213,0,6.37477835870319,3.622207819391715,0.42881422351534937,0.07054884769790067,4.262480146995284,5.500792080412726,4.590528373854141,1.1920170837637478,0.04630089336823984,4.9048193165446214,4.2025822406760405,4.587382223187783
214,0,4.334229214808528,0.5192301252611724,0.750528118294655,1.0793002751748393,0.1378781134703702,0.3652679019879166,-0.0028905588263352655,0.2986203636403095,0.629730244131419,1.3149431873005586,0.43270177306447993,1.1960747098998363
215,0,5.199546101120391,2.8463160832430354,0.6814583546216717,0.6668655798363938,1.62801121567656,2.917825169846367,2.100944954873796,1.1430518870183688,0.33694681300232965,5.412795484568398,2.536054049312301,3.6819510800651396
216,0,9.711097424196321,7.704894095796764,20813691627.82583,1.7923303091699698,5.689211914285845,7.321903564745323,6.122755343101623,2.944199737505116,0.09087297988928622,7.86370973045809,7.166211581503866,9.489339670689409
217,0,3.4946004596183027,1.1042872150557077,1.0982864843425002,0.9781894556906151,3.4214656966836636,1.8183954520847205,3.2367848451476497,-0.24979043599650108,1.2598536775542586,4.510660022684345,1.0344624614967928,1.8509094254651182
218,0,7.420508968305878,5.749563923690896,-0.10679321085590665,-0.3939909658573771,5.476994705092136,5.43183014345075,5.831858094320802,-0.2689072836116191,-0.46652685211035294,5.339250017211938,7.259025367000107,6.070398494126667
219,0,0.022761312675571688,-1.870298321421049,-0.6287314793784784,-0.3378225258808747,-2.148485703706915,-2.807839631189921,-2.426388116150237,0.629396924583081,-0.17152474198474277,0.887822615210319,-1.989649887755776,-0.7958543732542528
220,0,-1.4714763550562058,-1.462980639861362,-1.2072791705723418,-0.9226109157129172,-1.7972530342610251,-1.7228376862486865,-2.0182562641252204,-0.8512359316485067,-0.011583372658360958,0.5059220023174706,-1.5497014385687786,-1.1938792622275383
221,0,2.81073863777039,1.3168214972688101,-0.14392734073429025,-0.21204000799603293,-1.2925627293590884,-2.1176540797507872,-1.1990449486440902,1.7468405269544949,-0.11582331724084938,1.9597106446211177,0.6254406271482862,2.7039798150678522
222,0,-0.44227778745349156,-0.4406401941500402,-0.038524739101228,0.5374818995602263,-3.4769069443920446,0.01978432037090716,-2.968049919366247,0.42643522233362585,0.3211566074298391,0.03017491559669505,-0.48619923922894165,-0.3040119033884208
223,0,0.6370995919645281,0.7985783371392259,-0.7505249211525626,0.005772766473918414,-6.807085205788046,1.074317749886772,-3.6124134717512657,0.2526868676041696,0.7447087495111382,2.355592229085567,0.8751801456367222,1.698355545700982
