id,name,boot_mtd,att_true,att_est,att_est_debiased,lower,upper,covered,sd_boot,n_split,mu_model,time_on_matching,time_on_bootstrap
1,toy,cluster,3.01997288,3.041129245,3.041049871,2.266734268,3.815365474,1,0.395058981,1,linear,1.535,3.732
2,toy,cluster,2.871159403,3.100535715,3.100437339,2.312137295,3.888737384,1,0.4021939,1,linear,1.328,3.751
3,toy,cluster,3.294962605,3.263447055,3.263481262,2.333009326,4.193953198,1,0.47473058,1,linear,1.308,3.756
4,toy,cluster,2.937502682,3.145159655,3.146028549,2.553611207,3.738445892,1,0.302253746,1,linear,1.415,3.867
5,toy,cluster,2.957212411,3.143998893,3.143788932,2.654872941,3.632704922,1,0.249446934,1,linear,1.269,3.708
6,toy,cluster,2.93339325,3.14491381,3.144775065,2.586171627,3.703378504,1,0.285001754,1,linear,1.543,3.896
7,toy,cluster,3.146624036,3.394143694,3.394221988,2.93529709,3.853146886,1,0.234145356,1,linear,1.432,3.703
8,toy,cluster,3.003502433,3.348408915,3.348419008,2.509724347,4.18711367,1,0.42790544,1,linear,1.333,3.647
9,toy,cluster,3.109387269,2.933391933,2.933350284,2.256045266,3.610655303,1,0.345563785,1,linear,1.243,3.99
10,toy,cluster,2.907967146,2.929772498,2.929717655,2.046338401,3.81309691,1,0.450703701,1,linear,1.27,3.894
11,toy,cluster,3.018453287,3.209462045,3.209393018,2.557219074,3.861566963,1,0.332741808,1,linear,1.234,3.845
12,toy,cluster,2.915148242,2.829425405,2.829684959,2.144090449,3.51527947,1,0.349793118,1,linear,1.223,3.531
13,toy,cluster,2.960548809,3.227206481,3.226960658,2.445884785,4.008036532,1,0.398508099,1,linear,1.404,3.646
14,toy,cluster,2.880956862,3.248431805,3.248447388,2.486011896,4.010882881,1,0.3889977,1,linear,1.369,3.796
15,toy,cluster,3.027372558,3.235878666,3.235737329,2.404068258,4.067406401,1,0.424320955,1,linear,1.247,3.585
16,toy,cluster,2.982871487,3.274896236,3.27516806,2.550415326,3.999920795,1,0.369771803,1,linear,1.251,3.752
17,toy,cluster,3.162776902,3.113659388,3.113356628,2.38351745,3.843195806,1,0.372366928,1,linear,1.304,3.851
18,toy,cluster,2.929342974,3.162688987,3.162731811,2.536447129,3.789016493,1,0.319533001,1,linear,1.424,3.888
19,toy,cluster,2.975298661,3.292756197,3.292874419,2.678091937,3.9076569,1,0.313664531,1,linear,1.428,3.81
20,toy,cluster,3.057796197,3.339623845,3.339323319,2.777108022,3.901538617,1,0.28684454,1,linear,1.437,3.719
21,toy,cluster,2.95426414,3.150537893,3.150516898,2.355429426,3.945604369,1,0.405656873,1,linear,1.374,3.825
22,toy,cluster,2.941396598,2.998869842,2.998722878,2.36059558,3.636850176,1,0.325575152,1,linear,1.396,4.071
23,toy,cluster,2.815733803,3.214161308,3.21415473,2.397177169,4.031132291,1,0.416825286,1,linear,1.428,3.887
24,toy,cluster,2.989180824,3.286716528,3.286032701,2.556050645,4.016014756,1,0.372439824,1,linear,1.424,3.807
25,toy,cluster,2.954298328,3.104926797,3.104904119,2.444392017,3.765416221,1,0.33699597,1,linear,1.333,3.776
26,toy,cluster,2.998162204,3.300660267,3.300659939,2.524031506,4.077288372,1,0.396238996,1,linear,1.395,3.733
27,toy,cluster,3.138689879,3.166008645,3.171034072,2.510288883,3.831779261,1,0.337114892,1,linear,1.401,3.86
28,toy,cluster,2.970979135,3.138741939,3.138675331,2.334232961,3.9431177,1,0.410429781,1,linear,1.393,4.096
29,toy,cluster,3.000267459,3.09328466,3.093225975,2.338507101,3.847944848,1,0.38506065,1,linear,1.396,3.979
30,toy,cluster,2.98261076,3.143222944,3.143306209,2.449564574,3.837047844,1,0.353949814,1,linear,1.372,3.788
31,toy,cluster,3.10382922,3.240107077,3.240315498,2.484070262,3.996560734,1,0.385839406,1,linear,1.347,3.73
32,toy,cluster,3.00933,3.116049915,3.116450974,2.484250355,3.748651592,1,0.322551336,1,linear,1.357,3.66
33,toy,cluster,3.03879969,3.014988824,3.014892681,2.398952232,3.630833131,1,0.314255331,1,linear,1.293,3.875
34,toy,cluster,3.051732379,3.189587914,3.192275197,2.435446827,3.949103566,1,0.386136923,1,linear,1.417,3.897
35,toy,cluster,2.960223193,3.055744676,3.055820885,2.438832282,3.672809489,1,0.314790104,1,linear,1.342,4.004
36,toy,cluster,2.965271756,3.29756168,3.297430506,2.474349018,4.120511994,1,0.419939535,1,linear,1.405,3.671
37,toy,cluster,2.94693347,2.911796977,2.911835086,2.264145221,3.55952495,1,0.330454012,1,linear,1.303,3.621
38,toy,cluster,2.957537072,3.064284005,3.064417202,2.356666182,3.772168222,1,0.361097459,1,linear,1.279,3.629
39,toy,cluster,2.942459416,3.118572396,3.118484981,2.48047062,3.756499342,1,0.325517531,1,linear,1.273,3.575
40,toy,cluster,2.843148391,3.194305436,3.194166739,2.378484278,4.0098492,1,0.416164521,1,linear,1.282,3.689
41,toy,cluster,2.985914544,3.029766251,3.030050156,2.196503083,3.863597228,1,0.425279119,1,linear,1.245,3.469
42,toy,cluster,3.080538428,3.188414615,3.18820883,2.448527456,3.927890205,1,0.377388456,1,linear,1.244,3.607
43,toy,cluster,2.98067319,3.087522566,3.087560993,2.362349727,3.81277226,1,0.370005748,1,linear,1.266,3.512
44,toy,cluster,3.024268041,3.111997464,3.111858915,2.388631872,3.835085958,1,0.368993389,1,linear,1.256,3.575
45,toy,cluster,3.065493511,3.099064996,3.098274154,2.451325968,3.74522234,1,0.330075605,1,linear,1.291,3.638
46,toy,cluster,2.987558299,3.123743751,3.123586015,2.569352706,3.677819324,1,0.282772096,1,linear,1.263,3.682
47,toy,cluster,3.057248749,3.070788348,3.070575773,2.336361062,3.804790483,1,0.374599342,1,linear,1.268,3.576
48,toy,cluster,3.04306479,3.156479251,3.156480311,2.47235363,3.840606991,1,0.349044225,1,linear,1.255,3.552
49,toy,cluster,2.989612836,2.967135045,2.967277573,2.331462364,3.603092781,1,0.324395514,1,linear,1.252,3.615
50,toy,cluster,3.086252961,3.089406216,3.089886649,2.322639627,3.857133671,1,0.391452562,1,linear,1.255,3.635
51,toy,cluster,3.135974455,3.131251053,3.131362886,2.515963372,3.7467624,1,0.313979344,1,linear,1.332,3.654
52,toy,cluster,3.041786994,3.085522031,3.085579372,2.524174086,3.646984659,1,0.286431269,1,linear,1.294,3.778
53,toy,cluster,2.954459942,3.157297907,3.156805394,2.27805295,4.035557838,1,0.448343084,1,linear,1.255,3.623
54,toy,cluster,2.963423381,2.96998886,2.969553838,2.236680361,3.702427315,1,0.373915039,1,linear,1.227,3.538
55,toy,cluster,3.106430556,3.358005056,3.35803469,2.619506821,4.096562559,1,0.376799933,1,linear,1.278,3.633
56,toy,cluster,2.921505428,3.153921734,3.154924404,2.487238268,3.82261054,1,0.340656192,1,linear,1.292,3.505
57,toy,cluster,2.888632585,3.029502149,3.029011752,2.318987242,3.739036262,1,0.362257403,1,linear,1.276,3.608
58,toy,cluster,2.973723909,3.091339806,3.091347652,2.363946549,3.818748756,1,0.371123012,1,linear,1.304,3.669
59,toy,cluster,2.961010953,3.063379959,3.064087105,2.344173857,3.784000353,1,0.367302678,1,linear,1.232,3.547
60,toy,cluster,2.931914753,3.271401126,3.271906495,2.679175657,3.864637332,1,0.302413693,1,linear,1.272,3.571
61,toy,cluster,3.107346807,3.140424913,3.139964601,2.380942045,3.898987156,1,0.387256406,1,linear,1.256,3.532
62,toy,cluster,3.051166131,3.208925797,3.20863867,2.546886214,3.870391126,1,0.337628804,1,linear,1.273,3.631
63,toy,cluster,3.107239399,3.107522987,3.107501111,2.423936742,3.791065479,1,0.348757331,1,linear,1.278,3.654
64,toy,cluster,3.015220031,3.212087031,3.212136606,2.604304715,3.819968498,1,0.310118312,1,linear,1.28,3.738
65,toy,cluster,3.064958934,3.098110239,3.097967892,2.569699351,3.626236434,1,0.269524766,1,linear,1.237,3.557
66,toy,cluster,3.039105328,3.209408358,3.209351297,2.370262139,4.048440456,1,0.428106714,1,linear,1.246,3.567
67,toy,cluster,3.130392618,3.204962364,3.204711226,2.587398949,3.822023502,1,0.314955243,1,linear,1.257,3.586
68,toy,cluster,3.085682103,3.26425854,3.26421939,2.478926468,4.049512312,1,0.400659654,1,linear,1.263,3.6
69,toy,cluster,3.025314916,3.147244368,3.147287063,2.519338205,3.775235921,1,0.320382071,1,linear,1.264,3.642
70,toy,cluster,3.168685267,3.329856129,3.329830536,2.627140984,4.032520089,1,0.358515078,1,linear,1.304,3.734
71,toy,cluster,3.014869466,3.106223454,3.10877846,2.50954576,3.70801116,1,0.305730969,1,linear,1.23,3.521
72,toy,cluster,2.966756138,3.170457197,3.170481846,2.532970062,3.80799363,1,0.325261114,1,linear,1.264,3.483
73,toy,cluster,2.956816545,2.910496382,2.910531337,2.229603494,3.59145918,1,0.347412165,1,linear,1.293,3.519
74,toy,cluster,2.980123111,3.11736652,3.117193695,2.432195487,3.802191904,1,0.349488882,1,linear,1.303,3.565
75,toy,cluster,3.022342143,3.105398475,3.103719064,2.336357585,3.871080543,1,0.391510959,1,linear,1.272,3.549
76,toy,cluster,2.890789226,3.042930251,3.042884462,2.323855589,3.761913336,1,0.366851466,1,linear,1.302,3.647
77,toy,cluster,3.012244009,3.118309948,3.119479141,2.436926267,3.802032015,1,0.348241262,1,linear,1.285,3.545
78,toy,cluster,2.995009367,3.10530854,3.105138458,2.512855443,3.697421474,1,0.302185212,1,linear,1.264,3.544
79,toy,cluster,3.071822161,3.069215593,3.069355351,2.281460614,3.857250087,1,0.401987111,1,linear,1.255,3.588
80,toy,cluster,3.016142979,3.012594092,3.012916619,2.415752125,3.610081113,1,0.304675762,1,linear,1.267,3.509
81,toy,cluster,3.040489714,2.993037603,2.99328485,2.101321243,3.885248457,1,0.455083473,1,linear,1.262,3.538
82,toy,cluster,2.992432465,3.246790789,3.246334731,2.531665163,3.961004298,1,0.36462733,1,linear,1.272,3.79
83,toy,cluster,3.072628634,3.175033984,3.176023263,2.635736893,3.716309634,1,0.275656312,1,linear,1.24,3.465
84,toy,cluster,2.952051835,2.987306725,2.98747569,2.330907371,3.644044009,1,0.334983836,1,linear,1.256,3.482
85,toy,cluster,2.966467753,3.144299287,3.144282509,2.438706531,3.849858486,1,0.359987744,1,linear,1.24,3.464
86,toy,cluster,3.024169337,2.8988411,2.89872093,2.186955758,3.610486101,1,0.363145496,1,linear,1.254,3.595
87,toy,cluster,2.81343915,3.065360975,3.065084835,2.408126865,3.722042806,1,0.335182638,1,linear,1.258,3.586
88,toy,cluster,3.051033918,2.983825637,2.98407951,2.346108275,3.622050746,1,0.325495528,1,linear,1.314,3.781
89,toy,cluster,2.989541112,2.989700562,2.989709214,2.352213165,3.627205262,1,0.325253086,1,linear,1.325,3.606
90,toy,cluster,3.258998938,3.175372541,3.175580533,2.384241054,3.966920013,1,0.403744632,1,linear,1.262,3.638
91,toy,cluster,3.032508305,2.982521216,2.982252093,2.447442648,3.517061538,1,0.272861962,1,linear,1.266,3.621
92,toy,cluster,2.956557568,3.027802536,3.028045134,2.448537761,3.607552507,1,0.295667027,1,linear,1.269,3.606
93,toy,cluster,3.001748306,3.099014495,3.099623036,2.546570375,3.652675696,1,0.282169725,1,linear,1.279,3.583
94,toy,cluster,3.029672407,3.111470847,3.111539914,2.340937213,3.882142616,1,0.393164644,1,linear,1.288,3.708
95,toy,cluster,3.07890666,3.141366012,3.143029492,2.481724362,3.804334623,1,0.337400577,1,linear,1.255,3.577
96,toy,cluster,2.98750305,2.923815129,2.923409009,2.421509791,3.425308227,1,0.25607103,1,linear,1.264,3.633
97,toy,cluster,3.012003578,3.07369399,3.07369246,2.389382822,3.758002098,1,0.34913757,1,linear,1.278,3.567
98,toy,cluster,3.052557024,3.191149508,3.192370168,2.550142461,3.834597875,1,0.327667197,1,linear,1.336,3.746
99,toy,cluster,2.987294001,3.081858438,3.081699739,2.257228742,3.906170736,1,0.420648468,1,linear,1.361,3.684
100,toy,cluster,2.963766034,3.278008264,3.278002908,2.624772314,3.931233502,1,0.333280915,1,linear,1.504,3.564
1,toy,cluster,3.01997288,3.168641523,3.168622968,2.510707303,3.826538633,1,0.335671258,1,linear,1.596,4.424
2,toy,cluster,2.871159403,3.132361744,3.132356347,2.453766766,3.810945929,1,0.346219174,1,linear,1.388,4.533
3,toy,cluster,3.294962605,3.249479147,3.249479147,2.422845083,4.076113212,1,0.421752074,1,linear,1.386,4.536
4,toy,cluster,2.937502682,2.986794752,2.986794752,2.524331806,3.449257699,1,0.235950483,1,linear,1.61,4.363
5,toy,cluster,2.957212411,3.25864559,3.258717111,2.775840294,3.741593928,1,0.246365723,1,linear,1.352,4.516
6,toy,cluster,2.93339325,3.091420943,3.091340861,2.618896488,3.563785235,1,0.241043048,1,linear,1.426,4.759
7,toy,cluster,3.146624036,3.344752364,3.344738591,2.945842702,3.743634479,1,0.20351831,1,linear,1.324,4.394
8,toy,cluster,3.003502433,3.21796521,3.217971127,2.547961914,3.88798034,1,0.341841435,1,linear,1.335,4.32
9,toy,cluster,3.109387269,3.046102665,3.046050125,2.461552729,3.630547522,1,0.298212957,1,linear,1.393,4.406
10,toy,cluster,2.907967146,2.918720841,2.918726638,2.19171685,3.645736427,1,0.370923361,1,linear,1.38,4.683
11,toy,cluster,3.018453287,2.957916679,2.957916679,2.443073081,3.472760277,1,0.262675305,1,linear,1.392,4.508
12,toy,cluster,2.915148242,2.988768119,2.988768119,2.387392213,3.590144025,1,0.306824442,1,linear,1.355,4.643
13,toy,cluster,2.960548809,3.124704701,3.124745012,2.492238843,3.75725118,1,0.322707229,1,linear,1.4,4.86
14,toy,cluster,2.880956862,3.224758971,3.224751338,2.569163611,3.880339066,1,0.334483534,1,linear,1.359,4.571
15,toy,cluster,3.027372558,3.138126586,3.138126586,2.454741563,3.821511609,1,0.348665828,1,linear,1.41,4.489
16,toy,cluster,2.982871487,3.284448818,3.284571305,2.640641151,3.92850146,1,0.328535793,1,linear,1.388,4.581
17,toy,cluster,3.043119738,3.125773609,3.125773521,2.476417252,3.775129791,1,0.331304219,1,linear,1.566,4.381
18,toy,cluster,2.929342974,3.140303702,3.140303702,2.609346222,3.671261182,1,0.270896673,1,linear,1.375,4.466
19,toy,cluster,2.975298661,3.178308684,3.178313134,2.678974827,3.67765144,1,0.254764442,1,linear,1.357,4.381
20,toy,cluster,3.057796197,3.251242165,3.251187913,2.77501273,3.727363097,1,0.242946522,1,linear,1.573,4.388
21,toy,cluster,2.95426414,3.06438485,3.064399598,2.398851383,3.729947814,1,0.339565416,1,linear,1.376,4.434
22,toy,cluster,2.941396598,3.046516845,3.046662541,2.526366841,3.56695824,1,0.265456989,1,linear,1.372,4.702
23,toy,cluster,2.815733803,3.132620925,3.132620925,2.444907162,3.820334687,1,0.350874369,1,linear,1.378,4.754
24,toy,cluster,2.989180824,3.229970739,3.229970739,2.603475556,3.856465922,1,0.319640399,1,linear,1.336,4.539
25,toy,cluster,2.954298328,3.068956528,3.068956528,2.502466617,3.635446438,1,0.289025465,1,linear,1.375,4.443
26,toy,cluster,2.998162204,3.261560631,3.261617278,2.641267784,3.881966772,1,0.316504844,1,linear,1.407,4.324
27,toy,cluster,3.138689879,3.147497685,3.147497685,2.569641719,3.725353652,1,0.294824473,1,linear,1.587,4.432
28,toy,cluster,2.970979135,2.956312182,2.956312182,2.310283406,3.602340958,1,0.329606518,1,linear,1.368,4.543
29,toy,cluster,3.000267459,3.217815067,3.217815067,2.522283525,3.91334661,1,0.354863032,1,linear,1.401,4.711
30,toy,cluster,2.98261076,3.132619388,3.132709306,2.575178599,3.690240013,1,0.284454442,1,linear,1.352,4.462
31,toy,cluster,3.10382922,3.172630362,3.17254312,2.539413545,3.805672695,1,0.323025293,1,linear,1.38,4.665
32,toy,cluster,3.00933,3.114027639,3.114017679,2.612636687,3.615398671,1,0.255806628,1,linear,1.39,4.672
33,toy,cluster,3.03879969,3.031764706,3.031789062,2.500312637,3.563265486,1,0.271161441,1,linear,1.559,4.422
34,toy,cluster,3.051732379,3.32488323,3.324940765,2.725980643,3.923900888,1,0.305591899,1,linear,1.385,4.501
35,toy,cluster,2.960223193,3.189987382,3.189988676,2.645099922,3.73487743,1,0.278004466,1,linear,1.374,4.657
36,toy,cluster,2.965271756,3.224722953,3.224722953,2.527197961,3.922247946,1,0.355880098,1,linear,1.359,4.476
37,toy,cluster,2.94693347,2.955078436,2.955078436,2.406633998,3.503522875,1,0.279818591,1,linear,1.375,4.654
38,toy,cluster,2.957537072,3.087964335,3.087964335,2.475313019,3.700615651,1,0.312577202,1,linear,1.398,4.824
39,toy,cluster,2.942459416,2.997829629,2.997795819,2.431851825,3.563739813,1,0.288746936,1,linear,1.362,4.452
40,toy,cluster,2.843148391,3.124450548,3.124450548,2.424076818,3.824824279,1,0.357333536,1,linear,1.37,4.475
41,toy,cluster,2.985914544,3.084689038,3.084689038,2.407461167,3.761916908,1,0.345524424,1,linear,1.397,4.462
42,toy,cluster,3.080538428,3.261256009,3.261256009,2.579935368,3.94257665,1,0.347612572,1,linear,1.398,4.692
43,toy,cluster,2.98067319,3.085283015,3.085318917,2.466396366,3.704241469,1,0.315776812,1,linear,1.414,4.514
44,toy,cluster,3.024268041,2.964393757,2.964393757,2.338294566,3.590492949,1,0.319438363,1,linear,1.359,4.395
45,toy,cluster,3.065493511,3.091523584,3.091247547,2.464357999,3.718137094,1,0.319841606,1,linear,1.585,4.368
46,toy,cluster,2.987558299,2.966200174,2.966200174,2.415912179,3.516488169,1,0.280759181,1,linear,1.387,4.593
47,toy,cluster,3.057248749,3.046499706,3.046505466,2.506733082,3.58627785,1,0.275394073,1,linear,1.375,4.597
48,toy,cluster,3.04306479,3.145646536,3.145646536,2.582019537,3.709273535,1,0.287564795,1,linear,1.432,4.731
49,toy,cluster,2.989612836,2.982022745,2.982022745,2.394905432,3.569140058,1,0.29954965,1,linear,1.346,4.535
50,toy,cluster,3.086252961,3.178351787,3.178351787,2.574571064,3.782132509,1,0.308051389,1,linear,1.341,4.42
51,toy,cluster,3.135974455,3.183194747,3.183194747,2.606435286,3.759954207,1,0.294265031,1,linear,1.393,5.003
52,toy,cluster,3.041786994,2.981913593,2.981913593,2.467985439,3.495841746,1,0.262208242,1,linear,1.349,4.626
53,toy,cluster,2.954459942,3.064009939,3.063997951,2.375744365,3.752251536,1,0.351149788,1,linear,1.414,4.506
54,toy,cluster,2.963423381,3.167458787,3.167159669,2.582587212,3.751732126,1,0.298251254,1,linear,1.352,4.856
55,toy,cluster,3.106430556,3.202187803,3.202192742,2.579334,3.825051483,1,0.317785072,1,linear,1.36,4.581
56,toy,cluster,2.921505428,3.20203494,3.20203494,2.615457486,3.788612395,1,0.299274212,1,linear,1.4,4.496
57,toy,cluster,2.888632585,3.109423333,3.109417619,2.471048987,3.747786251,1,0.325698282,1,linear,1.392,4.448
58,toy,cluster,2.973723909,3.078047372,3.078179876,2.486496413,3.669863339,1,0.301879318,1,linear,1.585,4.376
59,toy,cluster,2.961010953,3.068195812,3.068461839,2.414023447,3.722900231,1,0.333897139,1,linear,1.384,4.509
60,toy,cluster,2.931914753,3.070535726,3.070535726,2.557219988,3.583851464,1,0.261895785,1,linear,1.495,4.793
61,toy,cluster,3.107346807,3.054635773,3.05463311,2.481887428,3.627378791,1,0.292217184,1,linear,1.407,4.882
62,toy,cluster,3.051166131,3.114906726,3.114906726,2.519586963,3.71022649,1,0.303734573,1,linear,1.388,4.467
63,toy,cluster,3.107239399,3.029059881,3.029059881,2.483830437,3.574289325,1,0.278178288,1,linear,1.394,4.516
64,toy,cluster,3.015220031,3.248468354,3.248468354,2.677968748,3.81896796,1,0.291071228,1,linear,1.337,4.458
65,toy,cluster,3.064958934,3.047892205,3.047892205,2.567272434,3.528511976,1,0.245214169,1,linear,1.517,4.381
66,toy,cluster,3.039105328,3.204490823,3.204490823,2.483732959,3.925248686,1,0.367733604,1,linear,1.354,4.43
67,toy,cluster,3.130392618,3.256499932,3.256506965,2.69314315,3.81987078,1,0.287430518,1,linear,1.382,4.619
68,toy,cluster,3.085682103,3.109722319,3.109722319,2.504024923,3.715419714,1,0.309029283,1,linear,1.389,4.681
69,toy,cluster,3.025314916,3.162133311,3.162133311,2.619745562,3.704521059,1,0.276728443,1,linear,1.34,4.538
70,toy,cluster,3.168685267,3.329437164,3.329437164,2.723482805,3.935391523,1,0.309160387,1,linear,1.425,4.422
71,toy,cluster,3.014869466,3.122950858,3.123031152,2.653619174,3.592443129,1,0.239495907,1,linear,1.362,4.777
72,toy,cluster,2.966756138,3.302666549,3.302694837,2.761909619,3.843480054,1,0.275910825,1,linear,1.392,4.533
73,toy,cluster,2.956816545,3.05057659,3.05057659,2.452072058,3.649081122,1,0.305359455,1,linear,1.348,4.5
74,toy,cluster,2.980123111,3.066646982,3.066646982,2.471704,3.661589964,1,0.303542338,1,linear,1.355,4.646
75,toy,cluster,3.022342143,3.184848042,3.184983265,2.43940014,3.930566389,1,0.380399553,1,linear,1.378,4.313
76,toy,cluster,2.890789226,2.979913423,2.979913423,2.406396296,3.55343055,1,0.292610779,1,linear,1.353,4.548
77,toy,cluster,3.012244009,3.211203025,3.211203025,2.643735661,3.778670389,1,0.289524165,1,linear,1.349,4.438
78,toy,cluster,2.995009367,3.131388165,3.131382974,2.611097831,3.651668117,1,0.265451604,1,linear,1.38,4.6
79,toy,cluster,3.071822161,3.155716212,3.155716212,2.485656285,3.825776138,1,0.341867309,1,linear,1.378,4.59
80,toy,cluster,3.016142979,2.970128113,2.970107207,2.465703286,3.474511128,1,0.257348939,1,linear,1.358,4.46
81,toy,cluster,3.040489714,3.04545213,3.045447931,2.350152793,3.740743069,1,0.354742418,1,linear,1.58,4.445
82,toy,cluster,2.992432465,3.159416567,3.159248283,2.562954851,3.755541715,1,0.304231343,1,linear,1.378,4.695
83,toy,cluster,3.072628634,3.22565337,3.225569961,2.728845092,3.722294829,1,0.253431055,1,linear,1.389,4.801
84,toy,cluster,2.952051835,3.090602481,3.090602481,2.51376336,3.667441601,1,0.294305674,1,linear,1.317,4.315
85,toy,cluster,2.966467753,3.232307684,3.232307684,2.675006919,3.789608448,1,0.284337125,1,linear,1.388,4.375
86,toy,cluster,3.024169337,3.010562063,3.010538696,2.40592031,3.615157082,1,0.308478768,1,linear,1.348,4.514
87,toy,cluster,2.81343915,3.085682003,3.085839545,2.534459256,3.637219834,1,0.281316474,1,linear,1.423,4.845
88,toy,cluster,3.051033918,3.15473255,3.154744471,2.549091692,3.76039725,1,0.30900652,1,linear,1.373,4.463
89,toy,cluster,2.989541112,3.038034555,3.03813244,2.43045621,3.645808671,1,0.310038893,1,linear,1.358,4.572
90,toy,cluster,3.258998938,3.256234923,3.256203354,2.52420196,3.988204747,1,0.373470099,1,linear,1.407,4.786
91,toy,cluster,3.032508305,3.045610736,3.045610736,2.597026595,3.494194877,1,0.22886946,1,linear,1.358,4.573
92,toy,cluster,2.956557568,3.087104437,3.087200274,2.580104146,3.594296402,1,0.258722514,1,linear,1.383,4.327
93,toy,cluster,3.001748306,3.158376114,3.158426834,2.589531169,3.727322499,1,0.29025289,1,linear,1.371,4.753
94,toy,cluster,3.029672407,3.096349677,3.096349677,2.422942972,3.769756382,1,0.34357485,1,linear,1.355,4.435
95,toy,cluster,3.07890666,3.197658908,3.198186638,2.652421602,3.743951673,1,0.278451549,1,linear,1.359,4.582
96,toy,cluster,2.98750305,3.062382416,3.06256881,2.507848412,3.617289208,1,0.283020611,1,linear,1.426,4.773
97,toy,cluster,3.012003578,3.088590254,3.088590254,2.518986146,3.658194362,1,0.290614341,1,linear,1.4,4.62
98,toy,cluster,3.052557024,3.196799717,3.19679893,2.63906386,3.754534,1,0.284558709,1,linear,1.388,4.574
99,toy,cluster,2.987294001,3.094008151,3.094008151,2.413532413,3.774483889,1,0.347181499,1,linear,1.412,4.79
100,toy,cluster,2.963766034,3.174822252,3.174832289,2.596797169,3.752867409,1,0.294915878,1,linear,1.334,4.308
1,toy,cluster,3.01997288,3.034540883,3.034540883,2.461249381,3.607832386,1,0.292495665,1,linear,1.675,8.101
2,toy,cluster,2.871159403,3.290483379,3.290483379,2.677271795,3.903694964,1,0.312863053,1,linear,1.723,7.607
3,toy,cluster,3.294962605,3.411026013,3.411026013,2.6735257,4.148526326,1,0.37627567,1,linear,1.63,7.452
4,toy,cluster,2.937502682,3.00610755,3.00610755,2.580219687,3.431995413,1,0.217289726,1,linear,1.659,7.688
5,toy,cluster,2.957212411,2.984688673,2.984688673,2.545141164,3.424236182,1,0.224258933,1,linear,1.538,7.759
6,toy,cluster,2.93339325,3.106672026,3.106672026,2.666033277,3.547310775,1,0.224815688,1,linear,1.698,7.948
7,toy,cluster,3.146624036,3.341786941,3.341786941,2.927843317,3.755730566,1,0.211195727,1,linear,1.63,7.489
8,toy,cluster,3.003502433,3.051775935,3.051775935,2.463268662,3.640283209,1,0.300258813,1,linear,1.894,7.544
9,toy,cluster,3.109387269,3.088071807,3.088071807,2.521238438,3.654905177,1,0.289200699,1,linear,1.646,7.738
10,toy,cluster,2.907967146,2.894005605,2.894005605,2.236670551,3.551340658,1,0.335375027,1,linear,1.831,7.546
11,toy,cluster,3.018453287,3.015595468,3.015595468,2.485520111,3.545670826,1,0.270446611,1,linear,1.757,7.801
12,toy,cluster,2.915148242,3.058367027,3.058367027,2.529474476,3.587259579,1,0.269843138,1,linear,1.66,8.159
13,toy,cluster,2.960548809,3.211445459,3.211445459,2.638230479,3.784660438,1,0.292456622,1,linear,1.676,7.84
14,toy,cluster,2.880956862,3.255235388,3.255235388,2.643438453,3.867032323,1,0.312141293,1,linear,1.655,8.044
15,toy,cluster,3.027372558,3.094260095,3.094260095,2.468900865,3.719619326,1,0.319060832,1,linear,1.743,7.534
16,toy,cluster,2.982871487,3.075235689,3.075235689,2.500650526,3.649820852,1,0.293155695,1,linear,1.684,8.014
17,toy,cluster,3.043119738,2.940112335,2.940112335,2.418176507,3.462048163,1,0.26629379,1,linear,1.62,7.993
18,toy,cluster,2.929342974,3.063300689,3.063300689,2.57180733,3.554794048,1,0.250761918,1,linear,1.689,7.891
19,toy,cluster,2.975298661,3.266714437,3.266714437,2.861561398,3.671867477,1,0.206710735,1,linear,1.712,7.89
20,toy,cluster,3.057796197,3.18517701,3.18517701,2.726096928,3.644257093,1,0.234224532,1,linear,1.683,7.689
21,toy,cluster,2.95426414,3.028687729,3.028687729,2.442445609,3.614929849,1,0.299103122,1,linear,1.705,7.878
22,toy,cluster,2.941396598,2.953513226,2.953513226,2.461961263,3.44506519,1,0.250791818,1,linear,1.635,7.411
23,toy,cluster,2.815733803,2.97124159,2.97124159,2.387335017,3.555148163,1,0.297911517,1,linear,1.606,7.759
24,toy,cluster,2.989180824,3.319904806,3.319904806,2.738771776,3.901037837,1,0.296496444,1,linear,1.518,7.737
25,toy,cluster,2.954298328,3.041711613,3.041711613,2.532069269,3.551353957,1,0.260021604,1,linear,1.735,7.776
26,toy,cluster,2.998162204,3.360486571,3.360486571,2.78665464,3.934318502,1,0.292771393,1,linear,1.596,7.168
27,toy,cluster,3.138689879,3.013010321,3.013010321,2.466588771,3.559431872,1,0.278786505,1,linear,1.546,6.98
28,toy,cluster,2.970979135,2.825587035,2.825587035,2.27982422,3.37134985,1,0.278450416,1,linear,1.485,7.16
29,toy,cluster,3.000267459,3.230017733,3.230017733,2.596551963,3.863483502,1,0.323196821,1,linear,1.513,7.068
30,toy,cluster,2.98261076,3.182173373,3.182173373,2.662985089,3.701361656,1,0.264891981,1,linear,1.498,7.043
31,toy,cluster,3.10382922,3.14905747,3.14905747,2.584157314,3.713957626,1,0.288214365,1,linear,1.55,7.259
32,toy,cluster,3.00933,3.246378031,3.246378031,2.730031663,3.762724398,1,0.263442024,1,linear,1.526,7.282
33,toy,cluster,3.03879969,3.152541791,3.152541791,2.631722526,3.673361057,1,0.265724115,1,linear,1.526,7.062
34,toy,cluster,3.051732379,3.318638137,3.318638137,2.773155254,3.86412102,1,0.278307593,1,linear,1.525,7.278
35,toy,cluster,2.960223193,3.259160599,3.259160599,2.747744627,3.77057657,1,0.260926516,1,linear,1.795,6.97
36,toy,cluster,2.965271756,3.246578368,3.246578368,2.619955856,3.87320088,1,0.319705363,1,linear,1.556,7.271
37,toy,cluster,2.94693347,2.948643474,2.948643474,2.465576434,3.431710513,1,0.246462775,1,linear,1.511,7.272
38,toy,cluster,2.957537072,3.209494516,3.209494516,2.606172238,3.812816793,1,0.307817488,1,linear,1.555,7.339
39,toy,cluster,2.942459416,3.142341008,3.142341008,2.590251075,3.694430941,1,0.281678537,1,linear,1.52,7.419
40,toy,cluster,2.843148391,2.965095346,2.965095346,2.361924148,3.568266544,1,0.307740407,1,linear,1.548,7.235
41,toy,cluster,2.985914544,3.129281274,3.129281274,2.523870382,3.734692166,1,0.308883108,1,linear,1.554,7.735
42,toy,cluster,3.080538428,3.201364392,3.201364392,2.570505353,3.832223431,1,0.321866857,1,linear,1.731,8.17
43,toy,cluster,2.98067319,2.994423495,2.994423495,2.439258359,3.549588631,1,0.283247519,1,linear,1.749,7.479
44,toy,cluster,3.024268041,3.029395127,3.029395127,2.455824078,3.602966177,1,0.29263829,1,linear,1.556,7.153
45,toy,cluster,3.065493511,3.063912686,3.063856667,2.537390039,3.590323295,1,0.268605423,1,linear,1.582,7.284
46,toy,cluster,2.987558299,3.018410082,3.018410082,2.546158621,3.490661544,1,0.240944623,1,linear,1.6,7.645
47,toy,cluster,3.057248749,3.143347176,3.143347176,2.648744922,3.637949429,1,0.252348089,1,linear,1.472,6.929
48,toy,cluster,3.04306479,3.195803714,3.195803714,2.735248879,3.65635855,1,0.234976957,1,linear,1.636,7.522
49,toy,cluster,2.989612836,2.929854835,2.929854835,2.365377405,3.494332266,1,0.287998689,1,linear,1.517,7.475
50,toy,cluster,3.086252961,3.336733979,3.336733979,2.830337492,3.843130465,1,0.258365554,1,linear,1.535,7.196
51,toy,cluster,3.135974455,3.169492277,3.169492277,2.576474336,3.762510218,1,0.302560174,1,linear,1.518,7.361
52,toy,cluster,3.041786994,3.013423809,3.013423809,2.498075306,3.528772313,1,0.26293291,1,linear,1.546,7.413
53,toy,cluster,2.954459942,2.924330449,2.924330449,2.335034554,3.513626344,1,0.300661171,1,linear,1.507,7.542
54,toy,cluster,2.963423381,3.270980962,3.270980962,2.677879409,3.864082516,1,0.302602834,1,linear,1.758,8.152
55,toy,cluster,2.86264508,3.040387648,3.040387648,2.537979367,3.542795928,1,0.256330755,1,linear,1.681,7.918
56,toy,cluster,2.921505428,3.044254421,3.044254421,2.540338658,3.548170184,1,0.257099879,1,linear,1.725,7.541
57,toy,cluster,2.888632585,3.04849666,3.04849666,2.518310573,3.578682748,1,0.270503106,1,linear,1.864,7.031
58,toy,cluster,2.973723909,2.946670662,2.946670662,2.447852847,3.445488477,1,0.254498885,1,linear,1.591,7.397
59,toy,cluster,2.961010953,3.080584984,3.080584984,2.464343134,3.696826833,1,0.314409107,1,linear,1.581,7.196
60,toy,cluster,2.931914753,3.096287542,3.096287542,2.603534539,3.589040545,1,0.251404593,1,linear,1.634,7.722
61,toy,cluster,3.107346807,3.032029556,3.032029556,2.550516019,3.513543093,1,0.245670172,1,linear,1.592,7.384
62,toy,cluster,3.051166131,3.060687399,3.060687399,2.538852846,3.582521952,1,0.266242119,1,linear,1.52,7.761
63,toy,cluster,3.107239399,3.171415163,3.171415163,2.645876544,3.696953782,1,0.268131949,1,linear,1.689,7.424
64,toy,cluster,3.015220031,3.227203375,3.227203375,2.640749294,3.813657456,1,0.299211266,1,linear,1.844,6.909
65,toy,cluster,3.064958934,3.13851695,3.13851695,2.685100941,3.59193296,1,0.231334699,1,linear,1.569,7.457
66,toy,cluster,3.039105328,3.174609825,3.174609825,2.623904068,3.725315582,1,0.280972325,1,linear,1.519,7.598
67,toy,cluster,3.130392618,3.151173187,3.151173187,2.603253517,3.699092858,1,0.279550852,1,linear,1.8,7.907
68,toy,cluster,3.085682103,3.211090492,3.211090492,2.688558997,3.733621986,1,0.266597701,1,linear,1.734,7.873
69,toy,cluster,3.025314916,3.042187395,3.042187395,2.572594711,3.51178008,1,0.239588104,1,linear,1.67,7.985
70,toy,cluster,3.168685267,3.196130495,3.196130495,2.70131396,3.690947031,1,0.252457416,1,linear,1.692,7.654
71,toy,cluster,3.014869466,3.123716852,3.123716852,2.670758399,3.576675306,1,0.231101252,1,linear,1.662,7.909
72,toy,cluster,2.966756138,3.156625805,3.156625805,2.667723292,3.645528318,1,0.249440058,1,linear,1.627,7.555
73,toy,cluster,2.956816545,3.073591457,3.073591457,2.574987362,3.572195552,1,0.254389845,1,linear,1.623,7.378
74,toy,cluster,2.980123111,3.108481499,3.108481499,2.609667119,3.607295879,1,0.254497133,1,linear,1.931,7.481
75,toy,cluster,3.022342143,3.269858282,3.269858282,2.640796423,3.898920141,1,0.320949928,1,linear,1.687,7.692
76,toy,cluster,2.890789226,2.901745221,2.901745221,2.405649647,3.397840795,1,0.253109987,1,linear,1.711,8.246
77,toy,cluster,3.012244009,3.25911746,3.25911746,2.756880028,3.761354893,1,0.256243588,1,linear,1.703,8.165
78,toy,cluster,2.995009367,3.185025539,3.185025539,2.670824665,3.699226413,1,0.262347385,1,linear,1.837,8.451
79,toy,cluster,3.071822161,3.317879579,3.317879579,2.809817973,3.825941185,1,0.259215105,1,linear,1.743,7.936
80,toy,cluster,3.016142979,2.895720833,2.895720833,2.419433748,3.372007918,1,0.243003615,1,linear,1.689,7.746
81,toy,cluster,3.040489714,3.160213172,3.160213172,2.633257161,3.687169183,1,0.268855108,1,linear,1.964,7.751
82,toy,cluster,2.992432465,3.094354098,3.094239776,2.552108044,3.636371508,1,0.276597822,1,linear,1.745,7.951
83,toy,cluster,3.072628634,3.093684646,3.093684646,2.673787538,3.513581754,1,0.214233219,1,linear,1.84,8.11
84,toy,cluster,2.952051835,3.133827594,3.133827594,2.609763151,3.657892036,1,0.267379818,1,linear,1.648,7.972
85,toy,cluster,2.966467753,3.204422634,3.204422634,2.739618364,3.669226903,1,0.237145036,1,linear,1.631,7.7
86,toy,cluster,3.024169337,3.173221236,3.173221236,2.65340795,3.693034522,1,0.26521086,1,linear,1.621,7.792
87,toy,cluster,2.81343915,3.102432033,3.102432033,2.62074838,3.584115686,1,0.245756966,1,linear,1.724,7.759
88,toy,cluster,3.051033918,3.264669327,3.264669327,2.717199458,3.812139195,1,0.279321361,1,linear,1.686,7.491
89,toy,cluster,2.989541112,3.129299698,3.129299698,2.578327887,3.680271509,1,0.281108067,1,linear,1.549,7.429
90,toy,cluster,3.258998938,3.273912491,3.273912491,2.635067224,3.912757757,1,0.325941463,1,linear,1.621,7.994
91,toy,cluster,3.032508305,3.09383079,3.09383079,2.626479952,3.561181628,1,0.238444305,1,linear,1.688,7.897
92,toy,cluster,2.956557568,3.131125575,3.131125575,2.67949114,3.582760011,1,0.230425732,1,linear,1.7,7.583
93,toy,cluster,3.001748306,3.336813333,3.336813333,2.764981342,3.908645324,1,0.291751016,1,linear,1.659,8.231
94,toy,cluster,3.029672407,3.426143935,3.426143935,2.801438761,4.050849109,1,0.318727129,1,linear,1.624,7.853
95,toy,cluster,3.07890666,3.064050045,3.064050045,2.594324173,3.533775918,1,0.239656057,1,linear,1.651,7.664
96,toy,cluster,2.98750305,3.108517138,3.108517138,2.558857581,3.658176695,1,0.280438549,1,linear,1.673,7.984
97,toy,cluster,3.012003578,3.348875388,3.348875388,2.777047963,3.920702813,1,0.291748686,1,linear,1.659,7.791
98,toy,cluster,3.052557024,3.167855785,3.167855785,2.706335909,3.62937566,1,0.235469324,1,linear,1.801,7.975
99,toy,cluster,2.987294001,3.124901257,3.124901257,2.551540196,3.698262318,1,0.292531154,1,linear,1.61,7.483
100,toy,cluster,2.963766034,3.153205884,3.153205884,2.636612342,3.669799426,1,0.263568134,1,linear,1.636,7.396