runid,nc,nt,f0_sd,num_bins,ninf,ninf_cem,true_ATT,diff,bal1,bal2,or_lm,or_bart,ps_lm,ps_bart,csm_scm,csm_avg,cem_scm,cem_avg,onenn,tmle1,aipw1,tmle3,aipw3
9,500,100,1,6,0,7,3.217092992779401,4.063165417485136,4.065222803548725,3.2653359896903735,2.617617944314486,3.3682311108112044,3.2179494136327076,3.231230772342193,3.122881197967448,3.1052928438762395,3.138139021787932,3.217982302565355,2.9719079241740713,4.073606746313689,4.060201769454731,2.9158014328551105,3.540692802465121
5,500,100,1,6,0,2,3.0374722135563,4.037851808031208,4.04319701055452,3.3019708385043076,2.8678960892670555,3.1610831731465616,3.5971778229156426,3.101710524512848,2.823590042554706,3.023954081765762,2.9077213523407703,2.8891795071378477,2.7196389213635026,4.049894864550099,4.040305440978248,2.1949639480941174,3.521028489372049
1,500,100,1,6,0,0,2.669720364898403,3.8731010136278665,3.873101114281076,3.3333147756640473,2.985035122534961,3.118910063914868,3.4774324546381763,3.19916328270099,3.0592790677614987,3.215849201213887,2.573293933731848,2.6681372751580685,2.824443475158545,3.874142734952712,3.871357011895317,2.6399663042511925,3.4363977624209396
10,500,100,1,6,0,0,3.376135032192267,4.3212313108623555,4.321107068435672,3.4960503175918065,2.9602902684013976,3.322793241058724,3.926182695289188,3.3596584449440563,3.2820688864022882,3.229206513899987,3.1217744864149592,3.1991894523344246,3.233779977695412,4.3321925513294754,4.31753503454667,3.3085361997381137,3.779541855360585
2,500,100,1,6,0,1,2.8120056782497236,3.8205305570533272,3.83371460193422,2.927024414975562,2.4151091289858253,2.8966391275557255,2.3501053541530768,2.876028648630581,2.788201285027311,2.7771081476231654,2.878863133699684,2.6584382021528423,2.942859882478003,3.896425869195278,3.835806069591446,2.8363640230063085,3.4043450070596495
3,500,100,1,6,0,0,2.868855478719807,3.961296057546365,3.9688376225555015,3.247014910104091,2.82512157665167,3.165296575657331,2.8110752921570104,3.1929262109718586,3.199886190252937,3.159301828260662,2.8702538994458804,3.155880003162739,2.970014518169445,4.014261080779334,3.969832217567573,3.162062544147056,3.4808553358425676
7,500,100,1,6,0,0,3.2576411616395946,4.2428696989372305,4.240993712163052,3.536292637799101,3.105458261976194,3.3829448010823704,3.2018253967924357,3.4449159723396416,3.424520133557293,3.3455841022529897,3.180202899205903,3.247569857938138,3.2595676016864665,4.254011802149399,4.241000594086736,3.190229533605528,3.7272806793970688
6,500,100,1,6,0,1,2.890078020763814,4.16129579191179,4.154040546676867,3.262572911617794,2.7572137896181745,2.98501824504516,3.7690735071186663,3.0662993718118443,2.8949577323946425,2.946269749460358,2.95469834301172,3.020913766944017,2.721561232151057,4.129339204379181,4.153790612091366,2.830722202162743,3.5086575098277475
4,500,100,1,6,0,0,2.9748852844891593,3.908998838870096,3.9107863641040983,3.22677538546022,2.666733267608424,3.28608125303042,3.8765306622852904,3.1811868382865436,3.246346077354546,3.073916391937381,2.553761626952742,2.672574844460545,2.9692233437055835,3.9062861297732985,3.9110659474212897,2.9234126984628848,3.3337550271764096
11,500,100,1,6,0,0,3.2282845397147715,4.142164178016838,4.143630415582427,3.4919311845481005,3.110114905308478,3.346397995751043,3.666196896806805,3.2797723319092453,3.190369450177747,3.271035444444573,3.0046995450475418,3.2105290690446733,3.07423947636448,4.12359659442763,4.14819021776035,2.9439392206114197,3.726668772807092
8,500,100,1,6,0,9,3.0831994029654455,4.156690377892663,4.153180313395589,3.3466362724525265,2.9076792900012243,2.992965314124348,3.153107482669422,2.937707184532698,2.7482723017512942,2.8364941667941412,2.6550174098528725,2.9358738595552936,2.493138634023124,4.169977734014094,4.15634298991856,2.815486764015738,3.146735247330511
15,500,100,1,6,0,26,2.834502474006269,3.76122203780717,3.7612221388293143,3.1568254007964835,2.6345307452059865,3.1441883822274,3.660608768406795,3.158386045908572,3.1722720789676275,3.0455889922656807,2.5263632534190092,2.8868285054751883,2.863811627103078,3.755436260672832,3.762862734239908,2.651069237615689,3.530659682487358
13,500,100,1,6,0,0,3.0545854762553297,4.2190538323417455,4.215675757274047,3.466251278412795,2.9991940613087444,3.418344560806919,3.7064068509344863,3.3726783466129096,2.9740308353585023,3.239177964273085,3.458816918645291,3.281823483440914,3.1754524795807404,4.213227147427908,4.226169268772403,3.6720597516291926,3.852942958520635
12,500,100,1,6,0,0,3.02538864988196,4.063887885317856,4.060535172822075,3.368754318602587,2.8839061510798194,3.3780143633707755,3.633554626045643,3.435073720433241,3.3054685634702974,3.3117270560048846,3.470645352923608,3.4931169833233664,3.391794284555,4.092640909849955,4.065901260529223,3.6732329600676152,3.66607629583109
19,500,100,1,6,0,21,3.096339634794408,4.150326153659375,4.147705755221427,3.354492797286424,2.8468929485232257,3.3414157846576553,3.0357429435877687,3.181845726680222,2.938383715127882,3.1104347822043454,2.6760430628107557,2.6978015401509756,2.9287197406951675,4.1485106867079224,4.153614998782578,2.08176835093532,3.6329584362241745
14,500,100,1,6,0,17,2.867772845443839,4.047303483127971,4.047325151904908,3.258203857534455,2.8043894264074476,3.217080177692646,3.773281454693545,3.1611420531689047,3.021781925936268,3.0360840991429434,3.3910166138022824,3.4206744619402105,3.023796509242829,4.048695847890007,4.044050473439896,3.3115745800280907,3.6252498473713968
17,500,100,1,6,0,0,3.118189979286788,4.143053130294958,4.146159567269898,3.3877414956811087,2.878357170051914,3.3416534113515906,3.460180448214931,3.2997213129491065,3.2266846242412557,3.1792490630863997,3.532590875456751,3.4109023032327803,3.215033051794028,4.121078736507297,4.143232111852896,3.553559816126564,3.70164214234003
16,500,100,1,6,0,16,2.9707323392235097,4.071441587237091,4.077609106305442,3.3291138413073265,2.8539650824847485,3.1304350719345404,3.6133284856786103,3.1809769795512803,2.9928420098284008,3.0825443416750877,3.3573185480018353,3.4758830371173657,2.805547523026905,4.102318589077646,4.075245998732075,2.697614572514211,3.4810551562075234
22,500,100,1,6,0,16,2.8735782660484683,4.02978341227492,4.025747805714225,3.2804584905829506,2.787391366589964,3.3486090332140788,3.2801738809474186,3.345019749834181,3.395950134356755,3.169664643584544,3.254067039371477,3.190866988244178,3.1647199374050743,4.003889641978343,4.0310794995320185,3.7191715983532023,3.627942557084967
18,500,100,1,6,0,0,2.8345288372375395,3.962823734542344,3.961020463098571,3.3017303917576513,2.903518933355749,3.140868024881168,3.2428982393242096,3.051814355706358,2.9992600853602065,3.0025381159928495,2.656323453542421,2.925441952473122,2.5971212088667848,3.9890240280900584,3.9654198727567223,2.970228800754199,3.2880855981156834
21,500,100,1,6,0,1,2.908163961117342,3.977140966079785,3.9761536110079065,3.1389049641160485,2.581939164784827,3.319639277661042,3.0668957228530953,3.1930646198516053,3.275094302813435,3.078554761452968,3.250791767442574,3.2268333825946174,2.976069397685733,3.973437972513787,3.977073122205906,3.306462681127957,3.565184623481107
20,500,100,1,6,0,3,2.8445375870850467,4.010067526307591,4.010313702202497,3.1096722474892786,2.6128360265867947,3.026517837156836,3.416960713023686,2.970716226224596,2.856316381770134,2.7775200065632166,2.798957560006045,2.5810328634350217,2.773308115426701,3.998602993848515,4.0143684093683785,2.020157502665239,3.4963894518289775
24,500,100,1,6,0,3,3.2846686867536796,4.1606893988450935,4.1612251570942504,3.380433025261365,2.9166050150056058,3.5506164409635677,3.1218795966223007,3.3867493825157906,3.3197309768666097,3.3064172767873865,3.200813348485682,3.1559525765400327,3.175897508974634,4.167662615359791,4.159773788429806,3.580398516665743,3.799495014284171
25,500,100,1,6,0,2,3.0186388855642643,4.037528502177368,4.044289413721561,3.337374846205816,2.7713613723329953,3.3261642745518496,3.626887709932851,3.221120228614753,3.0713163926686144,3.123516537485129,3.1114694215664116,3.087768642452086,2.970715502744884,3.997259929668135,4.038903473069995,2.9445910049736796,3.3790317059714896
27,500,100,1,6,0,8,3.0244683036671103,3.98308971850068,3.980060505539984,3.318290029429436,2.7230114324957415,3.1812413391506396,4.369498212126385,3.200809731515082,3.274788498920916,3.1225942074632664,2.9382414392328986,2.932456517544667,2.570765291248173,3.9935126139475265,3.97258105755901,2.323899497495359,3.6020692025214394
26,500,100,1,6,0,11,3.058313440692076,4.202828487606512,4.2042625479529026,3.3465436527465338,2.74153009695043,3.44621710488998,3.163579324543746,3.316952176241493,3.2240181401257946,3.24636837218279,2.9493963514718144,2.9513081235203584,3.13568057327673,4.182672245262629,4.209090541558945,2.6980205761991263,3.6102646059677457
29,500,100,1,6,0,7,2.9744641106819407,4.120544736123487,4.11892223084267,3.3691100968191243,2.9006438283473086,3.255388510267718,3.634536134008915,3.280413882787972,3.266504933556699,3.1888750850853373,3.2334487216977577,3.2236375531967134,3.126931030271201,4.133842489641019,4.119594336976195,2.626436334739122,3.684379394111839
30,500,100,1,6,0,0,2.9654581201813084,4.064629568468614,4.069567569461731,3.12874978858126,2.531689257916806,3.1617708757253977,3.662848735524017,3.071433419794237,2.7085358804468367,3.01502502907581,2.747162661529684,2.9413487351130705,3.0438664570123466,4.108143904864079,4.074961363313878,2.7616390746752852,3.5586023685943715
23,500,100,1,6,0,3,3.175011040162229,4.323762604057319,4.321428408040081,3.3876935875008627,2.8452502717586468,3.28428116100355,3.288668106742951,3.2038334301833835,2.922380823409635,3.057860765425282,2.6118838753192177,2.7664328066351063,2.8355900829163554,4.301963118703618,4.328371692222152,2.051692084795936,3.676057124982075
28,500,100,1,6,0,2,3.180026725381299,4.186456039251963,4.18354970564949,3.3899009474468835,2.8739373685259664,3.2576801266648716,3.7565563495571017,3.205409386074228,3.2192528721368836,3.0977104485072875,2.969517606529318,3.19035318557859,2.8748100156394916,4.142141683435491,4.191125839787562,2.9894166067467145,3.682954939101739
31,500,100,1,6,0,2,2.9877808651295004,4.1002170289254245,4.100746945951139,3.312598570310149,2.81010425610374,3.257133486898745,3.2199411554743067,3.2624104282008304,3.227430134893182,3.198501261539615,3.1388802719235365,3.2037427088173054,3.0021886374071114,4.124177508162715,4.096323557991901,3.0779110757394204,3.615555303286478
33,500,100,1,6,1,4,3.0751099711458942,4.012370824408434,4.0108747012392705,3.073818133156382,2.6373699937529707,3.1459813646993218,1.8265783656489696,3.087497707716416,2.7698910050304004,2.9517800581791755,3.044851456698904,3.1245749796749216,3.110156233223141,3.998681109232624,4.009979961816035,3.370643837804307,3.637104327858927
32,500,100,1,6,0,0,2.9316450227044726,4.012374993979481,4.025681434869642,3.1909052172273986,2.7024006539619165,3.2245290423004813,3.139991159955632,3.2589446332763012,3.275274035702581,3.2155581012423404,3.2076470794761853,3.163592270859074,3.167199949995706,4.0169368947523845,4.023692933784879,3.5013093196768112,3.6269825357270657
38,500,100,1,6,0,22,2.771138741961018,3.888947023256107,3.891456973588453,3.25681458260037,2.9007705849399277,3.2700074662954632,2.7950571497326777,3.2729227971323462,3.172043230102255,3.1880542806499985,3.4490030618055547,3.7215498000722538,3.1419982464958345,3.907800452056271,3.896768093861361,2.837160833623886,3.4641209093554286
36,500,100,1,6,0,17,2.877631961904973,3.975362037185727,3.980487629221265,3.096513237071732,2.5265495247221397,3.102953419396472,3.1098901752060835,3.044033319989798,2.794269976662884,2.933250247434634,3.411547047976984,3.348407006966863,2.8747357676488203,3.972267513478031,3.9773380860969545,3.367967991160744,3.2648537438711034
35,500,100,1,6,0,11,2.875924101955135,4.090433104671197,4.089469692457989,3.2646092562317524,2.683125110437778,3.4317446588796425,3.8231011324069586,3.183489922796272,3.2767864148168364,3.1141037307721886,3.324156915252958,3.3023222369975755,3.086197155795974,4.0858305161827175,4.0916594651334215,2.6477767369880207,3.675729505393276
37,500,100,1,6,0,1,3.21093918053883,4.260205104025829,4.260974844830226,3.5071265473482276,3.0454519152515105,3.3664720097682403,4.036147061315389,3.3657944080858915,3.1820533036433396,3.3086501554756564,3.24893368597706,3.44408674410393,3.0415946725323755,4.279973060498619,4.25889583452685,2.904345854919532,3.6568157012539646
34,500,100,1,6,0,3,3.0657967246098594,3.953693168849679,3.9537651085842183,3.259642522202568,2.792505092977483,3.228410935139669,2.851691252820391,3.0845521050765834,3.0371919834464176,3.017310687900749,3.024374120185602,2.9519183888047484,2.8089914906973723,3.9473539727198657,3.950449689300488,2.4348592757208634,3.17647269282632
39,500,100,1,6,0,0,2.769732397734937,3.875144643663988,3.876568593372691,3.117154894751367,2.686119576161417,3.0024485322938577,2.964111577775644,3.0052930885943487,2.9062515208875324,2.8990462869847065,2.802611804463056,2.79453866162632,2.8936297234090587,3.918404144920939,3.872073590091455,2.491440260285414,3.1826772226356224
40,500,100,1,6,0,0,2.9544262194863644,4.146669577941359,4.152020627909906,3.5040723017265156,3.1288983307574014,3.234093079642928,3.7878885514382192,3.191682539179797,3.076113418151577,3.188133796525044,3.0559403922822748,3.138631672105494,3.1276378587611644,4.120006809993747,4.148676611783686,3.2261559679983276,3.5870596721053443
1,500,100,0.5,6,0,36,3.036847192856051,4.0876310985048026,4.092500861913185,3.405650740272046,2.8477808639000872,3.2953381417028202,3.3066541000417375,3.4113818906455977,3.359191572333483,3.2978209698379883,3.2243675735015627,3.2762208212544115,3.282387305787104,4.056530587462359,4.084956289921684,3.226658415182229,3.56965805631291
8,500,100,0.5,6,0,0,3.070828809533848,4.105300566335362,4.1053006756223835,3.3358864186543578,2.90877908095541,3.0217505355056966,2.9828289926992557,3.1583642586156673,3.1502117625866566,3.0774404129414705,3.0900006124036796,3.0392753018279572,3.0566588946481863,4.104462758562769,4.105124745951055,3.34715886673883,3.340327384787313
3,500,100,0.5,6,0,2,3.088899684945179,4.124562755954885,4.127418292208008,3.3573454789868222,2.7708344335164132,3.314866301423734,3.225026324769516,3.3633177368671054,3.263000542669495,3.341388940099778,3.3063676662822337,3.4180795327534312,3.303512142330688,4.104261253965386,4.12201091008877,3.6737411719498705,3.501357273660769
4,500,100,0.5,6,0,6,2.9313788738557958,4.018617119601954,4.0278591907572565,3.202973148667618,2.582151672228907,3.155376351059869,3.1096075453984744,3.123612670843004,3.0782076609170703,3.0346758445677455,2.818313971852927,2.732495852930395,2.8539692179328684,3.9959529593761665,4.015665677261878,2.9801100172043506,3.170326508281846
2,500,100,0.5,6,0,0,3.1125133135611383,4.258270735547418,4.254738412165491,3.4467233979709917,2.921789652398405,3.316328777362043,3.490983561743147,3.457994622956602,3.2452144582110076,3.305407993273687,3.3155590572313107,3.2796103192487127,3.3221736379608826,4.2173603437499105,4.251413379800425,3.585960078909003,3.554300359430149
5,500,100,0.5,6,0,0,2.988702352946936,4.126146409060249,4.126244716734185,3.485679386285306,3.0982333959525183,3.1901736943698222,3.4347190179422,3.338099782700077,3.2794000384760835,3.2767491913318327,3.266596931061052,3.3602238182440285,3.276865360772878,4.131438034674076,4.127619449840562,3.5389854591796794,3.4375669633790125
10,500,100,0.5,6,0,20,3.0912677702941327,4.103321239221331,4.104399090282458,3.440473452159445,2.9576142273139765,3.3722085084900457,3.397812167514405,3.4061987456874903,3.207898309096951,3.3235722162321215,2.826102054405334,2.919345669909398,3.1538565746877945,4.0701434061251565,4.104000212817308,3.6321140239790517,3.4875509967543263
7,500,100,0.5,6,0,0,3.011170435761977,4.009819398076001,4.0093431507631285,3.2405982616679294,2.6857476163353367,3.020009932969012,3.4594472083609507,3.159120354146765,2.9931310899104036,3.0171143025588316,2.963415545328637,2.9728094329756685,2.9325486558030045,3.9909716715012773,4.0106570474472365,3.2522745512694144,3.1662950771801412
6,500,100,0.5,6,0,0,3.0470832111845776,4.061632552233647,4.0572553968202145,3.2954753543799153,2.827104547488289,3.1028786141744726,3.107010793985567,3.2172252448349115,3.1614684969359583,3.130804163079537,3.1370923186849398,2.9978993892737718,3.1079120824072763,4.027286178432648,4.065305923527882,3.383243565246464,3.294421224595058
11,500,100,0.5,6,0,0,3.095919027025928,4.122278630121755,4.119648274213459,3.400510767847349,2.9733630981152683,3.2070973713614883,3.405417409815339,3.2462385391920066,3.2011445815722697,3.161821299443613,3.1758517079106996,3.126081329599786,3.137754735421675,4.091147122505947,4.120874207911246,3.5269358236325243,3.3624027397097986
9,500,100,0.5,6,0,3,3.148563905390635,4.040377776302398,4.041132238662209,3.273715725196489,2.8412477116300594,2.960532798477537,2.996935770491433,3.139908151599802,2.959704663429193,2.999929418694352,3.0466720626347144,3.036464941929781,2.9104478527001714,4.05437390056592,4.039881149171578,3.2485360430798402,3.2414543704480505
12,500,100,0.5,6,0,6,2.9691199026820434,4.04017914284624,4.041143194152086,3.340445049780917,2.8942573245315315,3.0810744623914985,3.180535285568725,3.200806037530258,2.9719600427917348,3.1090809599757128,3.2497753771854256,3.26550353430982,3.067466369313771,4.045303484547231,4.038526105858314,2.5000360945935083,3.3357726034705224
16,500,100,0.5,6,0,0,3.0031797209645608,4.039591854837968,4.038050674984358,3.325656298856445,2.8666004369513423,3.094107771689879,3.313106696234491,3.183991766289033,3.0479971423188728,3.1127994968757458,3.3024367282110028,3.197975681666782,3.0041092022987437,4.022044169975948,4.032561892447001,3.1996223256892584,3.289947367705364
13,500,100,0.5,6,0,4,3.0825630101079047,4.129418446578354,4.1271048722875925,3.3789291122300007,2.8076556341882934,3.2218707234515884,3.3355774823146067,3.2730125464275934,3.265802227877332,3.18302713718367,3.0663787354660554,3.1271228381099636,3.035712156391451,4.124932154304082,4.127854659356719,2.7691353068056874,3.451988625922622
19,500,100,0.5,6,0,0,3.058060852528057,4.099260003392427,4.098643089265561,3.351073015737347,2.780558821401823,3.1912125520685106,3.1340301936897887,3.2480882987040047,3.1048672546982345,3.234765090418813,3.095578865847262,3.1988983711052246,3.0753156834498396,4.093897812922479,4.101781909814566,3.153960670579033,3.307317220888433
18,500,100,0.5,6,0,0,3.0020034573768735,4.187145764380892,4.18631692192791,3.4934885793426806,3.0918726364470377,3.130776569797049,3.481728800270197,3.2101416785975285,3.1521638468156787,3.196188051138651,2.9969106193289656,3.0991570264223736,2.990866844316046,4.168950772778797,4.187743973180703,2.7719665105766618,3.330473242151958
21,500,100,0.5,6,0,8,3.0189289441590925,4.136860639177123,4.136976434788718,3.3370093941919254,2.7178089711337265,3.313740942488643,3.37366068377111,3.356426689933582,3.381111782667845,3.2570020607068404,3.237989908339989,3.339837107316475,3.2666372185179755,4.141293710691986,4.139455351889986,3.6219473810755347,3.5398816794124937
17,500,100,0.5,6,0,0,3.107305438403985,4.090278407763125,4.099146009292739,3.3671626408467663,2.8616234084116843,3.2849724075336106,3.1704105868810437,3.3590535815521676,3.275764392753059,3.2799063381828457,3.3406168787237656,3.3518381935030064,3.2622070617189465,4.052307562989747,4.091349479535032,3.3832874692241743,3.485545862531725
20,500,100,0.5,6,0,0,2.9706791970414277,4.037806352746038,4.035505629689881,3.290304858554383,2.815468535422028,3.1131146403793113,3.4585309312186503,3.1772985087879526,3.1285534274669153,3.0818959158338233,3.120626132481931,3.105181350838138,3.044451734962709,4.015573376507379,4.038627164790326,3.2549111182182977,3.2845855647159254
15,500,100,0.5,6,0,3,3.0757963166045807,4.0033760507615135,4.003326743607522,3.309270711495989,2.8597566586539798,2.9813371219753826,3.384951336074617,3.1250416864421267,2.965909552718389,3.0077515377081108,2.8964665613425877,2.923199133815497,2.936223569765529,3.979381380631614,4.0045799564533455,3.1876430144064485,3.164203220281317
14,500,100,0.5,6,0,0,2.957635248719394,4.136679594413307,4.1369602686500055,3.2695152563346097,2.757946598536509,3.025295593815591,2.86989495355982,3.111610589448431,3.0707106321380317,3.0894865724783402,2.900475901565434,2.9868476240974866,2.8858138032968847,4.148514271982882,4.135981745014641,3.0602710614420374,3.2835374043605836
22,500,100,0.5,6,0,0,2.989803748533243,4.103003060677619,4.103004284648973,3.4067090837041993,2.9879761097535384,3.1949544468767646,3.4163010142083072,3.255895982507835,3.16904231116363,3.200970156811551,3.100826157539239,3.128461224067947,3.1048064548435255,4.123224369055739,4.102057339946142,3.450186582251712,3.331982860257605
23,500,100,0.5,6,0,1,2.910219009656111,3.9517170674447737,3.9516985621514236,3.265157808318575,2.83190852519038,3.0610081273254695,3.224688093405235,3.1114366872585206,3.1180407510106907,3.0608427334147716,2.849225956814707,2.9391017604053316,2.7688983683536934,3.97036258871264,3.952310682397632,2.8042825319514475,3.210231108335053
28,500,100,0.5,6,0,39,2.995127093313716,4.037850166808782,4.0380087049683935,3.272208380963555,2.730253707135473,3.1743087790030304,3.1293062089844126,3.171394787748751,3.027802831771637,3.051298159011581,2.751919532404644,2.780359834676207,2.9050899299589963,4.05268260593591,4.038059849348497,2.3232602761339316,3.29954342947946
24,500,100,0.5,6,0,3,3.0142682623493084,4.027626370900485,4.022522995187081,3.1811123380546533,2.6428225622489823,2.9893298535915886,3.1508992266802434,3.0487246620538713,3.111592296521688,2.9858529438089914,2.921746162379849,2.9952729330851176,2.7327434515022055,4.0686558314843415,4.027628950681324,3.0440188547908247,3.245485659434607
26,500,100,0.5,6,0,3,3.0468349311256735,4.147466770834749,4.147466880069514,3.3552148364520376,2.928742870790291,3.1974003152330996,3.156935492494024,3.280920846606638,3.121697445651801,3.2086226493725922,3.277652579487838,3.2703390906411043,3.1961327376933104,4.158317747561517,4.145779801901822,3.535615947329003,3.3505367903180234
25,500,100,0.5,6,0,3,2.9930741802789305,4.017965196847856,4.017025414813096,3.2082464299473417,2.762959515312914,2.924706730237408,3.17664293255054,3.0476481967771987,2.998973645719884,2.9804458237069147,2.9229763169195317,2.9435327649545195,2.984251698309702,4.024192622481105,4.009400755178324,3.159445952317726,3.0842156275638826
29,500,100,0.5,6,0,2,2.8410779128086157,3.966515458768807,3.968442928603305,3.1442190483920465,2.656972472775528,2.9603817135875476,2.8077090993513556,3.0657116031204286,3.0156960649362734,2.963774836371683,2.965000340971839,3.050877608755635,2.890157517342213,4.012641546964741,3.968492900259399,3.2118783798964663,3.1452727923102364
30,500,100,0.5,6,0,0,3.0720088702100248,4.125826570715638,4.127422787607127,3.4517689416852635,3.004523303314579,3.2233544461518386,3.583495388865977,3.339291505603768,3.2735523135557667,3.2397407308734243,2.957553795295725,3.0051101868804126,3.041394524505942,4.149532631104445,4.12771244233864,2.822841444516695,3.3760453947841254
31,500,100,0.5,6,0,12,3.043425430687611,4.061408844903202,4.058608401957667,3.288174348520064,2.7692984398433906,3.1259540439224947,3.5552270085762903,3.1592388541896783,3.111987797583555,3.075240974555035,2.8615242665158975,2.807021150610752,3.018618811835845,4.050523941890117,4.046913945880793,2.9320130963851034,3.3414951070734324
27,500,100,0.5,6,0,1,3.0299062267990062,4.102018615746515,4.1037528507998635,3.1951711436129484,2.6227682558153576,3.1599259975047613,2.9767508846143773,3.1434910033692454,3.0600655351818666,3.0476312942415618,3.070222204930391,2.9987309195569516,2.9862690899509596,4.112422767334847,4.10235248936133,3.149765533305698,3.422222645547672
33,500,100,0.5,6,0,5,2.952277245103229,3.95224819873794,3.960776871516152,3.2739261445317425,2.7860709414156535,3.1079216415791238,3.061346007746293,3.2317973130949396,3.0820633746629023,3.1355641631374302,3.263054681495767,3.22208618379622,3.1723855265286662,4.010737331993239,3.951832716547389,3.29957825128016,3.2966111792096155
32,500,100,0.5,6,0,6,2.948260819656276,4.02945181215498,4.030366580245396,3.356527876933897,2.8994469586080065,3.223477710440472,3.4299400082981544,3.254445342530622,3.176949197492985,3.192293128441613,3.1498565618622187,3.1493696918054175,3.022271070237357,4.0077856987153755,4.029716089916127,3.2872346684240252,3.19994617305828
34,500,100,0.5,6,0,0,3.0119848619896104,4.012869618975272,4.0125965588557335,3.1952881214951674,2.6104523805945754,3.1497438840065928,3.691252775921093,3.2166720751195106,3.0959661367915574,3.0895838214071354,3.018480247372537,3.111910533603969,2.941680708403851,4.016448640801716,4.009125195891032,3.2328137527580934,3.261828016309399
37,500,100,0.5,6,0,4,2.976602036199573,4.006034485330797,4.00523506104405,3.263622386089849,2.7528435887325,3.1366929194283055,3.2196106106744278,3.216657862388809,3.104451017831882,3.1268454039485505,3.007660596330017,3.027153307969538,3.056248470457038,4.028505178122582,4.010650620633976,3.392656120138888,3.232900901208069
36,500,100,0.5,6,0,23,3.078313093433103,4.175225453908089,4.177621898577501,3.4593139407000066,2.9862776391120684,3.24359805786292,3.3452388664416395,3.370275649088331,3.3348415876753386,3.283584481190685,2.8569452314523307,2.8660637131147944,3.2470451958029365,4.155417166556566,4.183699118723704,3.464164737356324,3.38168708467653
38,500,100,0.5,6,0,13,2.9670386791045043,4.0139161043405736,4.0149614695568365,3.349219193567068,2.9528823479312747,3.078195870167237,3.313452345804075,3.2140694788154436,3.1081435330606713,3.0898090535644602,2.843292082111372,2.850777336198867,3.018372003673532,4.004043257783303,4.011656777997274,3.4190559476411373,3.2568734885112143
35,500,100,0.5,6,0,14,3.0736768780160917,4.127214932704025,4.127215045875108,3.378617551807273,2.9096235686382252,3.2310504862919327,3.3470153562711076,3.343380386144741,3.273211379911465,3.257529866933764,2.982701958789902,2.96184276517471,3.122549916494486,4.123541286098221,4.118903272061635,3.0733870290608127,3.366478108574787
39,500,100,0.5,6,0,23,2.933867353369851,4.0043901097000845,4.00427141368691,3.307390143036459,2.7815483228937805,3.11377834471076,3.220905430192315,3.251780375783614,3.1898425271792927,3.176479220646544,2.4945004208414927,2.5070204908654325,3.0464987852595202,3.990055089519735,4.004099944477645,2.830409853559589,3.256765693735337
40,500,100,0.5,6,0,0,2.984058701917291,4.112362548346258,4.112061261557936,3.4062893153904,2.83772830570218,3.139102736022672,3.435949285536026,3.296818221180618,3.0304164041264876,3.1604486587134373,2.9810926508634132,3.0017516616537385,2.994354677493985,4.128635729784479,4.111058067691921,2.878680746428003,3.363524714387815
4,500,100,0.5,6,0,6,2.8628998355927555,3.9570882253174364,3.957575112435671,3.163215818088898,2.7015268348547044,2.8945717921199337,3.111536603648541,2.988604941699208,2.973987037746954,2.904469446202399,2.59439998684637,2.669547823205529,2.7968382416048563,3.976580205048799,3.9590217935397436,3.071838321098455,3.0030022464778625
3,500,100,0.5,6,0,0,2.95831452576666,4.081138062903657,4.0823832872752925,3.2313857420725327,2.7058336351959857,3.1161799053559602,2.7183210533618736,3.1801056742793232,3.0408903335878694,3.098222482480792,3.0055257488984504,2.9672111925839744,3.0441616353942473,4.0653020328154374,4.083307418941411,2.6626204576329515,3.288485129580661
7,500,100,0.5,6,0,9,2.88766462069658,3.9161204524264024,3.9144873052678477,3.1689957992741284,2.5833250956751184,3.0568892649894606,3.3479960739880976,3.0974227027813255,3.062330387193162,3.0151219638560125,3.0467998090196104,3.049816922647162,2.8664165624206213,3.9406215620409033,3.9206045620515653,3.381702070748952,3.181873917718718
5,500,100,0.5,6,0,6,2.9860014645857333,4.130788129245088,4.13011479587329,3.3667794874242247,2.9037139030152526,3.1417750178707,2.950122914791214,3.2643152939160958,3.2476914947783113,3.191135387160772,3.074024076405287,3.0977830763550678,3.096517280928585,4.145362883378356,4.1259634803456064,3.3598134163081874,3.2860010987941486
1,500,100,0.5,6,0,0,2.974207434405838,4.046798478679229,4.046441488962449,3.3390671845061366,2.8255413767628497,3.197763125610155,3.521924761246704,3.3223575615184133,3.254038669779847,3.2133734467133923,3.178968424421136,3.180740424969252,3.2265641179215345,4.042353231837208,4.045465237341665,3.4694949933034334,3.4056775314226466
11,500,100,0.5,6,0,0,2.8344468198838864,3.9909138775464856,3.991767344494724,3.324134624275918,2.832795518371456,3.146216616713117,3.3310646895164266,3.2388414611706713,3.1702130072545485,3.14414068940465,3.0155210182105048,3.0274287677243334,3.109109390557956,4.019602944353925,3.9898211103418775,3.40483368475253,3.3559935304413426
6,500,100,0.5,6,0,7,2.983944190343482,4.087927962949717,4.089423360232118,3.1220884974475522,2.5501439911146573,3.1013509800295016,2.9950389425443067,3.116131811979522,2.937747893878459,2.9996377418620037,3.1789602316757435,3.1909426631117466,2.974110477869349,4.132283519804089,4.087318429896303,3.1950177708099172,3.158635743812918
9,500,100,0.5,6,0,0,3.0273700026390484,4.043732060161894,4.045543212749443,3.209008519563012,2.730179556820347,2.9904608107926993,3.23085531575631,3.091169669961957,2.990983411153379,2.982270128462998,2.863541103425918,2.908283790365256,2.9527673926950024,4.075172561738105,4.040464848350519,3.2834841572313223,3.1783345689489706
10,500,100,0.5,6,0,0,3.148126210001162,4.202576070439693,4.207268186177521,3.3691676917244218,2.796138409351542,3.3326838513903385,3.3391000736511343,3.3498071326976167,3.2985153256204747,3.2649811281705245,3.3504890343135107,3.278743505044451,3.2210221969237836,4.170105395625716,4.2018474749570665,3.253119079394115,3.5521900356749465
8,500,100,0.5,6,0,11,2.903146135076568,4.0516471068987645,4.053196066119628,3.3177917524887715,2.700567208071995,3.3128590468530668,3.457705598493111,3.33166301182382,3.1151683555555163,3.245111739762457,3.3208481008266464,3.3819406766279663,3.214242250127426,4.043188868765998,4.053727064918765,3.584583082397366,3.4245025178672233
2,500,100,0.5,6,0,0,3.0081223778357136,4.094718795146964,4.095287406888876,3.316414299131158,2.8136339348177852,3.0883360603724426,3.5255049617281697,3.139803538661017,3.110598464058536,3.078504850958934,2.8917006455356704,2.890099199479838,2.8692455985869803,4.121815361173503,4.095584889157446,3.0739138176770293,3.1976084478060813
12,500,100,0.5,6,0,11,2.996755391142697,4.148689469803877,4.148847254584101,3.4350717132289077,2.9319535537673267,3.369318009623616,3.5666978023511255,3.4433465821771945,3.3522492745856747,3.301605970673669,3.356208622138362,3.350458985339917,3.300154480739934,4.089003413730456,4.146775295829902,3.6621831360020582,3.425302681445257
14,500,100,0.5,6,0,12,2.8818905030831172,3.9204181946173224,3.9224523622097585,3.0530659193570884,2.514925261992529,2.966207658223605,2.849248104317873,3.019859716138251,2.941395535211914,2.9186578703367374,3.0568293216969256,3.130884331512764,2.848827243082013,3.950246225409344,3.922298471913198,3.0138605535419245,3.071054935372806
17,500,100,0.5,6,0,3,3.019769537197,3.9821385733037116,3.983021897968229,3.158686880739218,2.6063321368746384,3.012633716709861,3.012100103349563,3.127770711200692,2.9631435863394353,2.999996801229557,2.8223661407159124,2.8944093986051005,2.781465288924121,4.014250533844875,3.9787187080826047,2.1343206148532188,3.112667182806051
22,500,100,0.5,6,0,35,2.949667846876802,3.9815924734087993,3.978613871308512,3.2752238473310307,2.696062015633893,3.18277498488117,3.3865769556495575,3.26284737995333,3.1067773435761934,3.1229905161342915,2.598624528201624,2.6086181741381456,3.0724406939459854,4.010705772365912,3.983241762507732,2.6774532841278265,3.2184813101979217
15,500,100,0.5,6,0,3,3.045410822561569,4.130229209743961,4.13070316375258,3.300517689969613,2.7513096410677784,3.1818092970542646,3.0814208062894943,3.3045222873446827,3.2355938280009715,3.1753751471581566,3.0080346629158745,3.044965833154782,3.1198240439219367,4.127089842403144,4.131665271100929,3.4422932061577525,3.39152156597429
16,500,100,0.5,6,0,4,3.1045919727477593,4.0794418657560225,4.0786208085766855,3.281856034059219,2.7455823427196626,3.3238819465855287,3.116449743909021,3.3141996873619632,3.3080438772244767,3.149975607645133,3.317829671971219,3.0873574785212563,3.3040033911605313,4.064792175473355,4.071650946538966,3.4913010109370384,3.5678925732982165
20,500,100,0.5,6,0,4,3.037158571574102,4.07569409884079,4.070640415006862,3.230314210250871,2.7094755723120256,3.0677230492658496,3.3475807862630873,3.114181220057728,3.037964817131998,3.0523897246141996,2.904211503005481,2.8474381374858213,2.9203991971526184,4.092604371233666,4.0753239242056045,3.013327225717769,3.2086195072815835
21,500,100,0.5,6,0,0,2.8142068231358093,3.904492860197982,3.9110206834480734,3.1877537108571374,2.7590024468269236,2.998838857165797,3.2186132940765306,3.089310029778445,3.0087721985934364,2.996204002134939,3.0193025467851555,2.939956908383251,2.9894086436528218,3.9511753125360776,3.906346820649829,3.2506807618840186,3.2545697582971806
19,500,100,0.5,6,0,0,2.871770400000885,3.9722134676699574,3.9691792954333396,3.20523556539633,2.695830559438113,3.102675622390173,2.991015472666578,3.169282227722256,3.0753666132745012,3.0707873836450483,2.896117672983933,2.954764716626987,2.9314420344805727,3.9777564541086203,3.9662838996534204,3.2030884779411406,3.282452773589825
18,500,100,0.5,6,0,1,3.14494048709817,4.163044163602576,4.163079701253143,3.3168987338621507,2.8243625125512803,2.987741324693249,3.2576174477096087,3.1013576932909492,3.0189360526335847,3.0017117827916975,2.8280983821262033,2.917907423941627,2.7968890218778757,4.1576272569808745,4.163154181095155,2.716476195807003,3.087754544534578
13,500,100,0.5,6,0,0,2.850994389534415,3.965787706188913,3.9688695356618924,3.278563018510674,2.8792895076824396,3.087655213408806,3.110575163672701,3.1809777919581483,3.1904529689378798,3.102520721384767,3.053744770278178,3.038590607684439,3.06998165185729,4.001899911796991,3.9675100378786285,3.254972238141793,3.2054082333987317
23,500,100,0.5,6,0,0,3.0168116142941233,3.9516518637380362,3.9499217603138908,3.2858546468094865,2.7970617297024845,3.150792830659027,4.16129861274811,3.24495409698517,3.109929401096254,3.1182678538266027,3.176907177674413,3.010859643779276,3.0915039547064405,3.955923751441798,3.94595042635501,3.3209774389098925,3.319386292985249
24,500,100,0.5,6,0,1,2.9931721627517347,4.071162503890981,4.071067983706098,3.3737538740312623,2.8548621827972203,3.1626301490156403,3.2660316997373595,3.209555833297193,3.1627760191789696,3.1589269132554785,3.0623283094597156,3.050897413283044,3.071182950801483,4.052622896219675,4.0734668561984435,3.0835935696805543,3.287578873749673
26,500,100,0.5,6,0,8,2.9925891244649145,3.99559741666975,3.995546069699425,3.3075607649021723,2.838873595887029,3.148277223002655,3.1700145091236127,3.1999735178728637,3.271409764236294,3.134243781890749,2.924626935932345,2.944939147971522,2.983008288130778,3.999738063908657,3.996774411395054,2.945791943263077,3.2736689211739334
25,500,100,0.5,6,0,0,3.0894010054553736,4.264691370344595,4.263300306706592,3.531817278778541,3.0639144606069477,3.3257747479381763,3.65781219515301,3.3868524769805557,3.3569924154732966,3.310895758581526,3.280870884875749,3.2336341136476427,3.165090803820319,4.253028099308435,4.263182697695231,3.098528068669295,3.4414105700752944
28,500,100,0.5,6,0,0,3.0617885258068354,4.119990438135201,4.12008553331566,3.3884215819075827,2.897606384090843,3.2476097527397663,3.660378550354687,3.282326373719301,3.319522564378212,3.2326855683868,3.1378949578717004,3.1535844222020692,3.051920719226585,4.143005525444712,4.119818271488971,3.4392483763369732,3.4501883366717014
27,500,100,0.5,6,0,0,3.066835709061455,4.148607756655739,4.148556314180286,3.3951967639847176,2.890071538353379,3.2193420586371477,3.346025474631512,3.3664062259811827,3.29974129729624,3.244814032078401,3.206374440894975,3.2505629514163337,3.2853260518462912,4.113357135642775,4.14912017944069,3.5248074901590916,3.4309334869110946
30,500,100,0.5,6,0,0,2.9961605465888135,3.935448980406815,3.937885720452281,3.2226057986318235,2.656796281106324,3.0548419130856463,3.2004468918278937,3.0816720369512947,3.050845862531614,3.005158981748778,2.869693404085231,2.949076269225399,2.8936589237540478,3.9583359533994855,3.9357855594138718,3.2622961048642956,3.295194010293254
31,500,100,0.5,6,0,1,2.8914847874315854,3.9093625712962865,3.908384071820814,3.1191561219327433,2.5733060322160495,3.097167546572494,2.999533709058129,3.109925287705848,3.1721293064651546,3.0248596696246937,3.0129990734728294,3.118261674782941,3.025608333203782,3.952938129647342,3.9157174505790677,3.3146410652428284,3.2478338687928514
29,500,100,0.5,6,0,4,3.0341551823157356,4.041660005690732,4.040130849086889,3.328310579120643,2.8784255656026523,3.1590116662645142,3.326011240611832,3.2183814718847454,3.1136260710632717,3.201462076040812,3.2365262922302396,3.265337463012906,3.055744571957783,4.074532774874222,4.036078063057986,3.3882100209816985,3.3518433410055084
32,500,100,0.5,6,0,1,3.0139836367291344,3.955998396030915,3.9546891340498775,3.225250057752268,2.7139081803112144,3.0944042516883057,3.422630087290657,3.1138320429635478,3.143907502435967,3.0549018378675035,2.8922352812546697,2.925243977643838,2.8657598737336176,3.9877690035828093,3.9571411486570343,3.035902644133026,3.1898860288551516
33,500,100,0.5,6,0,2,2.974948036614165,4.061023874564153,4.060029277687664,3.2863774265554113,2.7664258978497225,3.192787105148418,3.262665232491166,3.204587401738988,3.175059738004035,3.1360917593875666,3.041550163836149,3.011368329176281,3.0698210274455686,4.0322561802510535,4.062336353827108,3.2971826269295894,3.4139493227013182
35,500,100,0.5,6,0,2,3.082306229734279,4.2639588454803725,4.270428924850574,3.406836497593374,2.9072505483691367,3.2073324902712836,3.37721348440943,3.2978788855903263,3.1849689641392747,3.1530388571610004,3.1368899043648018,3.0738239030822907,3.0788332928458138,4.217093838255469,4.271920738011489,3.0498692784303265,3.4480031611426423
36,500,100,0.5,6,0,3,3.084305511701005,4.089375263107014,4.089623200805512,3.2721497838941778,2.69025714474013,3.219399960271868,3.504778356664958,3.2768484315208255,3.121895993448973,3.1077513703137445,3.021499388806916,3.010308106627158,3.0710211439372683,4.106847259413766,4.080549869340017,3.5230789122998254,3.4161692260994037
38,500,100,0.5,6,0,12,3.02641844161335,4.0567797242697905,4.054634804252526,3.315367495850067,2.6367429242189737,3.3383810179277713,3.7290869522432475,3.327039437201427,3.1566622029536644,3.2214728857924992,2.8595974982589913,2.94648338137838,3.0877158805136693,4.002043099070012,4.052399885909141,3.611799463711862,3.5964717413414533
39,500,100,0.5,6,0,0,2.885541893059685,3.9438622847216656,3.944116416935478,3.248324092008385,2.758590447676673,3.076660098991018,3.3448329935555057,3.14931193627255,3.1536020478663165,3.069427704197876,2.9242549835672698,3.014487764965023,2.984354513127337,3.9633068811929713,3.942454700380389,3.399401105987293,3.3381714720600337
34,500,100,0.5,6,0,0,3.0312078372437607,4.102435246188109,4.104887853097184,3.2837702669329136,2.7743515118354534,3.0712906838169785,3.1363124006379772,3.172682669554262,3.1494684270738444,3.1031190803104165,2.9222723389545644,2.9294729232802785,2.9546938804742213,4.123456345106459,4.109839474404297,2.9907721656588344,3.2910894742933796
40,500,100,0.5,6,0,0,3.0129485697730187,4.1589142755802895,4.1494959595416026,3.415919211583362,2.984011794706869,3.184774791260538,3.0984425465914374,3.2792678332950382,3.2175802827534286,3.1964703762202316,3.131543276842165,3.084164607518483,3.0490017809069156,4.1318424277645684,4.145235412020234,3.504497050605517,3.3115328126420223
37,500,100,0.5,6,0,9,3.047234941771886,4.281728854472817,4.274106640155518,3.5179385942477106,2.9314063153070373,3.357742504872756,3.7155079281069057,3.4896438168106156,3.324875353736034,3.3518604768336306,2.9157798423006422,2.8765386916278928,3.2066756446672446,4.228689477893656,4.277842763632089,2.4148725942465488,3.553872921743876
