id,name,boot_mtd,att_true,att_est,att_est_debiased,lower,upper,covered,sd_boot,n_split,mu_model,,
1,toy,Bayesian,3.01997288,3.007175326,3.006969544,2.682212337,3.34768055,1,,1,,,
2,toy,Bayesian,3.017287534,3.257163391,3.257533858,2.914128054,3.528953904,1,,1,,,
3,toy,Bayesian,3.053291317,3.24362323,3.243568904,2.967983439,3.50554331,1,,1,,,
4,toy,Bayesian,3.063377266,3.103265929,3.102575228,2.758867915,3.450486403,1,,1,,,
5,toy,Bayesian,2.979563466,3.039030386,3.038788958,2.703866478,3.371618973,1,,1,,,
6,toy,Bayesian,3.085992957,3.223246588,3.223063683,2.893653862,3.582243609,1,,1,,,
7,toy,Bayesian,3.113835302,3.251727949,3.25206928,2.944823899,3.552235524,1,,1,,,
8,toy,Bayesian,3.060336306,3.21369918,3.213583167,2.862475737,3.529301231,1,,1,,,
9,toy,Bayesian,2.848498047,3.037642914,3.037663151,2.689695945,3.374266206,1,,1,,,
10,toy,Bayesian,3.111684883,3.219754571,3.21980235,2.884003238,3.533001945,1,,1,,,
11,toy,Bayesian,3.025489045,3.146417949,3.146406862,2.871125013,3.463500487,1,,1,,,
12,toy,Bayesian,3.135537867,3.221713465,3.22191353,2.868583563,3.555818914,1,,1,,,
13,toy,Bayesian,2.998782707,3.092476056,3.092442804,2.809439584,3.426738055,1,,1,,,
14,toy,Bayesian,2.928033501,2.990620119,2.99047734,2.691565172,3.327087756,1,,1,,,
15,toy,Bayesian,3.064311738,3.083608712,3.083505919,2.82337301,3.395760286,1,,1,,,
16,toy,Bayesian,2.993267947,3.253579167,3.253884403,2.893981444,3.603602445,1,,1,,,
17,toy,Bayesian,3.077412745,3.308643262,3.308629067,2.984683643,3.62663024,1,,1,,,
18,toy,Bayesian,2.946027333,2.973756171,2.973812007,2.670449869,3.301822546,1,,1,,,
19,toy,Bayesian,3.008892353,3.046756016,3.046352191,2.716571677,3.333571635,1,,1,,,
20,toy,Bayesian,3.035475968,3.163700137,3.163560475,2.878469302,3.435340382,1,,1,,,
21,toy,Bayesian,3.014325768,3.112956266,3.113065941,2.804609632,3.392957253,1,,1,,,
22,toy,Bayesian,2.901548753,3.092446768,3.092070518,2.71672781,3.422242282,1,,1,,,
23,toy,Bayesian,3.035979011,3.084074296,3.083962686,2.788148944,3.321276563,1,,1,,,
24,toy,Bayesian,3.061945231,3.094685941,3.094809641,2.753753564,3.407812204,1,,1,,,
25,toy,Bayesian,2.990003398,3.200684923,3.200704987,2.906237338,3.508712539,1,,1,,,
26,toy,Bayesian,3.199347164,3.173619435,3.173616999,2.9016974,3.464336713,1,,1,,,
27,toy,Bayesian,2.864618775,3.092913101,3.092954094,2.825088202,3.406410554,1,,1,,,
28,toy,Bayesian,3.032150804,3.161405125,3.161499707,2.857453072,3.441994542,1,,1,,,
29,toy,Bayesian,3.021630611,3.138407834,3.138398265,2.818260544,3.437687447,1,,1,,,
30,toy,Bayesian,2.997400122,3.215802857,3.215756839,2.921184627,3.529445244,1,,1,,,
31,toy,Bayesian,3.031826865,3.074907181,3.074907181,2.75151797,3.415531007,1,,1,,,
32,toy,Bayesian,3.028922608,3.017070038,3.017479027,2.71485328,3.335159165,1,,1,,,
33,toy,Bayesian,2.965302112,2.983020742,2.983039307,2.696581241,3.293760676,1,,1,,,
34,toy,Bayesian,3.050735816,3.219418203,3.219391579,2.886380114,3.513562996,1,,1,,,
35,toy,Bayesian,2.847223299,3.064253191,3.064275715,2.738898972,3.373102194,1,,1,,,
36,toy,Bayesian,2.858779644,3.106095098,3.105824169,2.769027953,3.403533623,1,,1,,,
37,toy,Bayesian,2.948306589,3.091132059,3.090878074,2.723201711,3.520418009,1,,1,,,
38,toy,Bayesian,3.161948118,3.143045035,3.14289249,2.861020674,3.433267542,1,,1,,,
39,toy,Bayesian,3.009586616,3.184425749,3.185258035,2.883368316,3.509447957,1,,1,,,
40,toy,Bayesian,2.953456477,3.230466074,3.23027983,2.923590671,3.537034659,1,,1,,,
41,toy,Bayesian,2.863947254,3.079566114,3.079564855,2.707089908,3.468777569,1,,1,,,
42,toy,Bayesian,2.984963894,2.983929616,2.983919817,2.667678921,3.317526498,1,,1,,,
43,toy,Bayesian,3.041225763,3.251605332,3.251625904,2.950213216,3.560282804,1,,1,,,
44,toy,Bayesian,2.936701543,3.196090448,3.197811983,2.889973117,3.479457557,1,,1,,,
45,toy,Bayesian,3.078477094,3.278743584,3.27871085,2.978716545,3.617557782,1,,1,,,
46,toy,Bayesian,3.070828801,3.135816136,3.136316032,2.84898553,3.452643576,1,,1,,,
47,toy,Bayesian,2.918113129,3.078305535,3.078774007,2.795011579,3.404154323,1,,1,,,
48,toy,Bayesian,3.027072873,3.232486727,3.236394901,3.012773774,3.490012789,1,,1,,,
49,toy,Bayesian,3.07082049,3.119709611,3.1198411,2.816465159,3.458908442,1,,1,,,
50,toy,Bayesian,2.912829814,3.161124367,3.161726187,2.884498717,3.478068915,1,,1,,,
51,toy,Bayesian,2.953709446,3.102382576,3.102505541,2.816569108,3.390590252,1,,1,,,
52,toy,Bayesian,3.18301954,3.194052571,3.193369224,2.846383297,3.500532822,1,,1,,,
53,toy,Bayesian,3.148416647,3.362874225,3.362797425,3.040865002,3.648996366,1,,1,,,
54,toy,Bayesian,2.795240703,3.046508913,3.046794832,2.762048042,3.367742991,1,,1,,,
55,toy,Bayesian,3.015242202,3.127283604,3.127229985,2.831155963,3.471491257,1,,1,,,
56,toy,Bayesian,2.939100579,3.069556859,3.070011569,2.755736309,3.360582125,1,,1,,,
57,toy,Bayesian,3.032103682,3.260581298,3.260140931,2.967040286,3.555963833,1,,1,,,
58,toy,Bayesian,2.950063771,3.11443066,3.11437832,2.785269472,3.413799202,1,,1,,,
59,toy,Bayesian,3.071221918,3.225170276,3.225395153,2.9411091,3.53723159,1,,1,,,
60,toy,Bayesian,2.948102068,3.110113685,3.11017241,2.808271779,3.414943978,1,,1,,,
61,toy,Bayesian,2.993417093,3.358261609,3.358263927,3.084609231,3.672083776,0,,1,,,
62,toy,Bayesian,3.075657488,3.230365407,3.230366068,2.964730694,3.492800211,1,,1,,,
63,toy,Bayesian,2.954646288,3.184814619,3.184837533,2.9106502,3.549092853,1,,1,,,
64,toy,Bayesian,3.152513845,3.235276084,3.235373206,2.954521497,3.539891343,1,,1,,,
65,toy,Bayesian,3.018786446,3.259447089,3.260301192,2.927723369,3.502486793,1,,1,,,
66,toy,Bayesian,2.99600956,2.994831998,2.994847033,2.674883777,3.334458972,1,,1,,,
67,toy,Bayesian,2.995859332,3.181616613,3.182243937,2.866965458,3.470763822,1,,1,,,
68,toy,Bayesian,3.011153638,3.123492766,3.123686269,2.791961586,3.474156421,1,,1,,,
69,toy,Bayesian,3.02790586,3.193688679,3.193636431,2.896985967,3.465818165,1,,1,,,
70,toy,Bayesian,3.044935725,3.307549127,3.307459848,3.007260546,3.597160647,1,,1,,,
71,toy,Bayesian,3.106121897,3.118412978,3.118448998,2.810079798,3.415968343,1,,1,,,
72,toy,Bayesian,3.036281151,2.937894543,2.93857095,2.615648242,3.279767367,1,,1,,,
73,toy,Bayesian,2.999736008,2.995738136,2.995833351,2.667728103,3.310247832,1,,1,,,
74,toy,Bayesian,2.896094745,3.079521269,3.079436518,2.75978235,3.403118259,1,,1,,,
75,toy,Bayesian,2.925583805,3.313012044,3.312754238,3.014679105,3.633677967,0,,1,,,
76,toy,Bayesian,2.993299997,3.105068839,3.105227325,2.84810756,3.393363435,1,,1,,,
77,toy,Bayesian,3.036843797,3.304213029,3.304299698,2.983336891,3.683245641,1,,1,,,
78,toy,Bayesian,2.977271434,3.024035711,3.023804151,2.684671476,3.281574939,1,,1,,,
79,toy,Bayesian,2.856251564,2.917599121,2.917517474,2.601249634,3.264525089,1,,1,,,
80,toy,Bayesian,3.01465824,3.07166304,3.072569192,2.692422288,3.388472689,1,,1,,,
81,toy,Bayesian,3.008359246,3.283923125,3.283865067,3.002603868,3.617685315,1,,1,,,
82,toy,Bayesian,2.957531474,3.001567014,3.001756923,2.670780392,3.332277047,1,,1,,,
83,toy,Bayesian,2.932300299,3.377352894,3.377255529,3.097826082,3.714427048,0,,1,,,
84,toy,Bayesian,2.872818696,2.927017252,2.927427117,2.629889094,3.260414258,1,,1,,,
85,toy,Bayesian,2.952388952,3.191404492,3.191065354,2.87580203,3.536432283,1,,1,,,
86,toy,Bayesian,2.871690601,3.047385998,3.048326712,2.818084549,3.296036099,1,,1,,,
87,toy,Bayesian,2.964683631,3.055646801,3.055534769,2.676449069,3.342483705,1,,1,,,
88,toy,Bayesian,2.958590474,3.017521665,3.017585332,2.700137791,3.316690634,1,,1,,,
89,toy,Bayesian,3.007001229,3.141191157,3.141139815,2.876580302,3.4538962,1,,1,,,
90,toy,Bayesian,2.996040143,3.269545064,3.269471916,2.980541849,3.624028342,1,,1,,,
91,toy,Bayesian,2.948709605,3.111402454,3.111484693,2.785971321,3.374335233,1,,1,,,
92,toy,Bayesian,2.86547949,2.86875548,2.868668737,2.540194636,3.187177973,1,,1,,,
93,toy,Bayesian,2.966020158,3.110713738,3.11142937,2.832760059,3.45720761,1,,1,,,
94,toy,Bayesian,2.947844925,3.131834952,3.131833196,2.8480636,3.431553677,1,,1,,,
95,toy,Bayesian,2.875624653,3.181568696,3.18117119,2.815336997,3.547493736,1,,1,,,
96,toy,Bayesian,3.017798336,3.323465619,3.32343043,3.026759674,3.594259384,0,,1,,,
97,toy,Bayesian,3.017940004,3.250680188,3.250768657,2.895519493,3.602558515,1,,1,,,
98,toy,Bayesian,2.853562485,2.908047561,2.908073915,2.629769591,3.233932162,1,,1,,,
99,toy,Bayesian,2.876276052,3.137957127,3.137988728,2.806240279,3.466372709,1,,1,,,
100,toy,Bayesian,2.915122357,2.854059102,2.855207423,2.496954156,3.151874073,1,,1,,,
1,toy,Naive,3.01997288,3.007175326,0,2.637846727,3.317720134,1,,1,,,
2,toy,Naive,3.035573788,3.030683429,0,2.788694717,3.348522735,1,,1,,,
3,toy,Naive,3.137222458,3.247791504,0,2.815352582,3.528054229,1,,1,,,
4,toy,Naive,2.941608247,3.019346516,0,2.748878089,3.333096717,1,,1,,,
5,toy,Naive,3.01943284,3.046480156,0,2.712152069,3.50130406,1,,1,,,
6,toy,Naive,3.033177804,3.166825194,0,2.835315828,3.484254279,1,,1,,,
7,toy,Naive,2.978150993,3.203771585,0,2.854719702,3.457805841,1,,1,,,
8,toy,Naive,2.944553997,3.141732019,0,2.696144926,3.371740058,1,,1,,,
9,toy,Naive,3.018076621,3.072233294,0,2.742988288,3.375205086,1,,1,,,
10,toy,Naive,2.889000416,3.086805368,0,2.812067939,3.428698125,1,,1,,,
1,Kang,Bayesian,0,-0.195139397,0.07826314,-1.261789183,1.203095041,1,,1,,,
2,Kang,Bayesian,0,0.286641532,1.469977659,0.180390062,2.632739034,0,,1,,,
3,Kang,Bayesian,0,-1.531105731,-0.950072693,-2.238788055,0.449789961,1,,1,,,
4,Kang,Bayesian,0,-1.456284984,-0.486128688,-1.510701544,0.611406104,1,,1,,,
5,Kang,Bayesian,0,-1.651708263,-1.593260253,-2.750131313,-0.549309585,0,,1,,,
6,Kang,Bayesian,0,4.388447939,5.290043991,3.739849947,6.942004004,0,,1,,,
7,Kang,Bayesian,0,1.456790353,2.092997161,0.841483157,3.315246792,0,,1,,,
8,Kang,Bayesian,0,-0.905681424,-0.694424321,-2.060036253,0.365850483,1,,1,,,
9,Kang,Bayesian,0,0.354746599,0.942831626,-0.147630181,1.940174139,1,,1,,,
10,Kang,Bayesian,0,0.799947148,1.16230912,0.04648483,2.375195566,0,,1,,,
11,Kang,Bayesian,0,3.284760595,4.371771179,3.207910758,5.616756981,0,,1,,,
12,Kang,Bayesian,0,2.39123009,2.755173391,1.518478704,4.013648892,0,,1,,,
13,Kang,Bayesian,0,-0.023380811,0.583344741,-0.613612875,1.642824134,1,,1,,,
14,Kang,Bayesian,0,0.665113883,1.556728019,0.27520844,2.671536446,0,,1,,,
15,Kang,Bayesian,0,1.715573103,2.703540387,1.538755425,3.795317255,0,,1,,,
16,Kang,Bayesian,0,-0.554859504,0.484829428,-0.606269541,1.727564798,1,,1,,,
17,Kang,Bayesian,0,1.594358865,2.280812555,0.967457102,3.758491373,0,,1,,,
18,Kang,Bayesian,0,1.050968422,1.769149377,0.496525443,2.995507876,0,,1,,,
19,Kang,Bayesian,0,3.628375664,4.018195565,2.929805906,5.310121831,0,,1,,,
20,Kang,Bayesian,0,0.599684006,1.066597363,0.102862424,2.253045576,0,,1,,,
21,Kang,Bayesian,0,-2.469515554,-1.697029487,-2.758157602,-0.485128556,0,,1,,,
22,Kang,Bayesian,0,0.471328794,1.334956155,0.054440614,2.609168852,0,,1,,,
23,Kang,Bayesian,0,0.247346403,1.383764402,-0.069789422,2.791658397,1,,1,,,
24,Kang,Bayesian,0,-0.630612633,-0.314532059,-1.62554438,0.879472664,1,,1,,,
25,Kang,Bayesian,0,4.590439236,5.444053434,3.714728037,7.253050857,0,,1,,,
26,Kang,Bayesian,0,-0.995269121,-0.388947037,-1.528140116,0.669128185,1,,1,,,
27,Kang,Bayesian,0,2.616007627,2.93429757,1.829165946,4.154963864,0,,1,,,
28,Kang,Bayesian,0,-0.621614912,0.39410235,-0.812663439,1.528984394,1,,1,,,
29,Kang,Bayesian,0,0.164965541,1.206057208,0.127097251,2.135340454,0,,1,,,
30,Kang,Bayesian,0,2.119098988,2.735115354,1.742898229,3.803092054,0,,1,,,
31,Kang,Bayesian,0,1.336193852,1.851500321,0.637399058,3.099347269,0,,1,,,
32,Kang,Bayesian,0,1.222726042,1.575235374,0.459439564,2.905089151,0,,1,,,
33,Kang,Bayesian,0,-1.61130857,-1.612678553,-2.770670959,-0.503950218,0,,1,,,
34,Kang,Bayesian,0,-0.472836942,0.110198631,-1.0811301,1.211993946,1,,1,,,
35,Kang,Bayesian,0,3.733603659,3.751661061,2.80216398,4.821583237,0,,1,,,
36,Kang,Bayesian,0,0.628482196,0.876311079,-0.139599638,1.854915404,1,,1,,,
37,Kang,Bayesian,0,-2.457958574,-1.718884453,-3.068187816,-0.579967261,0,,1,,,
38,Kang,Bayesian,0,-0.704129849,-0.252859914,-1.384194113,1.096134922,1,,1,,,
39,Kang,Bayesian,0,-1.503513993,-0.337503419,-1.521787646,0.967777796,1,,1,,,
40,Kang,Bayesian,0,0.53108538,1.500424163,0.313486039,2.831394598,0,,1,,,
41,Kang,Bayesian,0,-0.737141613,-0.2840381,-1.496618234,1.042322662,1,,1,,,
42,Kang,Bayesian,0,-1.334952648,-0.846003484,-2.124985528,0.56169615,1,,1,,,
43,Kang,Bayesian,0,2.482671942,2.728659299,1.688223471,3.84145837,0,,1,,,
44,Kang,Bayesian,0,1.292366911,1.800487834,0.529371695,3.265892438,0,,1,,,
45,Kang,Bayesian,0,1.287747056,1.685595874,0.236948798,3.432917468,0,,1,,,
46,Kang,Bayesian,0,1.057076494,1.980270372,0.768693724,3.166345886,0,,1,,,
47,Kang,Bayesian,0,-1.594327342,-0.900353516,-2.260774224,0.591142561,1,,1,,,
48,Kang,Bayesian,0,2.482823773,2.807208754,1.769362581,3.97587276,0,,1,,,
49,Kang,Bayesian,0,0.362864126,1.069828134,0.035180247,2.209384014,0,,1,,,
50,Kang,Bayesian,0,2.754495436,3.097469112,2.000943862,4.198613718,0,,1,,,
51,Kang,Bayesian,0,0.639678257,0.603944762,-0.685487684,2.012709432,1,,1,,,
52,Kang,Bayesian,0,2.033274195,2.446145476,1.038262879,3.530894901,0,,1,,,
53,Kang,Bayesian,0,1.661821767,1.866475034,0.404316922,3.489819181,0,,1,,,
54,Kang,Bayesian,0,1.724377632,2.102149979,0.698837305,3.179158983,0,,1,,,
55,Kang,Bayesian,0,-0.753661931,0.026523807,-0.984213171,1.112226048,1,,1,,,
56,Kang,Bayesian,0,4.432425519,4.369427794,3.202714753,5.433549962,0,,1,,,
57,Kang,Bayesian,0,0.539777193,0.980956948,-0.08808227,2.193224649,1,,1,,,
58,Kang,Bayesian,0,6.01E-04,1.239415571,0.055538826,2.611188557,0,,1,,,
59,Kang,Bayesian,0,5.485003849,5.305596729,4.089911072,6.39482397,0,,1,,,
60,Kang,Bayesian,0,1.035647999,1.825658546,0.510805392,3.121560443,0,,1,,,
61,Kang,Bayesian,0,-0.151857395,0.381740315,-0.713311162,1.411933226,1,,1,,,
62,Kang,Bayesian,0,0.824664451,1.225535767,-0.253960991,2.53259621,1,,1,,,
63,Kang,Bayesian,0,0.68156406,1.885136505,0.805485456,2.952190211,0,,1,,,
64,Kang,Bayesian,0,2.125656366,2.427965787,1.174402759,3.529389356,0,,1,,,
65,Kang,Bayesian,0,2.506772939,2.818566313,1.733052722,3.873830363,0,,1,,,
66,Kang,Bayesian,0,1.453545266,1.97881038,0.783246588,3.332344264,0,,1,,,
67,Kang,Bayesian,0,-0.384901222,0.005206322,-1.288901395,1.307515454,1,,1,,,
68,Kang,Bayesian,0,-1.144234952,-0.823588433,-1.98488146,0.321521413,1,,1,,,
69,Kang,Bayesian,0,1.666806176,2.391158141,1.199794286,3.663290053,0,,1,,,
70,Kang,Bayesian,0,-2.114187183,-1.357366465,-2.374413835,-0.238170489,0,,1,,,
71,Kang,Bayesian,0,2.134624494,3.05961266,1.881366506,4.311856026,0,,1,,,
72,Kang,Bayesian,0,-3.153130875,-2.179201096,-3.301193836,-1.174125639,0,,1,,,
73,Kang,Bayesian,0,3.096418827,3.282584795,2.175158873,4.48035878,0,,1,,,
74,Kang,Bayesian,0,0.692948321,1.583668058,0.527924988,2.703266299,0,,1,,,
75,Kang,Bayesian,0,2.712163659,2.839037127,1.571587423,3.911904487,0,,1,,,
76,Kang,Bayesian,0,1.778533342,2.591869233,1.428484417,3.779668182,0,,1,,,
77,Kang,Bayesian,0,3.128511734,3.749968004,2.516219767,5.128193302,0,,1,,,
78,Kang,Bayesian,0,3.434750782,4.719847694,2.904181667,6.418601045,0,,1,,,
79,Kang,Bayesian,0,1.750835652,2.353237798,1.203110891,3.640254677,0,,1,,,
80,Kang,Bayesian,0,2.41639677,3.642248942,2.376602355,4.833431409,0,,1,,,
81,Kang,Bayesian,0,-1.469563212,-0.402381783,-1.712627779,1.221805124,1,,1,,,
82,Kang,Bayesian,0,-0.827257174,0.006921966,-1.178773644,1.243819258,1,,1,,,
83,Kang,Bayesian,0,0.745794419,1.197107313,0.011499558,2.298149378,0,,1,,,
84,Kang,Bayesian,0,0.035597512,0.729075119,-0.484487752,1.899744025,1,,1,,,
85,Kang,Bayesian,0,-2.465666695,-1.2740522,-2.630300972,0.056379422,1,,1,,,
86,Kang,Bayesian,0,-1.02867721,-0.040445755,-1.247723368,1.114725083,1,,1,,,
87,Kang,Bayesian,0,2.060524613,2.556679149,1.171068784,3.834002761,0,,1,,,
88,Kang,Bayesian,0,0.665190666,1.460802869,0.235106635,2.776511359,0,,1,,,
89,Kang,Bayesian,0,-1.115210778,-0.980192629,-2.176967099,0.251592736,1,,1,,,
90,Kang,Bayesian,0,2.537841956,2.954790245,1.7271715,3.865226224,0,,1,,,
91,Kang,Bayesian,0,-1.609987372,-0.687281743,-2.008688817,1.026036442,1,,1,,,
92,Kang,Bayesian,0,-0.896421755,-0.058908873,-1.066501043,0.945318081,1,,1,,,
93,Kang,Bayesian,0,3.543327834,4.38832248,3.369218118,5.75574869,0,,1,,,
94,Kang,Bayesian,0,-1.517049842,-0.654473591,-1.489080225,0.292346346,1,,1,,,
95,Kang,Bayesian,0,-0.055604127,0.240128681,-0.933769398,1.328816141,1,,1,,,
96,Kang,Bayesian,0,1.51940442,2.558863818,1.222231707,3.965935728,0,,1,,,
97,Kang,Bayesian,0,-2.002730225,-0.538413191,-1.765345838,0.555530533,1,,1,,,
98,Kang,Bayesian,0,-0.222801547,1.191474346,0.115365395,2.313023046,0,,1,,,
99,Kang,Bayesian,0,-1.822031291,-0.528795426,-1.718295374,0.825298495,1,,1,,,
100,Kang,Bayesian,0,0.715095029,0.824465599,-0.317678479,2.189979369,1,,1,,,
1,kang,Bayesian_mu_correct,0,-0.195139397,0.215646701,0.107810174,0.33395501,0,0.057911476,1,kang_correct,,
2,kang,Bayesian_mu_correct,0,0.286641532,0.030741618,-0.077172494,0.114545328,1,0.052179481,1,kang_correct,,
3,kang,Bayesian_mu_correct,0,-1.531105731,0.004798374,-0.090593287,0.106319517,1,0.050908203,1,kang_correct,,
4,kang,Bayesian_mu_correct,0,-1.456284984,0.166239669,0.051483532,0.267896275,0,0.056494251,1,kang_correct,,
5,kang,Bayesian_mu_correct,0,-1.651708263,-0.058301614,-0.152687028,0.046170558,1,0.05306812,1,kang_correct,,
6,kang,Bayesian_mu_correct,0,4.388447939,-0.003147343,-0.101449724,0.087048756,1,0.048486811,1,kang_correct,,
7,kang,Bayesian_mu_correct,0,1.456790353,-0.076816891,-0.163590555,0.006492775,1,0.047235654,1,kang_correct,,
8,kang,Bayesian_mu_correct,0,-0.905681424,0.067930347,-0.036581413,0.160625947,1,0.049725333,1,kang_correct,,
9,kang,Bayesian_mu_correct,0,0.354746599,-0.04682093,-0.12937152,0.044454061,1,0.046758237,1,kang_correct,,
10,kang,Bayesian_mu_correct,0,0.799947148,-0.081559937,-0.177741477,0.026773075,1,0.051844231,1,kang_correct,,
11,kang,Bayesian_mu_correct,0,3.284760595,-0.390349345,-0.47902291,-0.271373905,0,0.050544696,1,kang_correct,,
12,kang,Bayesian_mu_correct,0,2.39123009,0.090349475,-0.012927843,0.186681961,1,0.051571432,1,kang_correct,,
13,kang,Bayesian_mu_correct,0,-0.023380811,0.104885657,-0.001036586,0.221619515,1,0.054498985,1,kang_correct,,
14,kang,Bayesian_mu_correct,0,0.665113883,-0.037839413,-0.131401906,0.063327878,1,0.0506193,1,kang_correct,,
15,kang,Bayesian_mu_correct,0,1.715573103,-0.237789951,-0.320002673,-0.14260926,0,0.04687233,1,kang_correct,,
16,kang,Bayesian_mu_correct,0,-0.554859504,0.063922448,-0.058729264,0.163831843,1,0.05275031,1,kang_correct,,
17,kang,Bayesian_mu_correct,0,1.594358865,0.366403702,0.253275288,0.476412457,0,0.057082086,1,kang_correct,,
18,kang,Bayesian_mu_correct,0,1.050968422,-0.145303693,-0.254378616,-0.040487561,0,0.051950334,1,kang_correct,,
19,kang,Bayesian_mu_correct,0,3.628375664,-0.077491866,-0.205043693,0.025616979,1,0.05496966,1,kang_correct,,
20,kang,Bayesian_mu_correct,0,0.599684006,-0.039956987,-0.150550825,0.07037548,1,0.05506333,1,kang_correct,,
21,kang,Bayesian_mu_correct,0,-2.469515554,0.098663622,0.005996476,0.190487517,0,0.046812351,1,kang_correct,,
22,kang,Bayesian_mu_correct,0,0.471328794,0.110780552,0.003939337,0.218915887,0,0.052659511,1,kang_correct,,
23,kang,Bayesian_mu_correct,0,0.247346403,0.093228452,-0.015904392,0.203970535,1,0.054347964,1,kang_correct,,
24,kang,Bayesian_mu_correct,0,-0.630612633,-0.1732566,-0.274790205,-0.075624166,0,0.05064139,1,kang_correct,,
25,kang,Bayesian_mu_correct,0,4.590439236,0.001130369,-0.104831263,0.111779396,1,0.055218063,1,kang_correct,,
26,kang,Bayesian_mu_correct,0,-0.995269121,-0.260872663,-0.369771973,-0.151023917,0,0.054179037,1,kang_correct,,
27,kang,Bayesian_mu_correct,0,2.616007627,-0.008449178,-0.109113576,0.089702281,1,0.052137957,1,kang_correct,,
28,kang,Bayesian_mu_correct,0,-0.621614912,-0.128094002,-0.22373937,-0.011963477,0,0.05408752,1,kang_correct,,
29,kang,Bayesian_mu_correct,0,0.164965541,0.048762727,-0.051613019,0.142141057,1,0.050239444,1,kang_correct,,
30,kang,Bayesian_mu_correct,0,2.119098988,-0.046566521,-0.131807008,0.027644799,1,0.044719668,1,kang_correct,,
31,kang,Bayesian_mu_correct,0,1.336193852,0.063166038,-0.025918912,0.16148006,1,0.051012885,1,kang_correct,,
32,kang,Bayesian_mu_correct,0,1.222726042,-0.268579134,-0.366819001,-0.173283853,0,0.053726106,1,kang_correct,,
33,kang,Bayesian_mu_correct,0,-1.61130857,-0.247805578,-0.343156564,-0.15219179,0,0.049901769,1,kang_correct,,
34,kang,Bayesian_mu_correct,0,-0.472836942,0.049657235,-0.066722664,0.145195828,1,0.05198316,1,kang_correct,,
35,kang,Bayesian_mu_correct,0,3.733603659,0.046707208,-0.048541922,0.150440049,1,0.05288283,1,kang_correct,,
36,kang,Bayesian_mu_correct,0,0.628482196,0.236192326,0.141915379,0.333248123,0,0.050410408,1,kang_correct,,
37,kang,Bayesian_mu_correct,0,-2.457958574,0.224782303,0.122099721,0.314631749,0,0.050592371,1,kang_correct,,
38,kang,Bayesian_mu_correct,0,-0.704129849,0.037221134,-0.067414792,0.1276178,1,0.050124563,1,kang_correct,,
39,kang,Bayesian_mu_correct,0,-1.503513993,-0.042588109,-0.129922051,0.07010871,1,0.051756568,1,kang_correct,,
40,kang,Bayesian_mu_correct,0,0.53108538,-0.126083192,-0.212970768,-0.0326064,0,0.04924714,1,kang_correct,,
41,kang,Bayesian_mu_correct,0,-0.737141613,-0.07365725,-0.167735776,0.016630403,1,0.051001742,1,kang_correct,,
42,kang,Bayesian_mu_correct,0,-1.334952648,0.163584506,0.052845548,0.268710363,0,0.055786537,1,kang_correct,,
43,kang,Bayesian_mu_correct,0,2.482671942,0.180832075,0.101467286,0.279573187,0,0.049350247,1,kang_correct,,
44,kang,Bayesian_mu_correct,0,1.292366911,-0.007903319,-0.102370149,0.098735616,1,0.05410664,1,kang_correct,,
45,kang,Bayesian_mu_correct,0,1.287747056,0.029884501,-0.068168746,0.132672857,1,0.054460935,1,kang_correct,,
46,kang,Bayesian_mu_correct,0,1.057076494,0.050455111,-0.058713379,0.13943693,1,0.052066295,1,kang_correct,,
47,kang,Bayesian_mu_correct,0,-1.594327342,0.207630524,0.110765145,0.32380546,0,0.053159839,1,kang_correct,,
48,kang,Bayesian_mu_correct,0,2.482823773,0.03830615,-0.061884699,0.143275211,1,0.051871861,1,kang_correct,,
49,kang,Bayesian_mu_correct,0,0.362864126,-0.266595043,-0.377723523,-0.172964081,0,0.052416219,1,kang_correct,,
50,kang,Bayesian_mu_correct,0,2.754495436,0.161997363,0.062610039,0.27533923,0,0.052444731,1,kang_correct,,
51,kang,Bayesian_mu_correct,0,0.639678257,-0.34367849,-0.473449805,-0.243536269,0,0.057863412,1,kang_correct,,
52,kang,Bayesian_mu_correct,0,2.033274195,-0.01562556,-0.117610454,0.085641518,1,0.053130848,1,kang_correct,,
53,kang,Bayesian_mu_correct,0,1.661821767,0.134982291,0.027665332,0.222794204,0,0.047848952,1,kang_correct,,
54,kang,Bayesian_mu_correct,0,1.724377632,-0.004579289,-0.107586136,0.090771659,1,0.05204787,1,kang_correct,,
55,kang,Bayesian_mu_correct,0,-0.753661931,-0.35026867,-0.452268902,-0.265588008,0,0.048745121,1,kang_correct,,
56,kang,Bayesian_mu_correct,0,4.432425519,0.139846567,0.051784348,0.250225453,0,0.049655569,1,kang_correct,,
57,kang,Bayesian_mu_correct,0,0.539777193,0.04192824,-0.060170779,0.138943412,1,0.053636292,1,kang_correct,,
58,kang,Bayesian_mu_correct,0,6.01E-04,-0.178693454,-0.277457084,-0.091500027,0,0.050307789,1,kang_correct,,
59,kang,Bayesian_mu_correct,0,5.485003849,0.153592673,0.053356593,0.248530801,0,0.049293896,1,kang_correct,,
60,kang,Bayesian_mu_correct,0,1.035647999,-0.179388264,-0.281386191,-0.08504427,0,0.050385018,1,kang_correct,,
61,kang,Bayesian_mu_correct,0,-0.151857395,-0.1691005,-0.265033469,-0.055848317,0,0.05487736,1,kang_correct,,
62,kang,Bayesian_mu_correct,0,0.824664451,-0.050859177,-0.15825395,0.055935916,1,0.054283811,1,kang_correct,,
63,kang,Bayesian_mu_correct,0,0.68156406,0.158214176,0.054394794,0.263369669,0,0.053092652,1,kang_correct,,
64,kang,Bayesian_mu_correct,0,2.125656366,-0.040303828,-0.150301397,0.082502041,1,0.05597314,1,kang_correct,,
65,kang,Bayesian_mu_correct,0,2.506772939,0.11171634,0.014271247,0.213241964,0,0.051974709,1,kang_correct,,
66,kang,Bayesian_mu_correct,0,1.453545266,-0.248704474,-0.331925893,-0.152511789,0,0.046083824,1,kang_correct,,
67,kang,Bayesian_mu_correct,0,-0.384901222,-0.254008002,-0.350266893,-0.15467665,0,0.0526667,1,kang_correct,,
68,kang,Bayesian_mu_correct,0,-1.144234952,-0.138232499,-0.227503462,-0.050423088,0,0.045116895,1,kang_correct,,
69,kang,Bayesian_mu_correct,0,1.666806176,0.008839609,-0.091145858,0.106299103,1,0.052725561,1,kang_correct,,
70,kang,Bayesian_mu_correct,0,-2.114187183,-1.85E-04,-0.107668231,0.096580706,1,0.053520254,1,kang_correct,,
71,kang,Bayesian_mu_correct,0,2.134624494,-0.161733161,-0.258145311,-0.058834693,0,0.051419649,1,kang_correct,,
72,kang,Bayesian_mu_correct,0,-3.153130875,-0.11883453,-0.205022172,-0.014978617,0,0.048935291,1,kang_correct,,
73,kang,Bayesian_mu_correct,0,3.096418827,-0.18102217,-0.270756375,-0.083896722,0,0.049510773,1,kang_correct,,
74,kang,Bayesian_mu_correct,0,0.692948321,-0.362989151,-0.459698448,-0.251745693,0,0.053823782,1,kang_correct,,
75,kang,Bayesian_mu_correct,0,2.712163659,0.009199641,-0.097922066,0.127049421,1,0.055885962,1,kang_correct,,
76,kang,Bayesian_mu_correct,0,1.778533342,0.090959902,0.001230667,0.18448769,0,0.049370508,1,kang_correct,,
77,kang,Bayesian_mu_correct,0,3.128511734,-0.178811893,-0.265706453,-0.078014182,0,0.047819484,1,kang_correct,,
78,kang,Bayesian_mu_correct,0,3.434750782,-0.04478188,-0.15918955,0.040007217,1,0.051849,1,kang_correct,,
79,kang,Bayesian_mu_correct,0,1.750835652,0.037710905,-0.050463899,0.134744527,1,0.046752585,1,kang_correct,,
80,kang,Bayesian_mu_correct,0,2.41639677,0.047512321,-0.062818631,0.142074463,1,0.055967815,1,kang_correct,,
81,kang,Bayesian_mu_correct,0,-1.469563212,0.21274441,0.112831452,0.305214034,0,0.048632545,1,kang_correct,,
82,kang,Bayesian_mu_correct,0,-0.827257174,0.062370306,-0.038974205,0.16247306,1,0.051424815,1,kang_correct,,
83,kang,Bayesian_mu_correct,0,0.745794419,-0.045261113,-0.160555729,0.04475845,1,0.054947337,1,kang_correct,,
84,kang,Bayesian_mu_correct,0,0.035597512,0.084186008,-0.004392451,0.195633384,1,0.049523193,1,kang_correct,,
85,kang,Bayesian_mu_correct,0,-2.465666695,-0.150497505,-0.249640053,-0.03844863,0,0.05313115,1,kang_correct,,
86,kang,Bayesian_mu_correct,0,-1.02867721,-0.079083281,-0.170045426,0.012907299,1,0.045687135,1,kang_correct,,
87,kang,Bayesian_mu_correct,0,2.060524613,-0.059181501,-0.173098917,0.038311908,1,0.050988784,1,kang_correct,,
88,kang,Bayesian_mu_correct,0,0.665190666,0.091437399,-0.003266333,0.203835124,1,0.052863774,1,kang_correct,,
89,kang,Bayesian_mu_correct,0,-1.115210778,-0.233320734,-0.338448602,-0.113547888,0,0.054168974,1,kang_correct,,
90,kang,Bayesian_mu_correct,0,2.537841956,-0.001600705,-0.097828446,0.119542499,1,0.05508557,1,kang_correct,,
91,kang,Bayesian_mu_correct,0,-1.609987372,-0.105712205,-0.197699812,-0.020706488,0,0.047718458,1,kang_correct,,
92,kang,Bayesian_mu_correct,0,-0.896421755,0.163824311,0.059855331,0.273724452,0,0.055065938,1,kang_correct,,
93,kang,Bayesian_mu_correct,0,3.543327834,0.136969208,0.029430344,0.227992138,0,0.05113175,1,kang_correct,,
94,kang,Bayesian_mu_correct,0,-1.517049842,0.021803601,-0.060064228,0.108653288,1,0.044866581,1,kang_correct,,
95,kang,Bayesian_mu_correct,0,-0.055604127,-0.147615537,-0.252109739,-0.038141674,0,0.052298043,1,kang_correct,,
96,kang,Bayesian_mu_correct,0,1.51940442,0.030994177,-0.072357024,0.143063983,1,0.053232196,1,kang_correct,,
97,kang,Bayesian_mu_correct,0,-2.002730225,0.035128806,-0.046054217,0.115011318,1,0.043340624,1,kang_correct,,
98,kang,Bayesian_mu_correct,0,-0.222801547,0.28680049,0.182982604,0.388465435,0,0.04968561,1,kang_correct,,
99,kang,Bayesian_mu_correct,0,-1.822031291,0.01920693,-0.087277108,0.112768705,1,0.05186239,1,kang_correct,,
100,kang,Bayesian_mu_correct,0,0.715095029,0.093139664,0.004113429,0.194285634,0,0.049763823,1,kang_correct,,
1,toy,wild,3.01997288,3.007175326,3.006969544,2.634998218,3.32295631,1,0.177651223,1,linear,,
2,toy,wild,3.01703348,3.077762182,3.077833657,2.746353922,3.352977141,1,0.167538095,1,linear,,
3,toy,wild,2.996144166,3.314509878,3.314510814,3.002927814,3.589650324,0,0.159138392,1,linear,,
4,toy,wild,3.023686123,3.046865401,3.04686095,2.663975028,3.422216783,1,0.191106029,1,linear,,
5,toy,wild,2.856485137,2.971150948,2.971279743,2.65076204,3.299820141,1,0.158530331,1,linear,,
6,toy,wild,3.022690864,3.203274002,3.203172836,2.880433461,3.585750787,1,0.180947674,1,linear,,
7,toy,wild,3.009458942,3.253727754,3.25400873,2.930329013,3.581241381,1,0.152269574,1,linear,,
8,toy,wild,3.064758437,3.037287212,3.039313754,2.772115007,3.396752882,1,0.164657856,1,linear,,
9,toy,wild,3.002362385,3.117286094,3.118122509,2.820965133,3.397704801,1,0.153964189,1,linear,,
10,toy,wild,3.08604085,3.281981623,3.282034145,2.943094857,3.613667289,1,0.16573799,1,linear,,
11,toy,wild,3.12262162,3.265633441,3.265679843,3.015912222,3.544238643,1,0.152250412,1,linear,,
12,toy,wild,2.893008059,3.208211457,3.208054523,2.901046976,3.513480905,0,0.154713733,1,linear,,
13,toy,wild,3.060243497,3.107215636,3.106996953,2.805324184,3.491479059,1,0.180385267,1,linear,,
14,toy,wild,2.846426522,3.082377156,3.082401079,2.731884284,3.403089646,1,0.15795747,1,linear,,
15,toy,wild,3.111035716,3.355623153,3.355632317,3.112770825,3.658452767,0,0.148400614,1,linear,,
16,toy,wild,2.95021053,3.104862147,3.104699794,2.751457805,3.406439666,1,0.17426076,1,linear,,
17,toy,wild,2.955651093,3.075362952,3.07521649,2.809570618,3.377193405,1,0.146171221,1,linear,,
18,toy,wild,3.120056052,3.259892341,3.259554272,3.002344629,3.554328719,1,0.152232341,1,linear,,
19,toy,wild,2.998978112,3.259233743,3.25922119,2.962879811,3.544770835,1,0.15469662,1,linear,,
20,toy,wild,2.907182598,3.121028098,3.121333542,2.796508832,3.464022362,1,0.17817508,1,linear,,
21,toy,wild,3.166887789,3.262677235,3.262649681,2.927632886,3.601580543,1,0.166887872,1,linear,,
22,toy,wild,3.035540697,3.12847476,3.128810606,2.8383959,3.453481586,1,0.155550317,1,linear,,
23,toy,wild,3.128733221,3.218811754,3.220087041,2.886912164,3.512950472,1,0.161940001,1,linear,,
24,toy,wild,2.957637351,3.016952106,3.017091726,2.742219796,3.323410163,1,0.14222449,1,linear,,
25,toy,wild,2.963662241,2.981827495,2.981811469,2.652943286,3.267692779,1,0.164345787,1,linear,,
26,toy,wild,2.968392713,3.221023836,3.220055042,2.835364201,3.534219574,1,0.172893564,1,linear,,
27,toy,wild,2.994980251,3.147438926,3.147165927,2.831176611,3.491799693,1,0.176845927,1,linear,,
28,toy,wild,3.103491715,3.146704249,3.148142324,2.823260657,3.400457335,1,0.156756647,1,linear,,
29,toy,wild,2.989268834,3.216543138,3.216522571,2.845119873,3.515257213,1,0.155710681,1,linear,,
30,toy,wild,2.949201265,3.024617161,3.024251341,2.650563056,3.326972511,1,0.173851385,1,linear,,
31,toy,wild,3.108637819,3.140102668,3.140053048,2.823838363,3.495942687,1,0.164318734,1,linear,,
32,toy,wild,2.932507067,3.079030533,3.079150008,2.79601081,3.384566718,1,0.153680036,1,linear,,
33,toy,wild,2.999293077,3.1439871,3.144033207,2.836972672,3.443429501,1,0.167878229,1,linear,,
34,toy,wild,3.010637303,3.02827954,3.029195422,2.699654073,3.332401256,1,0.161114566,1,linear,,
35,toy,wild,2.824645728,2.918727592,2.919239298,2.6420239,3.22582928,1,0.151179192,1,linear,,
36,toy,wild,2.836979378,2.966364439,2.966250071,2.609373238,3.303545172,1,0.175312229,1,linear,,
37,toy,wild,2.891815857,3.016703082,3.016876159,2.679420932,3.334995186,1,0.167310688,1,linear,,
38,toy,wild,3.091431313,3.207353745,3.207326536,2.900517007,3.562851213,1,0.163273595,1,linear,,
39,toy,wild,2.967289225,3.264179819,3.264133083,2.952867952,3.529798848,1,0.148225274,1,linear,,
40,toy,wild,3.044716763,3.088659369,3.088659369,2.743824779,3.385004892,1,0.164325524,1,linear,,
41,toy,wild,2.973871343,3.09222289,3.092400303,2.851863061,3.363664269,1,0.14706117,1,linear,,
42,toy,wild,3.035660214,3.077819768,3.077699748,2.815959271,3.335413488,1,0.141555487,1,linear,,
43,toy,wild,3.042176609,3.203207771,3.203232103,2.822970427,3.497869622,1,0.17084534,1,linear,,
44,toy,wild,2.875581462,3.131509772,3.131693231,2.806724063,3.418801184,1,0.169322082,1,linear,,
45,toy,wild,3.104616213,2.982630098,2.983860656,2.678700119,3.299273615,1,0.16550517,1,linear,,
46,toy,wild,2.924850588,2.983882649,2.983857545,2.683995447,3.398443819,1,0.171230079,1,linear,,
47,toy,wild,3.081983224,3.22144526,3.222371465,2.937449779,3.535375475,1,0.170224624,1,linear,,
48,toy,wild,2.952821166,3.11801394,3.117243789,2.839047577,3.40107029,1,0.154104996,1,linear,,
49,toy,wild,3.216475925,3.218335157,3.218203023,2.904530658,3.554763198,1,0.172150731,1,linear,,
50,toy,wild,3.191130396,3.444800954,3.444742861,3.074944356,3.739118918,1,0.160561187,1,linear,,
51,toy,wild,3.027875029,2.922385278,2.923235193,2.551079177,3.272542352,1,0.185120981,1,linear,,
52,toy,wild,3.002063515,3.179161681,3.179523147,2.842800377,3.525162238,1,0.181113052,1,linear,,
53,toy,wild,3.087637042,3.262939566,3.262883319,2.94671863,3.587729807,1,0.174068243,1,linear,,
54,toy,wild,3.042932316,3.168479202,3.168363124,2.802395144,3.545386481,1,0.194726831,1,linear,,
55,toy,wild,2.95580017,2.994440069,2.994396217,2.659391508,3.323267197,1,0.165742747,1,linear,,
56,toy,wild,2.969089859,3.133772717,3.133751418,2.786171025,3.439791912,1,0.164664361,1,linear,,
57,toy,wild,2.902471311,2.96056273,2.960410889,2.665804598,3.306808373,1,0.16571318,1,linear,,
58,toy,wild,2.994324773,3.140456886,3.14009031,2.844161246,3.411463671,1,0.146877305,1,linear,,
59,toy,wild,3.004032874,3.015769272,3.016091417,2.657851663,3.305356175,1,0.16536372,1,linear,,
60,toy,wild,2.868068034,3.052032875,3.052032875,2.727906969,3.343694055,1,0.16332771,1,linear,,
61,toy,wild,3.065371217,3.057159296,3.057479006,2.733008858,3.341935765,1,0.166944762,1,linear,,
62,toy,wild,3.063307941,3.07480915,3.075627713,2.769470329,3.37751633,1,0.159548361,1,linear,,
63,toy,wild,2.942911018,3.028984474,3.029023158,2.676269625,3.356241956,1,0.171085216,1,linear,,
64,toy,wild,2.9968418,3.057315926,3.057164118,2.764869176,3.331496238,1,0.149765321,1,linear,,
65,toy,wild,3.030248312,3.195001959,3.194924437,2.852396525,3.55613242,1,0.180176788,1,linear,,
66,toy,wild,3.158241148,3.225118569,3.224987591,2.954402191,3.525935366,1,0.16130012,1,linear,,
67,toy,wild,3.069986928,3.113412802,3.113354982,2.825609705,3.409138078,1,0.154968326,1,linear,,
68,toy,wild,3.068174603,3.11019847,3.110231066,2.77536257,3.479179251,1,0.188066617,1,linear,,
69,toy,wild,2.985240489,3.166396646,3.166248934,2.856639666,3.493299266,1,0.165074713,1,linear,,
70,toy,wild,3.035935862,3.151649169,3.151719691,2.781340799,3.45723711,1,0.168710918,1,linear,,
71,toy,wild,2.973461069,3.049235072,3.049354379,2.681867058,3.401860813,1,0.184848315,1,linear,,
72,toy,wild,3.009642904,3.198328098,3.198746938,2.920884766,3.497512324,1,0.150339642,1,linear,,
73,toy,wild,2.955755098,3.142065897,3.142078983,2.819280061,3.432293338,1,0.158488581,1,linear,,
74,toy,wild,3.084620653,3.241766236,3.241737173,2.975151464,3.534741303,1,0.147879131,1,linear,,
75,toy,wild,3.109643031,3.223407592,3.224018068,2.876982843,3.582036803,1,0.190959251,1,linear,,
76,toy,wild,2.959038829,3.056109764,3.05543302,2.706956937,3.399309683,1,0.183157118,1,linear,,
77,toy,wild,2.979407108,2.880443616,2.880959585,2.582465539,3.217629993,1,0.161632314,1,linear,,
78,toy,wild,2.809272244,3.077078057,3.07856461,2.73102671,3.434743389,1,0.167409804,1,linear,,
79,toy,wild,2.851390368,3.051271809,3.051269898,2.706945568,3.415740027,1,0.180960154,1,linear,,
80,toy,wild,3.064839228,3.140998067,3.140996996,2.854106052,3.493145875,1,0.160790973,1,linear,,
81,toy,wild,3.068420536,3.155003073,3.155083245,2.816718653,3.503909313,1,0.182859421,1,linear,,
82,toy,wild,2.908416122,2.917139312,2.917129318,2.587274747,3.171497272,1,0.147395903,1,linear,,
83,toy,wild,2.92342899,2.981588626,2.982229976,2.73133599,3.255135565,1,0.136674754,1,linear,,
84,toy,wild,3.078890011,2.991523944,2.991527429,2.658749118,3.326116566,1,0.172315345,1,linear,,
85,toy,wild,3.032724686,3.107071831,3.107103543,2.859432371,3.386093859,1,0.148921044,1,linear,,
86,toy,wild,3.130028987,3.269622751,3.271298406,3.016516009,3.581588531,1,0.156801338,1,linear,,
87,toy,wild,3.112010482,3.128816796,3.128519444,2.824908691,3.461057892,1,0.17757985,1,linear,,
88,toy,wild,2.796271353,3.035073318,3.035072535,2.705936478,3.350981504,1,0.177604691,1,linear,,
89,toy,wild,2.801245846,3.02667384,3.027180898,2.72331796,3.350737138,1,0.165293919,1,linear,,
90,toy,wild,2.985153574,3.006859814,3.006838192,2.677046465,3.281270805,1,0.149799921,1,linear,,
91,toy,wild,2.896020648,3.08234655,3.082767219,2.767918409,3.44006569,1,0.167815482,1,linear,,
92,toy,wild,3.075378452,3.164498238,3.164485623,2.834853407,3.539942981,1,0.174326362,1,linear,,
93,toy,wild,2.997697744,3.109303024,3.10944288,2.788794555,3.42809693,1,0.161425546,1,linear,,
94,toy,wild,3.204149112,3.501608992,3.501226523,3.145524445,3.827799501,1,0.180007809,1,linear,,
95,toy,wild,3.020176471,3.106750983,3.107394775,2.825762621,3.42500575,1,0.160991285,1,linear,,
96,toy,wild,3.007103827,3.140027613,3.139857749,2.883647283,3.519831718,1,0.154958582,1,linear,,
97,toy,wild,2.97214482,3.191650137,3.191686952,2.858750098,3.55313271,1,0.165434499,1,linear,,
98,toy,wild,3.130395994,3.143530502,3.14348979,2.774463561,3.491286334,1,0.195269579,1,linear,,
99,toy,wild,2.879797677,3.070308284,3.070305204,2.701971544,3.43227356,1,0.195660925,1,linear,,
100,toy,wild,3.013818828,2.930887203,2.930933674,2.632751003,3.193057712,1,0.158812701,1,linear,,
1,toy,Bayesian,3.01997288,3.007175326,2.992132787,2.705944358,3.339219231,1,0.179221795,2,,,
2,toy,Bayesian,2.947940449,3.128753112,3.121277897,2.761368254,3.504124576,1,0.187272346,2,,,
3,toy,Bayesian,3.106044813,3.10725123,3.090278605,2.78831779,3.425217818,1,0.166951386,2,,,
4,toy,Bayesian,2.953964288,3.144548669,3.140787624,2.830446343,3.526620723,1,0.176511557,2,,,
5,toy,Bayesian,2.971272226,3.18114701,3.155875673,2.818752052,3.459533746,1,0.15855829,2,,,
6,toy,Bayesian,2.973843305,2.987238443,2.975639302,2.655769773,3.323011601,1,0.181104373,2,,,
7,toy,Bayesian,3.013608273,3.243998887,3.246158162,2.926917202,3.585676683,1,0.171509979,2,,,
8,toy,Bayesian,2.989085355,3.143339346,3.137576318,2.758795192,3.446009379,1,0.176530141,2,,,
9,toy,Bayesian,3.042655313,3.154409696,3.079604769,2.782833031,3.38068995,1,0.151853801,2,,,
10,toy,Bayesian,3.109864667,3.034756779,3.046725908,2.742850668,3.352346808,1,0.162373492,2,,,
11,toy,Bayesian,3.002917289,3.033724414,3.02028908,2.66207267,3.35130018,1,0.185442291,2,,,
12,toy,Bayesian,2.998531158,3.06799051,3.031963678,2.704542761,3.407917893,1,0.191957764,2,,,
13,toy,Bayesian,3.069351656,3.175384302,3.169920688,2.878089479,3.461002431,1,0.146696581,2,,,
14,toy,Bayesian,3.054177298,3.122268181,3.116357257,2.85621095,3.39253082,1,0.148060167,2,,,
15,toy,Bayesian,2.94481946,3.234755327,3.245971766,2.918708701,3.545186402,1,0.165527866,2,,,
16,toy,Bayesian,3.048605747,3.183211534,3.182005112,2.895802943,3.505516441,1,0.161354717,2,,,
17,toy,Bayesian,2.872429787,3.114241919,3.122913256,2.814051996,3.451769152,1,0.168459783,2,,,
18,toy,Bayesian,2.748571826,2.969731979,2.978878406,2.66100236,3.254912125,1,0.149759963,2,,,
19,toy,Bayesian,2.928430046,3.132141503,3.137975774,2.776482242,3.460145387,1,0.177651808,2,,,
20,toy,Bayesian,3.087254929,3.288483101,3.282299373,3.014530246,3.622807516,1,0.157907843,2,,,
21,toy,Bayesian,3.044410714,3.117837272,3.115428003,2.793532653,3.434150209,1,0.158872864,2,,,
22,toy,Bayesian,3.139833463,3.294298633,3.291558349,2.95239239,3.588773355,1,0.171487932,2,,,
23,toy,Bayesian,2.923828638,2.896898017,2.905294518,2.553426986,3.202602306,1,0.173737539,2,,,
24,toy,Bayesian,2.905467693,2.903138949,2.823563885,2.460048269,3.164629858,1,0.190737193,2,,,
25,toy,Bayesian,2.858085705,2.838090659,2.851865242,2.581219202,3.179181374,1,0.152991875,2,,,
26,toy,Bayesian,3.061663895,3.096759307,3.065381966,2.788656487,3.365538343,1,0.15009486,2,,,
27,toy,Bayesian,3.063832992,3.118293671,3.108767804,2.844337016,3.396160301,1,0.150233764,2,,,
28,toy,Bayesian,2.976381666,3.004803451,2.96889535,2.637885601,3.334247738,1,0.174677855,2,,,
29,toy,Bayesian,3.066363447,3.240792246,3.233201741,2.938815928,3.606289649,1,0.172535541,2,,,
30,toy,Bayesian,2.932464829,3.069060319,3.062081669,2.743139785,3.400348802,1,0.156663994,2,,,
31,toy,Bayesian,3.089682691,3.083913186,3.076668361,2.749600035,3.411010569,1,0.16497995,2,,,
32,toy,Bayesian,3.069708154,3.100888457,3.086579442,2.686080369,3.472679068,1,0.197063258,2,,,
33,toy,Bayesian,2.994158438,3.152973054,3.135915488,2.845351435,3.416072056,1,0.148230482,2,,,
34,toy,Bayesian,2.963580495,3.116538426,3.047419665,2.715905487,3.366502887,1,0.170991295,2,,,
35,toy,Bayesian,3.160590647,3.330547513,3.330638231,2.992246961,3.588014242,1,0.153471037,2,,,
36,toy,Bayesian,3.052955022,3.243923331,3.190042361,2.852927967,3.533155862,1,0.173712527,2,,,
37,toy,Bayesian,3.0724371,3.164485622,3.087468745,2.741006674,3.459328617,1,0.187619032,2,,,
38,toy,Bayesian,2.826948554,2.935349984,2.932935623,2.57431588,3.323332517,1,0.184022959,2,,,
39,toy,Bayesian,3.049642404,3.131171911,3.106842549,2.819042113,3.493458286,1,0.174208734,2,,,
40,toy,Bayesian,2.860885099,2.952820293,2.922262213,2.661403695,3.215151549,1,0.15653346,2,,,
41,toy,Bayesian,2.853950814,3.104013863,3.060872145,2.764617593,3.372618499,1,0.162264855,2,,,
42,toy,Bayesian,2.879068896,2.996532959,2.985955251,2.682906634,3.373383511,1,0.169586764,2,,,
43,toy,Bayesian,2.981993792,3.155847031,3.146723287,2.802456058,3.490517194,1,0.178559268,2,,,
44,toy,Bayesian,2.956657367,3.270876119,3.24228267,2.947504736,3.482733806,1,0.137980564,2,,,
45,toy,Bayesian,3.075592656,3.20024111,3.215076927,2.814977568,3.551708843,1,0.184979333,2,,,
46,toy,Bayesian,3.059396418,2.984027778,2.965839623,2.655667357,3.26783498,1,0.168494326,2,,,
47,toy,Bayesian,3.020195112,3.112584502,3.092563826,2.792412373,3.389449124,1,0.157340331,2,,,
48,toy,Bayesian,2.989235743,3.17842502,3.189514567,2.895160687,3.422561606,1,0.150962495,2,,,
49,toy,Bayesian,3.100941965,3.200341834,3.189313478,2.875086182,3.518243366,1,0.164960498,2,,,
50,toy,Bayesian,2.926642908,3.048425252,3.045708627,2.714859031,3.397011764,1,0.171757623,2,,,
51,toy,Bayesian,3.065434549,3.244566346,3.221988774,2.868825777,3.590091102,1,0.181736417,2,,,
52,toy,Bayesian,3.082088762,3.088065914,3.080245205,2.780658081,3.400152519,1,0.169516285,2,,,
53,toy,Bayesian,3.064263618,3.114890123,3.066664299,2.765799599,3.427143386,1,0.166664862,2,,,
54,toy,Bayesian,2.974549196,3.160934733,3.158742903,2.852604108,3.433123672,1,0.148681753,2,,,
55,toy,Bayesian,2.900950873,3.010769643,3.013483582,2.740417127,3.345911387,1,0.162834614,2,,,
56,toy,Bayesian,3.068544625,3.203759968,3.198057763,2.874496667,3.517284594,1,0.170176946,2,,,
57,toy,Bayesian,2.860722256,2.979706696,2.986189704,2.68602942,3.264534265,1,0.146507766,2,,,
58,toy,Bayesian,2.895083913,3.047116146,3.058357978,2.738503633,3.337330965,1,0.16204561,2,,,
59,toy,Bayesian,2.964502616,3.079073889,3.075818827,2.745747764,3.455275812,1,0.172759515,2,,,
60,toy,Bayesian,2.907725055,3.250561925,3.254399388,2.949961167,3.576072857,0,0.172851866,2,,,
61,toy,Bayesian,3.052340622,3.265660798,3.106504942,2.82261375,3.366372095,1,0.148991822,2,,,
62,toy,Bayesian,3.086094266,3.134529971,3.043146246,2.7201801,3.36406958,1,0.16885512,2,,,
63,toy,Bayesian,3.039844675,3.081104377,3.081461682,2.721920389,3.449158262,1,0.19133049,2,,,
64,toy,Bayesian,3.07577888,3.177025277,3.171784382,2.825962682,3.554882117,1,0.185697309,2,,,
65,toy,Bayesian,2.957987296,3.086243796,3.046857221,2.742640391,3.341722972,1,0.152164935,2,,,
66,toy,Bayesian,2.796270171,3.127407556,3.134204369,2.82877956,3.49770413,0,0.165710856,2,,,
67,toy,Bayesian,3.046737701,3.150372849,3.094011194,2.767868914,3.441720277,1,0.168915099,2,,,
68,toy,Bayesian,2.927633661,3.138434931,3.107599742,2.80407119,3.52540437,1,0.176778193,2,,,
69,toy,Bayesian,2.917955882,3.066427026,3.103005802,2.820369743,3.390754267,1,0.148481575,2,,,
70,toy,Bayesian,3.06878901,3.088728119,3.022500971,2.65773948,3.339646475,1,0.170580274,2,,,
71,toy,Bayesian,2.951133849,3.067199712,3.075101223,2.742582675,3.424089608,1,0.1815559,2,,,
72,toy,Bayesian,3.048274573,3.06869398,3.073087049,2.750060199,3.42099248,1,0.167613633,2,,,
73,toy,Bayesian,2.993824359,3.231696764,3.239021413,2.849936907,3.610122976,1,0.18743087,2,,,
74,toy,Bayesian,3.158213274,3.223507651,3.242082004,2.89617735,3.53756893,1,0.161346093,2,,,
75,toy,Bayesian,3.088630603,2.967048714,2.955866635,2.698456921,3.231632056,1,0.138720749,2,,,
76,toy,Bayesian,2.894460668,2.851496955,2.852767748,2.493525434,3.223054226,1,0.198381379,2,,,
77,toy,Bayesian,2.848875203,3.11044614,3.115943334,2.815938873,3.485506987,1,0.169618794,2,,,
78,toy,Bayesian,2.977368762,3.183319143,3.203645485,2.935675614,3.563076095,1,0.156969088,2,,,
79,toy,Bayesian,2.86251609,3.072061151,3.052845825,2.729500649,3.440154154,1,0.189442921,2,,,
80,toy,Bayesian,3.019878555,3.029173923,3.024826572,2.747432745,3.311339158,1,0.155886686,2,,,
81,toy,Bayesian,3.151068045,3.166482583,3.157804811,2.85773352,3.507757788,1,0.168821517,2,,,
82,toy,Bayesian,3.007387076,3.310961414,3.287081597,2.941477906,3.606887985,1,0.175229527,2,,,
83,toy,Bayesian,2.937879442,2.964731224,2.94433591,2.579504867,3.23905792,1,0.159264297,2,,,
84,toy,Bayesian,3.083509298,3.022469681,3.027310125,2.686789071,3.367611597,1,0.172699699,2,,,
85,toy,Bayesian,3.098999237,3.500835587,3.500825365,3.164932518,3.827682147,0,0.177224205,2,,,
86,toy,Bayesian,2.993182583,2.976409822,2.972085116,2.594691529,3.379934975,1,0.194662289,2,,,
87,toy,Bayesian,3.07761848,3.155366342,3.152550651,2.778453213,3.49320884,1,0.194084143,2,,,
88,toy,Bayesian,2.962087799,3.072901671,2.996093296,2.656008055,3.297690572,1,0.169814099,2,,,
89,toy,Bayesian,3.031992214,3.106191777,3.091023168,2.787222885,3.398894288,1,0.159664064,2,,,
90,toy,Bayesian,2.94966393,3.116456075,3.074830479,2.765114156,3.443637071,1,0.176644627,2,,,
91,toy,Bayesian,2.886488966,3.125579921,3.119391633,2.80812847,3.42187903,1,0.154413487,2,,,
92,toy,Bayesian,2.95656874,3.043187133,3.058762586,2.779886584,3.415361272,1,0.16892106,2,,,
93,toy,Bayesian,2.998968762,3.142034864,3.101398282,2.778531661,3.435690436,1,0.170701336,2,,,
94,toy,Bayesian,2.790316954,3.189643196,3.190031557,2.914670769,3.540074892,0,0.163932239,2,,,
95,toy,Bayesian,3.016950543,3.16035615,3.130920802,2.769693048,3.46110536,1,0.177570586,2,,,
96,toy,Bayesian,3.059590147,3.27518839,3.276864882,2.914062865,3.627144456,1,0.181228606,2,,,
97,toy,Bayesian,3.056003353,3.206694236,3.172083401,2.780298843,3.524096741,1,0.184989405,2,,,
98,toy,Bayesian,2.862441831,2.897993264,2.853591795,2.558031847,3.122829148,1,0.152977206,2,,,
99,toy,Bayesian,3.046298886,3.05337212,3.020541959,2.635048754,3.402278017,1,0.196101655,2,,,
100,toy,Bayesian,3.045487099,2.98111253,2.982584129,2.685773476,3.243712837,1,0.144318214,2,,,
1,kang,wild,0,-0.195139397,0.213736319,0.111220006,0.321683733,0,0.054219898,2,,,
2,kang,wild,0,-1.731743354,0.193806573,0.094997722,0.29583994,0,0.051806163,2,,,
3,kang,wild,0,2.178571902,0.125630682,0.022045291,0.233960308,0,0.053820252,2,,,
4,kang,wild,0,0.685179855,-0.354472864,-0.461043674,-0.246282153,0,0.054840932,2,,,
5,kang,wild,0,-0.697661528,-0.047387179,-0.153247489,0.04806898,1,0.055363928,2,,,
6,kang,wild,0,0.922553197,-0.02741993,-0.116874825,0.068832069,1,0.047218928,2,,,
7,kang,wild,0,-1.122354417,-0.208833283,-0.297938609,-0.106690092,0,0.047753255,2,,,
8,kang,wild,0,0.465740651,0.062819125,-0.043499249,0.155034786,1,0.053761412,2,,,
9,kang,wild,0,0.864598501,0.022838705,-0.076604544,0.12089449,1,0.051350728,2,,,
10,kang,wild,0,-2.967063912,0.22265242,0.124965461,0.315702194,0,0.050353736,2,,,
11,kang,wild,0,-2.456519279,-0.35956917,-0.488754765,-0.236972433,0,0.060574578,2,,,
12,kang,wild,0,0.249374975,0.021848592,-0.074849513,0.117016585,1,0.048221715,2,,,
13,kang,wild,0,-1.790292638,-0.157309368,-0.241633942,-0.065834972,0,0.047677314,2,,,
14,kang,wild,0,2.837123303,0.135486441,0.054079432,0.23598653,0,0.047942278,2,,,
15,kang,wild,0,0.833965199,0.016694982,-0.094343398,0.144762111,1,0.058490128,2,,,
16,kang,wild,0,2.703939607,-0.078231955,-0.167620066,0.031776075,1,0.051808438,2,,,
17,kang,wild,0,-0.349394935,-0.04511474,-0.164826553,0.058236777,1,0.05749451,2,,,
18,kang,wild,0,4.890594816,-0.080356765,-0.170922866,0.017099065,1,0.050247089,2,,,
19,kang,wild,0,-1.787934901,-0.044964285,-0.15766063,0.064265392,1,0.056029113,2,,,
20,kang,wild,0,0.263733654,-0.213869448,-0.329533295,-0.10136076,0,0.056050961,2,,,
21,kang,wild,0,1.048189442,0.348666301,0.249116076,0.447665357,0,0.049774551,2,,,
22,kang,wild,0,-1.739893364,-0.006409,-0.114708191,0.078989794,1,0.051788301,2,,,
23,kang,wild,0,-0.52632264,0.035196049,-0.080962022,0.14183707,1,0.056662113,2,,,
24,kang,wild,0,2.68623805,0.135737131,0.034678708,0.22633456,0,0.05199895,2,,,
25,kang,wild,0,2.652030025,-0.267079428,-0.355743605,-0.167590806,0,0.048145741,2,,,
26,kang,wild,0,-0.133025431,-0.403584006,-0.507791008,-0.283580226,0,0.0586617,2,,,
27,kang,wild,0,3.71171599,0.187023898,0.089436152,0.283243482,0,0.050614497,2,,,
28,kang,wild,0,-1.77573543,-0.089242528,-0.204260003,0.002671605,1,0.052168758,2,,,
29,kang,wild,0,-0.736030459,0.046776842,-0.060290248,0.150831943,1,0.055045855,2,,,
30,kang,wild,0,1.621996964,0.004901368,-0.11812845,0.111446827,1,0.057570788,2,,,
31,kang,wild,0,-0.413627419,-0.15842999,-0.249402006,-0.058504191,0,0.054529675,2,,,
32,kang,wild,0,1.67880448,0.0039485,-0.081613332,0.122007685,1,0.051837212,2,,,
33,kang,wild,0,2.30664775,0.302749079,0.19418578,0.423013687,0,0.058153868,2,,,
34,kang,wild,0,3.230429722,-0.063787254,-0.153356891,0.027103425,1,0.049356317,2,,,
35,kang,wild,0,-0.278481938,0.243903264,0.140333372,0.338413446,0,0.048857163,2,,,
36,kang,wild,0,2.124702052,0.121861642,0.0177084,0.225031788,0,0.053504447,2,,,
37,kang,wild,0,1.117229086,0.097409059,-0.005564801,0.209745798,1,0.055125556,2,,,
38,kang,wild,0,-0.951706388,-0.17090761,-0.293732975,-0.070809182,0,0.053236366,2,,,
39,kang,wild,0,-1.328370859,0.158855537,0.067970096,0.259857659,0,0.050757295,2,,,
40,kang,wild,0,-0.4003675,-0.024078492,-0.117306752,0.065703236,1,0.05099764,2,,,
41,kang,wild,0,-1.264317526,0.09593731,-0.031203677,0.205223215,1,0.058982961,2,,,
42,kang,wild,0,-1.091473855,0.121479783,0.017757868,0.218669533,0,0.049686923,2,,,
43,kang,wild,0,0.570702588,0.022772696,-0.080167825,0.120448092,1,0.054820803,2,,,
44,kang,wild,0,3.641349601,0.115052982,0.02443428,0.214963237,0,0.049391582,2,,,
45,kang,wild,0,0.147656815,-0.017340304,-0.142055951,0.086198575,1,0.060761537,2,,,
46,kang,wild,0,1.946851262,0.099448341,-0.003651674,0.201638977,1,0.053440996,2,,,
47,kang,wild,0,2.288697789,0.131830148,0.035436809,0.222866076,0,0.048204373,2,,,
48,kang,wild,0,2.067108876,-0.149863703,-0.242952498,-0.035436,0,0.052906647,2,,,
49,kang,wild,0,1.691885244,0.122819611,0.017246302,0.236703474,0,0.058534848,2,,,
50,kang,wild,0,3.59115015,0.071873003,-0.02637812,0.180857814,1,0.050194536,2,,,
51,kang,wild,0,-0.140718627,0.004840785,-0.091197216,0.104105729,1,0.049210443,2,,,
52,kang,wild,0,2.664515309,0.173583838,0.072464886,0.262189591,0,0.049012166,2,,,
53,kang,wild,0,2.486634517,0.178471701,0.0710804,0.272432401,0,0.052027332,2,,,
54,kang,wild,0,2.513162782,0.149266742,0.026347766,0.250386632,0,0.056645797,2,,,
55,kang,wild,0,-2.271135592,-0.109274538,-0.200563633,-0.017097703,0,0.045864643,2,,,
56,kang,wild,0,1.64E-04,-0.06851689,-0.154042253,0.019515873,1,0.048468906,2,,,
57,kang,wild,0,-4.46776088,-0.110940078,-0.215065574,-0.0110631,0,0.052116952,2,,,
58,kang,wild,0,-0.16220966,0.153466434,0.052208972,0.260030923,0,0.056650676,2,,,
59,kang,wild,0,2.468842143,-0.037981602,-0.142514138,0.054441336,1,0.050026052,2,,,
60,kang,wild,0,-1.462499302,0.136091814,0.033661132,0.234922286,0,0.050736342,2,,,
61,kang,wild,0,0.645621492,-0.135618276,-0.222849794,-0.033217189,0,0.052002832,2,,,
62,kang,wild,0,0.597447411,-0.12169361,-0.244841054,-0.02328573,0,0.055135849,2,,,
63,kang,wild,0,-1.171596272,-0.306044643,-0.403478078,-0.197468906,0,0.052033943,2,,,
64,kang,wild,0,1.719338682,0.332197218,0.225639587,0.424713937,0,0.049968291,2,,,
65,kang,wild,0,-0.852186513,-0.094384957,-0.19936073,0.009192725,1,0.052257174,2,,,
66,kang,wild,0,2.440943456,0.236902031,0.128136026,0.331539329,0,0.053711602,2,,,
67,kang,wild,0,-1.174392694,-0.060518683,-0.159497055,0.054165481,1,0.053938673,2,,,
68,kang,wild,0,2.331531438,0.013702678,-0.079456311,0.123230959,1,0.053344414,2,,,
69,kang,wild,0,1.703439077,-0.055554451,-0.179426275,0.062703425,1,0.058273945,2,,,
70,kang,wild,0,-0.861854382,0.104546766,0.008684001,0.219067066,0,0.054928592,2,,,
71,kang,wild,0,1.488067938,0.048132058,-0.051075568,0.147176828,1,0.049789425,2,,,
72,kang,wild,0,0.094053898,0.013573899,-0.08616256,0.115612914,1,0.051130958,2,,,
73,kang,wild,0,2.876800098,0.090639759,-0.014965388,0.196182136,1,0.05219913,2,,,
74,kang,wild,0,-1.62169653,-0.211389903,-0.319235261,-0.101817042,0,0.056744281,2,,,
75,kang,wild,0,3.332075705,-0.111537882,-0.221087946,-0.014478778,0,0.057154808,2,,,
76,kang,wild,0,1.120070923,-0.028112023,-0.134828809,0.053930932,1,0.050150518,2,,,
77,kang,wild,0,0.075098042,0.120864199,0.008036779,0.219478232,0,0.053730553,2,,,
78,kang,wild,0,-0.377764663,0.246577034,0.139198093,0.340786186,0,0.055124225,2,,,
79,kang,wild,0,0.647039076,-0.184360596,-0.289281523,-0.101777638,0,0.050276952,2,,,
80,kang,wild,0,2.617094947,0.217060065,0.116321579,0.313054266,0,0.050021517,2,,,
81,kang,wild,0,3.458628434,-0.131816759,-0.239806298,-0.026797808,0,0.054143969,2,,,
82,kang,wild,0,4.987918112,-0.030770324,-0.12699456,0.077346369,1,0.052936666,2,,,
83,kang,wild,0,2.694047558,-0.065056047,-0.152236724,0.052445159,1,0.051519028,2,,,
84,kang,wild,0,4.24592005,0.220567169,0.133105673,0.321847739,0,0.048760039,2,,,
85,kang,wild,0,-0.52695066,-0.265726472,-0.377114556,-0.152326343,0,0.057359134,2,,,
86,kang,wild,0,0.479075087,0.011698532,-0.091964667,0.110332875,1,0.055920769,2,,,
87,kang,wild,0,0.039035263,-0.317730811,-0.412526762,-0.214967511,0,0.052954996,2,,,
88,kang,wild,0,0.125502696,0.023033686,-0.088181092,0.122087699,1,0.054924965,2,,,
89,kang,wild,0,2.820805964,-0.384817031,-0.491862349,-0.290568641,0,0.051699037,2,,,
90,kang,wild,0,-0.549488784,-0.032703156,-0.116079476,0.057028778,1,0.045869954,2,,,
91,kang,wild,0,0.426576282,-0.063576557,-0.150783566,0.023861915,1,0.048834273,2,,,
92,kang,wild,0,0.52049527,-0.199534884,-0.293678985,-0.087372242,0,0.053596135,2,,,
93,kang,wild,0,1.481429501,0.151907715,0.043737027,0.253278645,0,0.053792819,2,,,
94,kang,wild,0,0.0168884,0.23638495,0.140693341,0.355988046,0,0.053884971,2,,,
95,kang,wild,0,-1.835183625,0.030819128,-0.071806641,0.130752566,1,0.049383433,2,,,
96,kang,wild,0,3.22678979,-0.082240848,-0.178284289,0.017260695,1,0.051429667,2,,,
97,kang,wild,0,0.951979403,-0.042369467,-0.164488448,0.078051696,1,0.057653831,2,,,
98,kang,wild,0,2.436259509,-0.146468974,-0.250234864,-0.040907749,0,0.053775039,2,,,
99,kang,wild,0,2.847246972,-0.004758827,-0.101973516,0.091534115,1,0.05108057,2,,,
100,kang,wild,0,0.491933035,0.226770014,0.139646443,0.312858774,0,0.045715912,2,,,
1,toy,Bayesian,3.01997288,3.007175326,2.782801134,2.510915352,3.11662611,1,0.172125819,2,non-linear,,
2,toy,Bayesian,2.947940449,3.128753112,3.011510184,2.644518026,3.373253462,1,0.186919578,2,non-linear,,
3,toy,Bayesian,3.106044813,3.10725123,2.938262259,2.609015757,3.26669615,1,0.16619449,2,non-linear,,
4,toy,Bayesian,2.953964288,3.144548669,2.967676323,2.647122715,3.353602601,1,0.180484893,2,non-linear,,
5,toy,Bayesian,2.971272226,3.18114701,3.148209313,2.807967282,3.470267031,1,0.15881765,2,non-linear,,
6,toy,Bayesian,2.973843305,2.987238443,2.858376383,2.50252467,3.215319019,1,0.187922629,2,non-linear,,
7,toy,Bayesian,3.013608273,3.243998887,3.112922974,2.788500794,3.434071933,1,0.17199231,2,non-linear,,
8,toy,Bayesian,2.989085355,3.143339346,3.028699604,2.655955291,3.338034308,1,0.179429531,2,non-linear,,
9,toy,Bayesian,3.042655313,3.154409696,3.046076988,2.746877747,3.323599603,1,0.151842852,2,non-linear,,
10,toy,Bayesian,3.109864667,3.034756779,2.913177478,2.601294372,3.222325568,1,0.162276326,2,non-linear,,
11,toy,Bayesian,3.002917289,3.033724414,2.911116424,2.554059041,3.26653345,1,0.187363993,2,non-linear,,
12,toy,Bayesian,2.998531158,3.06799051,2.898535089,2.574139316,3.272622758,1,0.18370662,2,non-linear,,
13,toy,Bayesian,3.069351656,3.175384302,3.113283198,2.82486614,3.400629458,1,0.143130145,2,non-linear,,
14,toy,Bayesian,3.054177298,3.122268181,3.054101409,2.792731776,3.338008949,1,0.149161928,2,non-linear,,
15,toy,Bayesian,2.94481946,3.234755327,3.120693904,2.788788814,3.443160326,1,0.171401645,2,non-linear,,
16,toy,Bayesian,3.048605747,3.183211534,3.045610892,2.752594419,3.356507862,1,0.152969662,2,non-linear,,
17,toy,Bayesian,2.872429787,3.114241919,2.99703537,2.665437499,3.34438818,1,0.181060806,2,non-linear,,
18,toy,Bayesian,2.748571826,2.969731979,2.86281087,2.555298818,3.138518844,1,0.142787885,2,non-linear,,
19,toy,Bayesian,2.928430046,3.132141503,3.000303706,2.650250921,3.332657018,1,0.176090221,2,non-linear,,
20,toy,Bayesian,3.087254929,3.288483101,3.173242808,2.910645954,3.511529914,1,0.155725381,2,non-linear,,
21,toy,Bayesian,3.044410714,3.117837272,2.952167296,2.655794942,3.259228403,1,0.154096135,2,non-linear,,
22,toy,Bayesian,3.139833463,3.294298633,3.203404542,2.856917674,3.502258516,1,0.171119985,2,non-linear,,
23,toy,Bayesian,2.923828638,2.896898017,2.783090093,2.453350083,3.082860125,1,0.169406579,2,non-linear,,
24,toy,Bayesian,2.905467693,2.903138949,2.716844374,2.348940786,3.045744343,1,0.188587744,2,non-linear,,
25,toy,Bayesian,2.858085705,2.838090659,2.629837799,2.345075788,2.977955694,1,0.160395356,2,non-linear,,
26,toy,Bayesian,3.061663895,3.096759307,3.016460266,2.749832996,3.319789223,1,0.15339292,2,non-linear,,
27,toy,Bayesian,3.063832992,3.118293671,3.016009959,2.756389185,3.281545905,1,0.144142986,2,non-linear,,
28,toy,Bayesian,2.976381666,3.004803451,2.884733565,2.544249967,3.249718881,1,0.178422981,2,non-linear,,
29,toy,Bayesian,3.066363447,3.240792246,3.108012871,2.827833971,3.446631799,1,0.161382633,2,non-linear,,
30,toy,Bayesian,2.932464829,3.069060319,2.96455378,2.642279753,3.292695133,1,0.159427793,2,non-linear,,
31,toy,Bayesian,3.089682691,3.083913186,3.091624395,2.767082145,3.425670575,1,0.167823938,2,non-linear,,
32,toy,Bayesian,3.069708154,3.100888457,2.977516759,2.599182143,3.356343608,1,0.187898484,2,non-linear,,
33,toy,Bayesian,2.994158438,3.152973054,3.022113626,2.724057653,3.324426218,1,0.155809026,2,non-linear,,
34,toy,Bayesian,2.963580495,3.116538426,3.068559953,2.721920653,3.403443263,1,0.169518764,2,non-linear,,
35,toy,Bayesian,3.160590647,3.330547513,3.238622742,2.916052794,3.494682324,1,0.15411675,2,non-linear,,
36,toy,Bayesian,3.052955022,3.243923331,3.062000441,2.739385535,3.425261298,1,0.17131175,2,non-linear,,
37,toy,Bayesian,3.0724371,3.164485622,2.973447323,2.600376823,3.372942394,1,0.192916544,2,non-linear,,
38,toy,Bayesian,2.826948554,2.935349984,2.801119867,2.43202469,3.195364986,1,0.188233492,2,non-linear,,
39,toy,Bayesian,3.049642404,3.131171911,3.033549789,2.750572396,3.378796028,1,0.161567641,2,non-linear,,
40,toy,Bayesian,2.860885099,2.952820293,2.845243671,2.563817817,3.146227552,1,0.159745487,2,non-linear,,
41,toy,Bayesian,2.853950814,3.104013863,2.958444016,2.672730186,3.285243779,1,0.164009611,2,non-linear,,
42,toy,Bayesian,2.879068896,2.996532959,2.872790647,2.520827013,3.264549822,1,0.172835601,2,non-linear,,
43,toy,Bayesian,2.981993792,3.155847031,3.091945035,2.752105585,3.437258366,1,0.174018145,2,non-linear,,
44,toy,Bayesian,2.956657367,3.270876119,3.247546056,2.956967205,3.493128721,0,0.137981635,2,non-linear,,
45,toy,Bayesian,3.075592656,3.20024111,3.147914691,2.771388104,3.493003599,1,0.185733819,2,non-linear,,
46,toy,Bayesian,3.059396418,2.984027778,2.858046076,2.540486302,3.165793376,1,0.169879115,2,non-linear,,
47,toy,Bayesian,3.020195112,3.112584502,3.029217176,2.745281025,3.337268348,1,0.15356557,2,non-linear,,
48,toy,Bayesian,2.989235743,3.17842502,3.080023846,2.763036322,3.340273071,1,0.154926052,2,non-linear,,
49,toy,Bayesian,3.100941965,3.200341834,3.081670634,2.757092091,3.423592864,1,0.173030329,2,non-linear,,
50,toy,Bayesian,2.926642908,3.048425252,2.959887443,2.645555551,3.32369015,1,0.17425842,2,non-linear,,
51,toy,Bayesian,3.065434549,3.244566346,3.108212623,2.761361059,3.480720978,1,0.184269911,2,non-linear,,
52,toy,Bayesian,3.082088762,3.088065914,2.974480769,2.679467254,3.275708938,1,0.162355646,2,non-linear,,
53,toy,Bayesian,3.064263618,3.114890123,2.899869475,2.608026204,3.261279708,1,0.164978989,2,non-linear,,
54,toy,Bayesian,2.974549196,3.160934733,3.065317869,2.786154014,3.349438113,1,0.148333417,2,non-linear,,
55,toy,Bayesian,2.900950873,3.010769643,2.859732201,2.574780515,3.212874614,1,0.171689199,2,non-linear,,
56,toy,Bayesian,3.068544625,3.203759968,3.095778646,2.749982043,3.420471856,1,0.176418934,2,non-linear,,
57,toy,Bayesian,2.860722256,2.979706696,2.858292273,2.54602309,3.126197206,1,0.150582724,2,non-linear,,
58,toy,Bayesian,2.895083913,3.047116146,2.980604826,2.659271458,3.250023107,1,0.159819351,2,non-linear,,
59,toy,Bayesian,2.964502616,3.079073889,2.982449278,2.667002941,3.331333549,1,0.164979432,2,non-linear,,
60,toy,Bayesian,2.907725055,3.250561925,3.11784052,2.819509483,3.433578588,1,0.177482365,2,non-linear,,
61,toy,Bayesian,3.052340622,3.265660798,3.072254825,2.7521191,3.347158432,1,0.158342487,2,non-linear,,
62,toy,Bayesian,3.086094266,3.134529971,3.021022937,2.717336117,3.341050527,1,0.168321463,2,non-linear,,
63,toy,Bayesian,3.039844675,3.081104377,2.953725371,2.587705472,3.321347762,1,0.19377328,2,non-linear,,
64,toy,Bayesian,3.07577888,3.177025277,3.042824178,2.757257031,3.364436238,1,0.164732539,2,non-linear,,
65,toy,Bayesian,2.957987296,3.086243796,2.909871908,2.604878705,3.227489018,1,0.157716621,2,non-linear,,
66,toy,Bayesian,2.796270171,3.127407556,3.031047108,2.733720469,3.395000256,1,0.168592689,2,non-linear,,
67,toy,Bayesian,3.046737701,3.150372849,3.061378238,2.714665518,3.401548029,1,0.173351907,2,non-linear,,
68,toy,Bayesian,2.927633661,3.138434931,2.996209091,2.676327127,3.430898158,1,0.180965329,2,non-linear,,
69,toy,Bayesian,2.917955882,3.066427026,3.001567308,2.723228938,3.292958091,1,0.147244131,2,non-linear,,
70,toy,Bayesian,3.06878901,3.088728119,2.91268668,2.530184423,3.239423482,1,0.174430705,2,non-linear,,
71,toy,Bayesian,2.951133849,3.067199712,2.985627128,2.637054695,3.359975962,1,0.191708266,2,non-linear,,
72,toy,Bayesian,3.048274573,3.06869398,2.809537346,2.47847825,3.176720071,1,0.176946379,2,non-linear,,
73,toy,Bayesian,2.993824359,3.231696764,3.045408313,2.656841643,3.427055577,1,0.191468641,2,non-linear,,
74,toy,Bayesian,3.158213274,3.223507651,3.133333212,2.791585822,3.42335279,1,0.15971238,2,non-linear,,
75,toy,Bayesian,3.088630603,2.967048714,2.854431909,2.621411156,3.141500093,1,0.135333068,2,non-linear,,
76,toy,Bayesian,2.894460668,2.851496955,2.797032321,2.429849677,3.158895659,1,0.193779828,2,non-linear,,
77,toy,Bayesian,2.848875203,3.11044614,3.002665065,2.686572646,3.397133356,1,0.178785595,2,non-linear,,
78,toy,Bayesian,2.977368762,3.183319143,3.130503326,2.850717606,3.480174448,1,0.155650552,2,non-linear,,
79,toy,Bayesian,2.86251609,3.072061151,2.994489234,2.651492106,3.381141451,1,0.188537928,2,non-linear,,
80,toy,Bayesian,3.019878555,3.029173923,2.934143896,2.666429311,3.224187854,1,0.152277527,2,non-linear,,
81,toy,Bayesian,3.151068045,3.166482583,3.037115374,2.758181117,3.386575163,1,0.167248408,2,non-linear,,
82,toy,Bayesian,3.007387076,3.310961414,3.261978251,2.916240168,3.578784093,1,0.172406722,2,non-linear,,
83,toy,Bayesian,2.937879442,2.964731224,2.892752932,2.525956887,3.18395084,1,0.161370722,2,non-linear,,
84,toy,Bayesian,3.083509298,3.022469681,2.911415071,2.53960144,3.298463821,1,0.183684016,2,non-linear,,
85,toy,Bayesian,3.098999237,3.500835587,3.446489716,3.090055799,3.788279699,1,0.182737316,2,non-linear,,
86,toy,Bayesian,2.993182583,2.976409822,2.926421332,2.541198229,3.318148427,1,0.1932072,2,non-linear,,
87,toy,Bayesian,3.07761848,3.155366342,3.05880038,2.659207399,3.415871582,1,0.202835765,2,non-linear,,
88,toy,Bayesian,2.962087799,3.072901671,2.925601071,2.593396677,3.245563576,1,0.168098189,2,non-linear,,
89,toy,Bayesian,3.031992214,3.106191777,2.974638886,2.663267889,3.274791716,1,0.159014775,2,non-linear,,
90,toy,Bayesian,2.94966393,3.116456075,3.015203864,2.690064475,3.393556029,1,0.184951995,2,non-linear,,
91,toy,Bayesian,2.886488966,3.125579921,3.031294545,2.726122588,3.309710644,1,0.150288158,2,non-linear,,
92,toy,Bayesian,2.95656874,3.043187133,2.925967967,2.631262445,3.298694604,1,0.179201945,2,non-linear,,
93,toy,Bayesian,2.998968762,3.142034864,2.936942377,2.624345112,3.27696707,1,0.162623438,2,non-linear,,
94,toy,Bayesian,2.790316954,3.189643196,3.055011897,2.783837387,3.411358282,1,0.163516232,2,non-linear,,
95,toy,Bayesian,3.016950543,3.16035615,3.071919304,2.723212235,3.398280292,1,0.176681,2,non-linear,,
96,toy,Bayesian,3.059590147,3.27518839,3.241949193,2.879855389,3.599553507,1,0.185470275,2,non-linear,,
97,toy,Bayesian,3.056003353,3.206694236,3.037284326,2.629269225,3.39522424,1,0.189484136,2,non-linear,,
98,toy,Bayesian,2.862441831,2.897993264,2.8207226,2.545621328,3.066433366,1,0.147211449,2,non-linear,,
99,toy,Bayesian,3.046298886,3.05337212,2.881053469,2.49627938,3.27866509,1,0.201600597,2,non-linear,,
100,toy,Bayesian,3.045487099,2.98111253,2.840150458,2.539207184,3.103531316,1,0.146904917,2,non-linear,,
1,kang,Bayesian,0,-1.433577442,0.109538825,0.005401371,0.215551739,0,0.056796163,2,kang_correct,,
2,kang,Bayesian,0,-1.532069222,0.056656307,-0.041964616,0.154622548,1,0.053647326,2,kang_correct,,
3,kang,Bayesian,0,-1.660103719,0.039801802,-0.065753682,0.131779129,1,0.050967951,2,kang_correct,,
4,kang,Bayesian,0,-1.435307627,0.019998015,-0.082821635,0.117650388,1,0.05426959,2,kang_correct,,
5,kang,Bayesian,0,-1.485078885,-0.006833918,-0.095767975,0.112273126,1,0.053213909,2,kang_correct,,
6,kang,Bayesian,0,-1.243297754,0.079991025,-0.018342097,0.189543252,1,0.055448288,2,kang_correct,,
7,kang,Bayesian,0,-1.347011352,0.065578983,-0.036046391,0.155507945,1,0.051477645,2,kang_correct,,
8,kang,Bayesian,0,-2.020187135,0.129347652,0.036744245,0.238844677,0,0.052398345,2,kang_correct,,
9,kang,Bayesian,0,-1.426372028,0.002261845,-0.112945923,0.12785303,1,0.05963276,2,kang_correct,,
10,kang,Bayesian,0,-1.349299097,-0.081812013,-0.175820241,0.022112772,1,0.052103063,2,kang_correct,,
11,kang,Bayesian,0,-2.247732503,-0.184949066,-0.304109263,-0.071535263,0,0.055777392,2,kang_correct,,
12,kang,Bayesian,0,-1.858052117,-0.107002085,-0.212984683,0.005815919,1,0.052497007,2,kang_correct,,
13,kang,Bayesian,0,-1.725648077,8.70E-04,-0.094563546,0.094083685,1,0.049080231,2,kang_correct,,
14,kang,Bayesian,0,-1.585897441,-0.019920723,-0.127172254,0.073431159,1,0.052842555,2,kang_correct,,
15,kang,Bayesian,0,-1.897799089,-0.016379882,-0.107605469,0.071467327,1,0.047144825,2,kang_correct,,
16,kang,Bayesian,0,-1.439151975,-0.039479148,-0.13434324,0.052618659,1,0.048369539,2,kang_correct,,
17,kang,Bayesian,0,-1.979238222,-0.093220251,-0.193242597,7.04E-04,1,0.049869198,2,kang_correct,,
18,kang,Bayesian,0,-2.209412366,-0.050558808,-0.15230021,0.043834839,1,0.051082209,2,kang_correct,,
19,kang,Bayesian,0,-0.574103333,-0.050074532,-0.14484008,0.063324041,1,0.05372011,2,kang_correct,,
20,kang,Bayesian,0,-1.601846297,0.079497137,-0.028965703,0.1689088,1,0.051008458,2,kang_correct,,
21,kang,Bayesian,0,-1.212897305,-0.051523617,-0.136778359,0.043164572,1,0.047052784,2,kang_correct,,
22,kang,Bayesian,0,-1.857914695,-0.031926116,-0.131313351,0.051464072,1,0.045245326,2,kang_correct,,
23,kang,Bayesian,0,-2.375768203,0.174496396,0.059003279,0.272859252,0,0.052623583,2,kang_correct,,
24,kang,Bayesian,0,-2.590430524,-0.124806366,-0.243697355,-0.028373266,0,0.055345661,2,kang_correct,,
25,kang,Bayesian,0,-1.580129797,0.003556666,-0.109697316,0.103958202,1,0.055156265,2,kang_correct,,
26,kang,Bayesian,0,-2.987412477,-0.071234564,-0.177587716,0.034183975,1,0.055922743,2,kang_correct,,
27,kang,Bayesian,0,-1.949089116,-0.076234769,-0.1666213,0.006616059,1,0.050256955,2,kang_correct,,
28,kang,Bayesian,0,-2.459596254,-0.036716185,-0.14678629,0.067230471,1,0.053196561,2,kang_correct,,
29,kang,Bayesian,0,-1.266758127,-0.016695814,-0.115924576,0.092727252,1,0.055356961,2,kang_correct,,
30,kang,Bayesian,0,-2.897963333,0.022675128,-0.077302132,0.125368176,1,0.053913872,2,kang_correct,,
31,kang,Bayesian,0,-1.57517345,0.056432933,-0.056446778,0.154524447,1,0.056653444,2,kang_correct,,
32,kang,Bayesian,0,-1.38905007,0.034199062,-0.065091412,0.130906029,1,0.050311809,2,kang_correct,,
33,kang,Bayesian,0,-1.722010658,0.034956177,-0.072699467,0.122279172,1,0.051344997,2,kang_correct,,
34,kang,Bayesian,0,-1.955952861,-0.052607185,-0.143566069,0.045796571,1,0.052009546,2,kang_correct,,
35,kang,Bayesian,0,-2.031321746,-0.228233205,-0.339410622,-0.136137385,0,0.052097866,2,kang_correct,,
36,kang,Bayesian,0,-2.253422098,-0.114656127,-0.213396194,-0.015485017,0,0.052254502,2,kang_correct,,
37,kang,Bayesian,0,-1.156819945,0.092592349,-0.001031012,0.191906502,1,0.054210816,2,kang_correct,,
38,kang,Bayesian,0,-1.164512933,0.050297261,-0.059622423,0.157590194,1,0.053909773,2,kang_correct,,
39,kang,Bayesian,0,-3.233870413,-0.169049081,-0.288961912,-0.059263546,0,0.059706119,2,kang_correct,,
40,kang,Bayesian,0,-1.219296114,0.072274059,-0.029784793,0.170710123,1,0.049895817,2,kang_correct,,
41,kang,Bayesian,0,-1.433262371,-0.17503363,-0.276170255,-0.082890898,0,0.050796956,2,kang_correct,,
42,kang,Bayesian,0,-3.071396549,-0.06595142,-0.146720713,0.037900063,1,0.049761892,2,kang_correct,,
43,kang,Bayesian,0,-1.382983222,0.061529848,-0.033428481,0.165545916,1,0.052089283,2,kang_correct,,
44,kang,Bayesian,0,-1.735359138,0.170799587,0.076035242,0.277579062,0,0.054197556,2,kang_correct,,
45,kang,Bayesian,0,-2.106202346,-0.106469609,-0.197010914,-0.008788385,0,0.048688493,2,kang_correct,,
46,kang,Bayesian,0,-1.58554097,-0.175049322,-0.277014524,-0.086808413,0,0.050639673,2,kang_correct,,
47,kang,Bayesian,0,-1.845039427,-0.156267807,-0.262730153,-0.042933656,0,0.054273644,2,kang_correct,,
48,kang,Bayesian,0,-1.935029598,-0.020153037,-0.132939201,0.065149567,1,0.054626746,2,kang_correct,,
49,kang,Bayesian,0,-1.362542236,0.076682874,-0.013379409,0.17553027,1,0.050914544,2,kang_correct,,
50,kang,Bayesian,0,-1.7946409,0.222030139,0.12524434,0.313499551,0,0.050652578,2,kang_correct,,
51,kang,Bayesian,0,-1.224180761,-0.046456931,-0.150138092,0.037615908,1,0.049061702,2,kang_correct,,
52,kang,Bayesian,0,-1.393941242,0.045143686,-0.045974794,0.145213106,1,0.049923467,2,kang_correct,,
53,kang,Bayesian,0,-1.465532735,-0.111954455,-0.209498663,4.17E-04,1,0.055746071,2,kang_correct,,
54,kang,Bayesian,0,-1.499551805,-0.034787986,-0.131347149,0.07403867,1,0.05296298,2,kang_correct,,
55,kang,Bayesian,0,-0.906687109,-0.02247094,-0.138033916,0.070285844,1,0.053311752,2,kang_correct,,
56,kang,Bayesian,0,-1.597842584,0.061584418,-0.031416469,0.15570403,1,0.050800238,2,kang_correct,,
57,kang,Bayesian,0,-1.834058692,0.046929749,-0.060944373,0.149471761,1,0.051041463,2,kang_correct,,
58,kang,Bayesian,0,-1.769407966,0.048286582,-0.074807983,0.148123546,1,0.05566356,2,kang_correct,,
59,kang,Bayesian,0,-2.047359044,0.066261247,-0.04468561,0.178326212,1,0.057321908,2,kang_correct,,
60,kang,Bayesian,0,-1.687769487,-0.09517221,-0.183343822,-8.64E-04,0,0.048999177,2,kang_correct,,
61,kang,Bayesian,0,-1.040489358,0.193847642,0.080497122,0.295965254,0,0.055626664,2,kang_correct,,
62,kang,Bayesian,0,-2.579133673,0.034833938,-0.069121037,0.136195995,1,0.050188809,2,kang_correct,,
63,kang,Bayesian,0,-1.248108749,0.232704992,0.127550147,0.341033973,0,0.054865097,2,kang_correct,,
64,kang,Bayesian,0,-1.701023604,0.070447843,-0.018981831,0.177062462,1,0.047617658,2,kang_correct,,
65,kang,Bayesian,0,-1.936536254,-0.007379506,-0.10830593,0.097011961,1,0.05384429,2,kang_correct,,
66,kang,Bayesian,0,-1.910471194,-0.028990537,-0.126421353,0.070792328,1,0.051198024,2,kang_correct,,
67,kang,Bayesian,0,-2.920490281,-0.100697189,-0.198428077,-0.001681812,0,0.051716874,2,kang_correct,,
68,kang,Bayesian,0,-1.415978107,0.065730801,-0.03657193,0.176093779,1,0.057819433,2,kang_correct,,
69,kang,Bayesian,0,-2.098015291,-0.014214475,-0.112451026,0.089304597,1,0.052383121,2,kang_correct,,
70,kang,Bayesian,0,-1.219848521,-0.028145444,-0.1315122,0.063366849,1,0.051329297,2,kang_correct,,
71,kang,Bayesian,0,-1.254482218,0.165554586,0.069277877,0.25531825,0,0.048130595,2,kang_correct,,
72,kang,Bayesian,0,-1.845537728,-0.169978967,-0.258372054,-0.071617012,0,0.051075436,2,kang_correct,,
73,kang,Bayesian,0,-1.170251562,-0.104109469,-0.191196797,0.008932352,1,0.050824289,2,kang_correct,,
74,kang,Bayesian,0,-0.714859311,0.027193056,-0.065474635,0.115000737,1,0.045466813,2,kang_correct,,
75,kang,Bayesian,0,-1.687042354,0.016699055,-0.095562268,0.116225855,1,0.055278135,2,kang_correct,,
76,kang,Bayesian,0,-1.147135136,-0.037067493,-0.144976096,0.072649503,1,0.057223453,2,kang_correct,,
77,kang,Bayesian,0,-1.758117207,-0.012234781,-0.108024809,0.072593281,1,0.04888599,2,kang_correct,,
78,kang,Bayesian,0,-1.512126374,0.061878816,-0.050265054,0.156263404,1,0.056057662,2,kang_correct,,
79,kang,Bayesian,0,-2.854256644,0.035441113,-0.054890657,0.148480199,1,0.051517388,2,kang_correct,,
80,kang,Bayesian,0,-1.52465183,-0.087758228,-0.19354269,0.021957683,1,0.053884522,2,kang_correct,,
81,kang,Bayesian,0,-1.851062373,-0.033403154,-0.147573925,0.076284362,1,0.054417177,2,kang_correct,,
82,kang,Bayesian,0,-3.257434065,-0.102986108,-0.220383956,0.024265848,1,0.061958841,2,kang_correct,,
83,kang,Bayesian,0,-1.545144489,0.101008884,0.006491148,0.198150582,0,0.04833502,2,kang_correct,,
84,kang,Bayesian,0,-1.486403954,0.016276085,-0.078813345,0.123209366,1,0.050882632,2,kang_correct,,
85,kang,Bayesian,0,-2.27220419,-0.004557639,-0.103698792,0.094857028,1,0.05236965,2,kang_correct,,
86,kang,Bayesian,0,-2.708995537,-0.089328366,-0.196715957,0.025561924,1,0.059388081,2,kang_correct,,
87,kang,Bayesian,0,-1.393965694,-0.047645874,-0.153163868,0.064746275,1,0.053605023,2,kang_correct,,
88,kang,Bayesian,0,-1.855325745,-0.115840351,-0.226636018,-0.015920895,0,0.05322946,2,kang_correct,,
89,kang,Bayesian,0,-2.369595321,0.092592748,-0.0187485,0.204919243,1,0.056565719,2,kang_correct,,
90,kang,Bayesian,0,-1.651868478,0.06826643,-0.018760987,0.17097474,1,0.05124823,2,kang_correct,,
91,kang,Bayesian,0,-1.309392278,-0.071192834,-0.167071938,0.028338413,1,0.048015315,2,kang_correct,,
92,kang,Bayesian,0,-1.937072853,-0.03760316,-0.14399251,0.067988793,1,0.054864432,2,kang_correct,,
93,kang,Bayesian,0,-1.919576041,-0.039375323,-0.144728774,0.056906372,1,0.051864947,2,kang_correct,,
94,kang,Bayesian,0,-1.803991162,0.137222832,0.041445269,0.216323667,0,0.048729878,2,kang_correct,,
95,kang,Bayesian,0,-1.791422575,-0.002573437,-0.089849553,0.098823245,1,0.047556927,2,kang_correct,,
96,kang,Bayesian,0,-2.334562666,0.065462697,-0.024410743,0.174189543,1,0.054230744,2,kang_correct,,
97,kang,Bayesian,0,-1.909227799,-0.052827786,-0.166769865,0.048570439,1,0.055816661,2,kang_correct,,
98,kang,Bayesian,0,-1.580275762,-0.016242331,-0.10680767,0.080762101,1,0.047423327,2,kang_correct,,
99,kang,Bayesian,0,-1.701596584,0.083441541,-0.011093136,0.180813598,1,0.050009262,2,kang_correct,,
100,kang,Bayesian,0,-2.268187945,-0.074374259,-0.190919406,0.011396567,1,0.051879964,2,kang_correct,,
1,otsu,Bayesian,0,0.078128794,0.073544784,0.004073257,0.132017918,0,0.035489132,2,linear,0.39,0.033
2,otsu,Bayesian,0,0.10876803,0.105114507,0.034888384,0.168705552,0,0.034745165,2,linear,0.179,0.006
3,otsu,Bayesian,0,0.027588379,-0.024399705,-0.088297762,0.031827973,1,0.031290428,2,linear,0.174,0.006
4,otsu,Bayesian,0,0.039281096,-0.039472208,-0.13543686,0.041893339,1,0.041666269,2,linear,0.157,0.005
5,otsu,Bayesian,0,0.035920104,0.044658374,-0.043360059,0.138426034,1,0.044566721,2,linear,0.143,0.005
6,otsu,Bayesian,0,-0.068596509,-0.075405266,-0.152603252,-0.009546623,0,0.038006304,2,linear,0.142,0.005
7,otsu,Bayesian,0,0.137136325,0.120650576,0.059764569,0.193863877,0,0.036979327,2,linear,0.139,0.007
8,otsu,Bayesian,0,0.07549663,0.084617466,0.009662304,0.160502309,0,0.039659915,2,linear,0.155,0.005
9,otsu,Bayesian,0,-0.031476363,-0.047672475,-0.116376655,0.027189308,1,0.035365212,2,linear,0.158,0.005
10,otsu,Bayesian,0,0.060471191,0.084138823,-0.008649606,0.167500958,1,0.044902954,2,linear,0.152,0.005
11,otsu,Bayesian,0,0.192363428,0.209238336,0.141172058,0.290769723,0,0.038023816,2,linear,0.137,0.005
12,otsu,Bayesian,0,0.030084822,-0.014586454,-0.08046557,0.042420482,1,0.033678112,2,linear,0.155,0.006
13,otsu,Bayesian,0,-0.007310544,-0.045985115,-0.114808949,0.029501416,1,0.035304663,2,linear,0.146,0.005
14,otsu,Bayesian,0,-0.005486565,0.005208946,-0.070286444,0.084544441,1,0.04193696,2,linear,0.145,0.005
15,otsu,Bayesian,0,0.195939791,0.196792782,0.100919444,0.2825295,0,0.045706147,2,linear,0.143,0.004
16,otsu,Bayesian,0,0.07793287,0.068261344,0.010539616,0.133548442,0,0.03294561,2,linear,0.177,0.006
17,otsu,Bayesian,0,-0.02553423,-0.037635174,-0.104506912,0.036479169,1,0.035899207,2,linear,0.151,0.006
18,otsu,Bayesian,0,0.132776825,0.121529415,0.055320442,0.195818491,0,0.035765692,2,linear,0.148,0.004
19,otsu,Bayesian,0,0.020641191,0.03907089,-0.031538707,0.105197813,1,0.036222102,2,linear,0.141,0.023
20,otsu,Bayesian,0,0.04539552,0.034003544,-0.038322491,0.102943806,1,0.035696779,2,linear,0.146,0.005
21,otsu,Bayesian,0,0.024881776,0.076621273,-0.00303831,0.14915416,1,0.041988528,2,linear,0.15,0.005
22,otsu,Bayesian,0,0.146557584,0.190657735,0.107049245,0.268836355,0,0.042133221,2,linear,0.142,0.005
23,otsu,Bayesian,0,0.064901668,0.076539786,0.002940561,0.1521807,0,0.038840879,2,linear,0.147,0.005
24,otsu,Bayesian,0,-0.008218712,-0.001592473,-0.080651611,0.08173523,1,0.042410702,2,linear,0.145,0.005
25,otsu,Bayesian,0,-0.038569104,-0.060807257,-0.157388691,0.03087676,1,0.047785929,2,linear,0.151,0.005
26,otsu,Bayesian,0,-0.009438995,-0.015644142,-0.085073053,0.051987443,1,0.034781046,2,linear,0.162,0.005
27,otsu,Bayesian,0,0.005464706,0.013938932,-0.044549905,0.078808924,1,0.032076664,2,linear,0.144,0.005
28,otsu,Bayesian,0,0.107906848,0.081347663,-8.33E-04,0.157074397,1,0.040331302,2,linear,0.137,0.005
29,otsu,Bayesian,0,0.032600567,0.017648672,-0.0491975,0.079209671,1,0.032921647,2,linear,0.155,0.005
30,otsu,Bayesian,0,0.050479596,0.023646441,-0.046816757,0.09390335,1,0.040263718,2,linear,0.152,0.006
31,otsu,Bayesian,0,0.071688708,0.052408217,-0.004388906,0.104481791,1,0.030394017,2,linear,0.17,0.006
32,otsu,Bayesian,0,0.048696928,0.01334847,-0.05579645,0.090536906,1,0.037446191,2,linear,0.158,0.005
33,otsu,Bayesian,0,-0.039636648,-0.084692103,-0.159012565,-0.00964439,0,0.036743411,2,linear,0.153,0.005
34,otsu,Bayesian,0,-0.071981968,-0.093960106,-0.159235933,-0.029711,0,0.032837226,2,linear,0.15,0.005
35,otsu,Bayesian,0,0.141167324,0.151648474,0.055835634,0.23793498,0,0.044452309,2,linear,0.167,0.006
36,otsu,Bayesian,0,0.002108148,-0.006689393,-0.092134638,0.071228872,1,0.041647344,2,linear,0.145,0.005
37,otsu,Bayesian,0,0.003843613,-0.009462516,-0.110358979,0.069073735,1,0.044740667,2,linear,0.156,0.005
38,otsu,Bayesian,0,0.047650288,0.064522806,-0.028084542,0.145048146,1,0.044411027,2,linear,0.162,0.006
39,otsu,Bayesian,0,0.01192998,-0.008442239,-0.062102074,0.060952813,1,0.031887357,2,linear,0.158,0.005
40,otsu,Bayesian,0,0.014744461,0.01359401,-0.054627476,0.079365612,1,0.032740435,2,linear,0.145,0.005
41,otsu,Bayesian,0,-0.055403091,-0.044830922,-0.11094874,0.008701959,1,0.032703643,2,linear,0.232,0.006
42,otsu,Bayesian,0,-0.026997827,-0.047254752,-0.10270576,0.015679246,1,0.029609432,2,linear,0.153,0.005
43,otsu,Bayesian,0,0.196684399,0.221796177,0.156213971,0.292372351,0,0.036959007,2,linear,0.169,0.007
44,otsu,Bayesian,0,0.069914176,0.018994998,-0.036795817,0.078710606,1,0.029594021,2,linear,0.181,0.005
45,otsu,Bayesian,0,-0.00660445,-0.002980206,-0.081974247,0.070030553,1,0.040285671,2,linear,0.147,0.004
46,otsu,Bayesian,0,0.098839115,0.09700858,0.042315928,0.146224634,0,0.027897664,2,linear,0.145,0.005
47,otsu,Bayesian,0,-0.001189323,-0.012142436,-0.08054781,0.056243539,1,0.034141099,2,linear,0.153,0.005
48,otsu,Bayesian,0,0.041900784,0.060202444,-0.015732799,0.135759271,1,0.03987831,2,linear,0.15,0.005
49,otsu,Bayesian,0,0.043617876,0.01075406,-0.062686426,0.088248547,1,0.038695782,2,linear,0.159,0.005
50,otsu,Bayesian,0,-0.029300049,-0.045123483,-0.130198593,0.029204098,1,0.043345606,2,linear,0.142,0.005
51,otsu,Bayesian,0,0.035847943,0.042945043,-0.044417207,0.107584373,1,0.036245,2,linear,0.155,0.005
52,otsu,Bayesian,0,0.080624716,0.097117908,0.02131484,0.171544255,0,0.041507656,2,linear,0.171,0.006
53,otsu,Bayesian,0,0.098579808,0.067049443,0.003079398,0.128804058,0,0.033024538,2,linear,0.176,0.006
54,otsu,Bayesian,0,0.197413229,0.225562306,0.150926551,0.292481485,0,0.035488888,2,linear,0.155,0.006
55,otsu,Bayesian,0,-0.055792747,-0.114665053,-0.190263783,-0.023395987,0,0.042676089,2,linear,0.153,0.007
56,otsu,Bayesian,0,0.020504707,0.007386118,-0.043266538,0.060410524,1,0.029326736,2,linear,0.149,0.005
57,otsu,Bayesian,0,-0.025096582,-0.046596601,-0.113164118,0.038759364,1,0.037898048,2,linear,0.15,0.005
58,otsu,Bayesian,0,-0.062541123,-0.077198643,-0.154166857,-0.005362025,0,0.036898502,2,linear,0.158,0.006
59,otsu,Bayesian,0,0.056285812,0.114854636,0.030564105,0.183408657,0,0.03995125,2,linear,0.149,0.006
60,otsu,Bayesian,0,0.06303534,0.074481197,0.00183395,0.148699283,0,0.038577865,2,linear,0.154,0.005
61,otsu,Bayesian,0,-0.015389362,-0.014687938,-0.082243019,0.047932542,1,0.035015265,2,linear,0.138,0.006
62,otsu,Bayesian,0,0.061317599,0.030976264,-0.022176031,0.094775985,1,0.032604271,2,linear,0.159,0.006
63,otsu,Bayesian,0,-0.048151233,-0.079472184,-0.148498587,-0.017268768,0,0.035978553,2,linear,0.152,0.005
64,otsu,Bayesian,0,0.085192844,0.044953971,-0.025963949,0.119886933,1,0.039123141,2,linear,0.178,0.006
65,otsu,Bayesian,0,-0.003550103,-0.009824826,-0.076125072,0.052100213,1,0.033770322,2,linear,0.142,0.005
66,otsu,Bayesian,0,-0.025016472,-0.022122709,-0.085416641,0.044231676,1,0.033547048,2,linear,0.152,0.005
67,otsu,Bayesian,0,-0.001147302,3.35E-04,-0.057067489,0.070307077,1,0.032739829,2,linear,0.151,0.006
68,otsu,Bayesian,0,0.142964569,0.104859421,0.020049263,0.181492081,0,0.041089436,2,linear,0.158,0.005
69,otsu,Bayesian,0,0.017041925,-0.058403019,-0.134254806,0.014227349,1,0.035481812,2,linear,0.169,0.007
70,otsu,Bayesian,0,-0.01370655,-0.047580355,-0.119876023,0.012074307,1,0.033662552,2,linear,0.188,0.005
71,otsu,Bayesian,0,-0.053642373,-0.097595943,-0.175487581,-0.036413791,0,0.036904406,2,linear,0.151,0.005
72,otsu,Bayesian,0,0.009509895,-0.005499543,-0.071840014,0.054465692,1,0.030236678,2,linear,0.14,0.006
73,otsu,Bayesian,0,0.034637587,0.007744965,-0.073577263,0.08978322,1,0.038417792,2,linear,0.146,0.005
74,otsu,Bayesian,0,0.065728351,0.02560248,-0.041966622,0.096035699,1,0.035937367,2,linear,0.147,0.005
75,otsu,Bayesian,0,0.062744261,0.051683364,-0.023923088,0.130496618,1,0.03811868,2,linear,0.158,0.005
76,otsu,Bayesian,0,0.148536755,0.138203665,0.065996585,0.212608409,0,0.03681646,2,linear,0.14,0.005
77,otsu,Bayesian,0,0.066112069,0.038113597,-0.033792407,0.106550309,1,0.036116956,2,linear,0.158,0.005
78,otsu,Bayesian,0,0.11541942,0.094051177,0.012341401,0.164371094,0,0.039409884,2,linear,0.15,0.005
79,otsu,Bayesian,0,0.137768042,0.129640085,0.049213272,0.221907505,0,0.040414014,2,linear,0.156,0.005
80,otsu,Bayesian,0,0.002776556,-0.007592007,-0.060215004,0.045662522,1,0.028575127,2,linear,0.147,0.005
81,otsu,Bayesian,0,0.069247963,0.048252642,-0.028477869,0.140106813,1,0.043869956,2,linear,0.171,0.006
82,otsu,Bayesian,0,0.160405047,0.141361533,0.069076791,0.208422586,0,0.036223026,2,linear,0.144,0.005
83,otsu,Bayesian,0,0.093799744,0.100794492,0.041601856,0.173751706,0,0.032485022,2,linear,0.147,0.005
84,otsu,Bayesian,0,0.119946148,0.132197437,0.050431946,0.197753302,0,0.0371288,2,linear,0.143,0.005
85,otsu,Bayesian,0,0.001947662,-0.032474381,-0.096278959,0.029846608,1,0.031722242,2,linear,0.154,0.006
86,otsu,Bayesian,0,0.070245271,0.020112682,-0.0514835,0.08532829,1,0.037599384,2,linear,0.145,0.005
87,otsu,Bayesian,0,-0.001980531,-0.036931295,-0.101664067,0.027950232,1,0.031553786,2,linear,0.155,0.006
88,otsu,Bayesian,0,-0.016217377,-0.029992593,-0.108888697,0.036948374,1,0.038743752,2,linear,0.14,0.005
89,otsu,Bayesian,0,0.125216936,0.135496808,0.070660416,0.198685414,0,0.033719484,2,linear,0.153,0.005
90,otsu,Bayesian,0,0.058255046,0.039777701,-0.030393677,0.111941222,1,0.03813744,2,linear,0.146,0.005
91,otsu,Bayesian,0,0.017399973,-0.013927107,-0.096209201,0.053024402,1,0.037299354,2,linear,0.155,0.005
92,otsu,Bayesian,0,-0.066379923,-0.081296276,-0.146737404,-0.02389399,0,0.032834352,2,linear,0.142,0.005
93,otsu,Bayesian,0,0.025644948,0.014822413,-0.037505772,0.065356238,1,0.028594829,2,linear,0.173,0.006
94,otsu,Bayesian,0,0.149770927,0.237960381,0.111420938,0.366499094,0,0.067286104,2,linear,0.143,0.005
95,otsu,Bayesian,0,-0.03397365,-0.074482051,-0.142848153,-0.005687659,0,0.03776199,2,linear,0.157,0.006
96,otsu,Bayesian,0,-0.013415152,-0.040458313,-0.096082105,0.016444294,1,0.028411139,2,linear,0.151,0.005
97,otsu,Bayesian,0,0.071909017,-0.002081164,-0.081096801,0.078014914,1,0.043542479,2,linear,0.155,0.006
98,otsu,Bayesian,0,0.041899441,0.033071825,-0.014837513,0.084872941,1,0.026175446,2,linear,0.15,0.005
99,otsu,Bayesian,0,0.086180801,0.05204327,-0.014504987,0.108241709,1,0.031454765,2,linear,0.144,0.006
100,otsu,Bayesian,0,0.090731363,0.131037627,0.070735868,0.194995908,0,0.031924093,2,linear,0.158,0.005
1,kang,wild,0,-0.195139397,0.07826314,-0.898487202,1.036523491,1,0.549873102,1,linear,8.665,0.025
2,kang,wild,0,1.74444095,2.262387347,0.590322361,3.124808461,0,0.676185086,1,linear,8.287,0.001
3,kang,wild,0,3.082557659,4.11483088,2.586909575,5.268148817,0,0.840531863,1,linear,9.037,0.001
4,kang,wild,0,-1.004311207,0.033767755,-1.734177169,1.565709618,1,0.905484428,1,linear,9.03,0.001
5,kang,wild,0,-1.826725035,-0.762345343,-1.84025303,0.38815511,1,0.658094875,1,linear,9.75,1.00E-03
6,kang,wild,0,-2.470823135,-1.75117338,-2.658129141,-1.11313271,0,0.483776737,1,linear,8.763,1.00E-03
7,kang,wild,0,2.192377537,2.822616564,2.005578446,4.510017182,0,0.810888203,1,linear,9.477,0.001
8,kang,wild,0,4.141863299,4.20774861,2.557203123,4.57966281,0,0.578811379,1,linear,9.42,0.001
9,kang,wild,0,-0.99187457,-0.390030007,-1.37497747,0.637809683,1,0.598981804,1,linear,9.044,0.001
10,kang,wild,0,1.576322535,2.011156425,1.056865558,3.293466398,0,0.599998491,1,linear,7.91,0.001
11,kang,wild,0,2.231411395,2.857242833,1.890918851,3.655337519,0,0.555350712,1,linear,8.455,0
12,kang,wild,0,1.538171094,2.570375287,1.499436289,4.072960224,0,0.746526754,1,linear,7.834,0.001
13,kang,wild,0,-2.496866381,-1.866901444,-2.679618804,-0.973748556,0,0.452419664,1,linear,7.147,1.00E-03
14,kang,wild,0,2.806404382,4.390955462,3.317109755,5.618714378,0,0.700660859,1,linear,8.03,0
15,kang,wild,0,1.605908839,2.054227953,1.042347802,3.051084885,0,0.566239098,1,linear,8.325,0.001
16,kang,wild,0,2.318932263,3.150459779,2.059762532,3.822896147,0,0.504890977,1,linear,7.003,0.001
17,kang,wild,0,-0.278624398,0.397436277,-0.92637306,1.996197494,1,0.785392003,1,linear,7.238,0.001
18,kang,wild,0,-2.126817388,-0.9819923,-2.443499334,0.038529905,1,0.789590134,1,linear,7.998,1.00E-03
19,kang,wild,0,-1.072699376,0.612431886,-0.084357996,1.199546961,1,0.383957574,1,linear,8.454,0
20,kang,wild,0,1.48292498,2.421267873,1.309422233,3.132283223,0,0.572737943,1,linear,8.147,0.001
21,kang,wild,0,1.513887003,2.35607929,1.317769093,3.514131219,0,0.715315402,1,linear,8.002,0.001
22,kang,wild,0,1.659249547,1.895049191,0.94146564,2.861301726,0,0.606606034,1,linear,7.543,1.00E-03
23,kang,wild,0,1.214781352,2.432718372,1.530181443,3.514909151,0,0.663628215,1,linear,7.599,0.001
24,kang,wild,0,2.02836749,2.619623935,1.26026322,4.233519716,0,0.827872395,1,linear,7.405,1.00E-03
25,kang,wild,0,0.362174506,0.532863061,-0.215126273,1.850978571,1,0.598425316,1,linear,8.349,0.001
26,kang,wild,0,3.747151486,4.764501944,3.504237818,5.598049555,0,0.631117318,1,linear,8.235,1.00E-03
27,kang,wild,0,1.109046634,0.792462132,-0.249749029,1.629481706,1,0.533224603,1,linear,7.635,1.00E-03
28,kang,wild,0,3.372206924,4.76685871,3.336930951,5.533603851,0,0.652260925,1,linear,7.516,0.001
29,kang,wild,0,0.672631407,1.16083404,0.332095579,2.361813917,0,0.572961831,1,linear,7.865,0
30,kang,wild,0,0.514497471,0.813935699,-0.20906591,1.905282096,1,0.710485864,1,linear,7.127,0.001
31,kang,wild,0,-2.322639882,-1.01799786,-1.779789248,0.033356605,1,0.529159072,1,linear,7.388,0.001
32,kang,wild,0,3.566777333,4.048246473,3.135644396,4.985171092,0,0.557962354,1,linear,6.856,0
33,kang,wild,0,0.340401913,0.59097607,-0.207226584,1.552522248,1,0.500112357,1,linear,7.484,0.001
34,kang,wild,0,0.378173724,0.900211256,-0.019351679,1.822106536,1,0.610916219,1,linear,7.439,0.001
35,kang,wild,0,2.667033198,3.301927451,2.981230077,4.608339002,0,0.489324665,1,linear,7.136,1.00E-03
36,kang,wild,0,-1.08094347,-0.059161771,-0.801148357,0.874635509,1,0.529941798,1,linear,8.05,0.001
37,kang,wild,0,-0.660099295,-0.081633282,-0.794670417,0.337052975,1,0.371079071,1,linear,8.273,1.00E-03
38,kang,wild,0,2.660226207,3.273905672,2.381687257,3.779855814,0,0.456827299,1,linear,8.81,1.00E-03
39,kang,wild,0,4.236348323,5.016629223,3.61323416,5.911383757,0,0.669895062,1,linear,8.512,0.002
40,kang,wild,0,0.875989326,1.523559231,0.557158544,2.798853449,0,0.632327905,1,linear,8.259,0
41,kang,wild,0,2.17812978,2.749157954,1.721550081,3.923173015,0,0.705628249,1,linear,8.182,0.001
42,kang,wild,0,-0.703569242,-0.180376632,-1.148316177,1.275778722,1,0.710724925,1,linear,8.457,1.00E-03
43,kang,wild,0,0.426259822,1.122131341,0.27114751,2.17398799,0,0.57011071,1,linear,8.24,0.001
44,kang,wild,0,-1.07581796,0.081666098,-0.743677564,2.157915704,1,0.936417597,1,linear,9.439,0.001
45,kang,wild,0,2.034339964,3.529250002,2.691563351,4.910737838,0,0.609659463,1,linear,8.887,0.001
46,kang,wild,0,0.025812364,0.545701471,-0.300959264,1.695240083,1,0.603327476,1,linear,8.735,0.001
47,kang,wild,0,1.539503029,1.892775457,1.086670298,2.882283857,0,0.567704224,1,linear,8.608,0.001
48,kang,wild,0,-1.680790322,-1.403272875,-1.700917091,0.208252065,1,0.594227688,1,linear,8.646,1.00E-03
49,kang,wild,0,2.691661069,3.256190198,2.06417553,4.115983356,0,0.613528946,1,linear,8.944,0.002
50,kang,wild,0,0.245625497,0.644039607,-0.367451421,1.18317035,1,0.446374624,1,linear,8.791,0.001
51,kang,wild,0,1.337994466,1.904301466,1.364908712,2.958487078,0,0.461792679,1,linear,8.467,1.00E-03
52,kang,wild,0,2.911947233,3.668485128,2.962745794,4.593754976,0,0.475591795,1,linear,8.392,1.00E-03
53,kang,wild,0,1.721731547,2.197813905,1.364538265,2.935299809,0,0.459221573,1,linear,8.868,1.00E-03
54,kang,wild,0,1.46535496,2.737182583,1.299681848,4.072431254,0,0.785297742,1,linear,8.456,0.001
55,kang,wild,0,1.532287495,2.779704668,1.687850709,3.850370175,0,0.617651158,1,linear,9.157,1.00E-03
56,kang,wild,0,0.414032473,1.109599901,0.349690967,1.982187,0,0.432544367,1,linear,8.983,0.002
57,kang,wild,0,-2.209309672,-1.887594487,-2.774689795,-0.743794973,0,0.605154367,1,linear,8.07,1.00E-03
58,kang,wild,0,-2.88487996,-1.450695571,-3.15503357,-0.540298038,0,0.790195826,1,linear,9.062,0.001
59,kang,wild,0,0.902624064,1.428956433,0.524677965,2.52607497,0,0.666401609,1,linear,8.83,0.002
60,kang,wild,0,-0.222468062,0.650355149,-0.517413146,1.549053681,1,0.637137191,1,linear,7.888,0.001
61,kang,wild,0,0.613537094,1.396841671,-0.147969432,2.722843308,1,0.795328845,1,linear,8.517,0.001
62,kang,wild,0,-1.670477853,-1.059787172,-2.040113246,0.337393069,1,0.698325436,1,linear,8.69,1.00E-03
63,kang,wild,0,5.174681975,5.760650207,4.242470574,6.600717688,0,0.654441879,1,linear,8.263,1.00E-03
64,kang,wild,0,-0.921748703,0.073909995,-0.547073164,0.99282351,1,0.544018758,1,linear,8.351,1.00E-03
65,kang,wild,0,1.033309664,1.761562338,0.171242903,2.71159087,0,0.82546088,1,linear,8.199,0.002
66,kang,wild,0,-1.481108142,-0.578392767,-1.251798827,0.547258206,1,0.546507211,1,linear,8.738,0.002
67,kang,wild,0,2.76921525,3.557199312,2.641415064,4.92191738,0,0.698023531,1,linear,7.963,1.00E-03
68,kang,wild,0,0.044291131,0.321589016,-0.49606908,1.329337221,1,0.505115939,1,linear,8.385,0.002
69,kang,wild,0,0.551874149,0.881307048,-0.286567502,2.188855761,1,0.715647635,1,linear,8.696,1.00E-03
70,kang,wild,0,-0.128229741,0.004639086,-1.139033253,0.967374597,1,0.635612361,1,linear,8.897,0.003
71,kang,wild,0,2.67776382,3.802307113,2.931430498,4.982156217,0,0.59316172,1,linear,11.247,0.001
72,kang,wild,0,-0.559420763,0.178876004,-0.93460212,1.054242863,1,0.574927837,1,linear,9.239,0.001
73,kang,wild,0,-0.786172399,-0.264722503,-1.227410909,1.051769406,1,0.732646631,1,linear,8.49,1.00E-03
74,kang,wild,0,2.624974988,3.088152296,2.368870617,4.132052625,0,0.524045829,1,linear,9.095,0.001
75,kang,wild,0,1.426307802,2.202648563,1.212992417,2.976909459,0,0.550593707,1,linear,9.7,0.001
76,kang,wild,0,0.57322429,1.337920611,0.024418902,1.997111394,0,0.545466187,1,linear,9.364,0.001
77,kang,wild,0,0.344894846,0.677018373,0.137198469,1.391875095,0,0.392641088,1,linear,7.707,0
78,kang,wild,0,0.707948124,1.18681039,0.10811877,2.591738359,0,0.685101781,1,linear,8.248,1.00E-03
79,kang,wild,0,1.406674858,1.695456381,0.76434103,2.681009799,0,0.597531495,1,linear,8.517,0.001
80,kang,wild,0,2.76376389,3.303631617,2.310522261,4.106184124,0,0.567274758,1,linear,8.317,0.002
81,kang,wild,0,-0.686253197,0.29478833,-1.300537334,1.585666628,1,0.786068672,1,linear,7.812,1.00E-03
82,kang,wild,0,3.305259112,4.558278401,3.48383047,5.304690406,0,0.518467002,1,linear,8.82,1.00E-03
83,kang,wild,0,-2.624361728,-1.699646094,-2.991849139,-0.838440367,0,0.618790672,1,linear,8.533,0.001
84,kang,wild,0,1.989244764,2.351728317,1.187936924,3.351391415,0,0.657736603,1,linear,7.93,1.00E-03
85,kang,wild,0,0.018086347,0.482660248,-0.496080026,1.294003667,1,0.560515051,1,linear,8.193,0
86,kang,wild,0,2.529979047,2.902860966,1.584739539,4.187626088,0,0.788816281,1,linear,8.02,0.001
87,kang,wild,0,-1.727488214,-0.771972857,-1.305676794,0.639277017,1,0.577492076,1,linear,8.369,0
88,kang,wild,0,1.012809045,1.72937292,0.986574575,2.831687081,0,0.575592295,1,linear,8.175,1.00E-03
89,kang,wild,0,-3.793389589,-3.468130818,-4.192538528,-2.110050957,0,0.558444948,1,linear,8.548,1.00E-03
90,kang,wild,0,0.715012485,1.257214096,-0.015206035,1.878160015,1,0.590619664,1,linear,8.637,0.001
91,kang,wild,0,-1.551086932,-0.86817883,-2.342355065,0.452455238,1,0.72614669,1,linear,7.876,1.00E-03
92,kang,wild,0,1.074983623,1.587224899,0.26955403,2.96256861,0,0.752550967,1,linear,8.099,0.002
93,kang,wild,0,1.557391603,3.03258076,2.099515928,4.73909717,0,0.798721633,1,linear,7.802,0.001
94,kang,wild,0,0.745543325,1.673270175,0.240250239,2.72239157,0,0.799366074,1,linear,9.031,0.001
95,kang,wild,0,3.170102938,3.639036938,2.509994308,5.044231654,0,0.747004584,1,linear,8.335,1.00E-03
96,kang,wild,0,2.53528633,3.239466646,2.176797886,4.637091596,0,0.73206742,1,linear,8.667,0.002
97,kang,wild,0,1.025103963,0.908187707,-0.175286551,2.012732874,1,0.649114084,1,linear,7.886,0.001
98,kang,wild,0,-1.950463948,-1.320467843,-1.93395738,0.117652987,1,0.550287792,1,linear,8.515,0.001
99,kang,wild,0,-0.434192492,0.529115979,-0.744371433,1.337883953,1,0.603191252,1,linear,8.021,0.001
100,kang,wild,0,0.769759994,1.60198936,0.617880311,2.367908478,0,0.509004866,1,linear,7.914,0.001