id,name,boot_mtd,att_true,att_est,att_est_debiased,lower,upper,covered,sd_boot,n_split,mu_model,time_on_matching,time_on_bootstrap,noise,bias,N_T,N_C,deg_overlap
1,toy,A-E,2.9948577331898094,3.046975592540356,3.046975592540382,2.8460817469866715,3.2478694380940922,1,0.10249685997638293,1,linear,1.550000000000182,0.17799999999988358,-0.018948948748038603,0.052117859350547135,100,100,high
2,toy,A-E,3.01561680089275,3.297824123475185,3.297824123475161,3.089722867091577,3.5059253798587453,0,0.10617411039978777,1,linear,1.6300000000001091,0.15899999999965075,0.21316846706040077,0.28220732258243597,100,100,high
3,toy,A-E,2.964675336127211,3.1895730986191912,3.1895730986191957,2.987984965668577,3.3911612315698143,0,0.10285108824011154,1,linear,1.33600000000024,0.16299999999955617,0.15585735469381026,0.224897762491981,100,100,high
4,toy,A-E,3.0094865006220126,3.0222356242521995,3.0222356242521657,2.80557082624568,3.2389004222586513,1,0.1105432642890233,1,linear,1.3829999999998108,0.18400000000019645,-0.06241194420666892,0.012749123630186432,100,100,high
5,toy,A-E,3.0270671935223943,3.0932484775518523,3.0932484775518465,2.8640429042544,3.3224540508492932,1,0.11694161902930959,1,linear,1.4030000000002474,0.1859999999996944,-0.008987514368600319,0.066181284029458,100,100,high
6,toy,A-E,3.0039205613833193,3.0525123353244377,3.05251233532442,2.8203626638837926,3.284662006765047,1,0.11844370991868748,1,linear,1.386000000000422,0.17699999999967986,-0.016027904189020264,0.048591773941118355,100,100,high
7,toy,A-E,3.004220879116461,2.9890333475521205,2.9890333475521156,2.777448444020262,3.200618251083969,1,0.10795148139380295,1,linear,1.518000000000029,0.15399999999954161,-0.0890225612110557,-0.015187531564340162,100,100,high
8,toy,A-E,3.0062578055252356,3.150013262837742,3.1500132628377404,2.9253841867507284,3.3746423389247524,1,0.11460667147296523,1,linear,1.2550000000001091,0.1679999999996653,0.07034291335903078,0.1437554573125066,100,100,high
9,toy,A-E,2.945587358979799,2.918514887092795,2.9185148870928064,2.6846903374290942,3.1523394367565185,1,0.11929823962434291,1,linear,1.2910000000001673,0.16599999999925785,-0.09921058689323244,-0.02707247188700368,100,100,high
10,toy,A-E,2.919945370643324,2.9105252923003038,2.9105252923003033,2.6785572036320153,3.1424933809685913,1,0.11835106564708578,1,linear,1.3019999999996799,0.1680000000005748,-0.07277396620462745,-0.009420078343019611,100,100,high
11,toy,A-E,3.011071948143467,3.182658869099681,3.1826588690996953,2.9519045880566637,3.413413150142727,1,0.11773177604236303,1,linear,1.2979999999997744,0.17199999999957072,0.09721316735769156,0.17158692095621486,100,100,high
12,toy,A-E,2.962367988778121,3.122845554462476,3.1228455544625002,2.8917468593512545,3.353944249573746,1,0.11790749750573769,1,linear,1.319999999999709,0.16300000000046566,0.09626108725100438,0.16047756568435467,100,100,high
13,toy,A-E,3.0444355105834093,3.25356187271473,3.2535598715444,3.0552250600396063,3.4518946830491934,0,0.1011912303595885,1,linear,1.3189999999995052,0.1640000000006694,0.14207602322890805,0.20912636213132263,100,100,high
14,toy,A-E,2.9795840182193674,2.9182462735557744,2.918255627472159,2.7288072889347985,3.1077039660095194,1,0.09665731558028598,1,linear,1.2989999999999782,0.19099999999980355,-0.13917297387728,-0.0613377446635921,100,100,high
15,toy,A-E,2.9825721102712737,3.0764579299743424,3.076457929974335,2.9003369215608896,3.25257893838778,1,0.08985765735379862,1,linear,1.58600000000024,0.14900000000034197,0.026648118176342245,0.0938858197030692,100,100,high
16,toy,A-E,2.973180910096201,3.01035713461658,3.0103590618458567,2.7610605408082223,3.259657582883491,1,0.12719312297838498,1,linear,1.3629999999993743,0.1710000000002765,-0.03700586456544339,0.03717622452037794,100,99.99999999999994,high
17,toy,A-E,3.003846935064984,3.0600666968727106,3.060066696872712,2.8651926980985696,3.2549406956468543,1,0.09942550957864403,1,linear,1.28899999999976,0.16899999999986903,-0.012071842597188392,0.056219761807727586,100,100,high
18,toy,A-E,3.0544768617523186,3.0237689142358724,3.0237689142358777,2.8263067812107305,3.221231047261025,1,0.10074598623731995,1,linear,1.3530000000000655,0.1679999999996653,-0.1034443754396864,-0.030707947516446232,100,100,high
19,toy,A-E,2.9906711167558795,2.9670743696810513,2.9671221320645365,2.7823195232234506,3.1519247409056224,1,0.0942870453270846,1,linear,1.748000000000502,0.20499999999992724,-0.10022130707417115,-0.02359674707482906,100,100,high
20,toy,A-E,2.95194296648555,2.9466352932080673,2.9466352932080717,2.7290747213216084,3.164195865094535,1,0.11100029177880777,1,linear,1.9989999999997963,0.6880000000001019,-0.07848723944940188,-0.005307673277483715,100,100,high
21,toy,A-E,3.053809393770509,3.3125777232621276,3.312577723262115,3.111846617241955,3.513308829282275,0,0.10241382960212249,1,linear,1.545999999999367,0.18500000000040018,0.19110894267670026,0.25876832949161876,100,100,high
22,toy,A-E,3.0951151939641175,3.179746139922093,3.179746139922106,2.9722180353726073,3.387274244471605,1,0.10588168599464222,1,linear,1.3789999999999054,0.19700000000011642,0.006390872347244026,0.08463094595797571,100,100,high
23,toy,A-E,3.030809639359136,3.2130535844426023,3.213053584442607,3.013374704276245,3.412732464608969,1,0.1018769796767154,1,linear,1.405999999999949,0.18700000000080763,0.10706154738897537,0.1822439450834663,100,100,high
24,toy,A-E,3.0405253653352653,3.277618628632296,3.277618628632303,3.0473290952825556,3.5079081619820505,0,0.11749465987232022,1,linear,1.389999999999418,0.17800000000079308,0.16008807197920227,0.23709326329703195,100,100,high
25,toy,A-E,3.000441319110262,3.2187792049580395,3.218749939209583,2.986033676826426,3.4514662015927398,1,0.11873278693018208,1,linear,1.631999999999607,0.15599999999994907,0.1427101717548326,0.21833788584777558,100,100,high
26,toy,A-E,3.048652035615288,3.2529889053935648,3.25298890539356,3.038190038209033,3.467787772578087,1,0.1095912587676158,1,linear,1.3890000000001237,0.15099999999983993,0.13218092848367438,0.2043368697782766,100,100,high
27,toy,A-E,2.9603150808440573,3.052788010616265,3.052788010616273,2.847922563697282,3.257653457535264,1,0.10452318720356678,1,linear,1.3630000000002838,0.1570000000001528,0.022829452511221454,0.09247292977220667,100,100,high
28,toy,A-E,3.0064407221258085,3.0867343385080632,3.0867343385080632,2.868687501607682,3.3047811754084444,1,0.11124838617366392,1,linear,1.4020000000000437,0.16600000000016735,0.021104660454589683,0.08029361638225563,100,100,high
29,toy,A-E,2.9691788487761546,3.0739560268403094,3.07395602684033,2.844902477385495,3.303009576295165,1,0.11686405584430351,1,linear,1.4049999999997453,0.18100000000049477,0.03535582644073591,0.10477717806415399,100,100,high
30,toy,A-E,2.9983299110709996,3.029410719544905,3.0294107195449094,2.8077386820580275,3.2510827570317913,1,0.11309797830963361,1,linear,1.5579999999999927,0.1680000000005748,-0.03883198826487104,0.03108080847390582,100,100,high
31,toy,A-E,3.0287792234934074,3.099155613913447,3.0991593009314795,2.8930077038203885,3.3053108980425705,1,0.10517938628116875,1,linear,1.3890000000001237,0.15599999999994907,0.011431476147966937,0.07037639042003896,100,100,high
32,toy,A-E,2.992978021654408,3.004400986245611,3.0044009862455985,2.777848059738789,3.230953912752408,1,0.11558822780959656,1,linear,1.4269999999996799,0.17399999999997817,-0.05743534832537966,0.011422964591202955,100,100,high
33,toy,A-E,3.0046099406518554,3.098803049025073,3.098803049025059,2.879166855755512,3.318439242294606,1,0.11205928228038113,1,linear,1.4279999999998836,0.18299999999999272,0.01954505694215295,0.09419310837321859,100,100,high
34,toy,A-E,3.010370288322889,3.1220569685433146,3.1220569685433137,2.9222927219053494,3.321821215181278,1,0.10192053399896142,1,linear,1.40099999999984,0.16700000000037107,0.051019179955081984,0.1116866802204246,100,100,high
35,toy,A-E,2.964914962498103,3.177029550298026,3.1770295502980104,2.981300725482464,3.372758375113557,0,0.0998616453140542,1,linear,1.4229999999997744,0.17000000000007276,0.13504665081298364,0.2121145877999222,100,100,high
36,toy,A-E,3.0366053592519613,3.1313065864384866,3.131009827059329,2.923573512461058,3.3384461416576006,1,0.10583485438687307,1,linear,1.3540000000002692,0.15399999999954161,0.032687691954148425,0.0947012271865253,100,100,high
37,toy,A-E,3.002362657573471,3.2087605043338314,3.208760504333861,2.9976395781596077,3.4198814305081147,1,0.10771475825217024,1,linear,1.33600000000024,0.15599999999994907,0.1339662275042396,0.20639784676035955,100,100,high
38,toy,A-E,2.990409620540935,2.8382746773151633,2.838274677315173,2.628674488146592,3.047874866483754,1,0.10693887202478611,1,linear,1.8810000000003129,0.20200000000022555,-0.23208113448061546,-0.15213494322577148,100,100,high
39,toy,A-E,3.0217858596381957,3.1265846962580683,3.1265846962580706,2.8721256082069493,3.381043784309192,1,0.12982606533220462,1,linear,1.337999999999738,0.19700000000011642,0.032030605463833316,0.10479883661987355,100,100,high
40,toy,A-E,3.0647003985908867,3.2154236897868307,3.21542368978679,3.0089277086940003,3.4219196708795794,1,0.10535509239428048,1,linear,1.3389999999999418,0.16899999999986903,0.07105624917776383,0.15072329119594396,100,100,high
41,toy,A-E,2.972152911535317,3.1145791571614607,3.114579157161478,2.8680876710733916,3.3610706432495645,1,0.12576096228984002,1,linear,1.3640000000004875,0.1749999999992724,0.07041345587364717,0.14242624562614292,100,100,high
42,toy,A-E,3.018045262496404,2.8948790956068597,2.8948790956068615,2.673357644263391,3.116400546950332,1,0.11302114864462781,1,linear,1.3779999999997017,0.15800000000035652,-0.18957467532768876,-0.12316616688954429,100,100,high
43,toy,A-E,2.974267796864074,3.12773775049293,3.127737750492951,2.9110516237085764,3.344423877277326,1,0.11055414631855848,1,linear,1.3719999999993888,0.15800000000035652,0.090309950235129,0.1534699536288553,100,100,high
44,toy,A-E,2.9986533861834563,3.1460984821677016,3.1462096346034105,2.9458400125465567,3.3465792566602643,1,0.10222939900859887,1,linear,1.2950000000000728,0.1540000000004511,0.05752867799904224,0.14744509598424482,100,100,high
45,toy,A-E,2.927506333525906,2.8678325296479956,2.8678325296480063,2.6566775222079078,3.078987537088105,1,0.10773214665311148,1,linear,1.446999999999207,0.1540000000004511,-0.12822632553790983,-0.0596738038779101,100,100,high
46,toy,A-E,3.007182924057726,3.1063783084287238,3.106382677821463,2.8922128240311906,3.3205525316117352,1,0.10927033356646552,1,linear,1.2779999999993379,0.15300000000024738,0.03763754967550969,0.09919538437099806,100,100,high
47,toy,A-E,2.9611324782534987,2.9154156833988116,2.9154156833988085,2.692966593742552,3.137864773055065,1,0.11349443349809007,1,linear,1.268000000000029,0.16600000000016735,-0.1067777735947495,-0.04571679485468749,100,100,high
48,toy,A-E,3.0094730606433124,3.1988351684349077,3.1988357147731836,2.989324684596182,3.4083467449501854,1,0.10689338274336836,1,linear,1.243000000000393,0.18099999999958527,0.12246632936555987,0.18936210779159435,100,100,high
49,toy,A-E,3.011589780804641,3.053908035037269,3.05390803503729,2.846872968340414,3.2609431017341657,1,0.10563013606983467,1,linear,1.2550000000001091,0.14899999999943248,-0.011007436391231341,0.042318254232627694,100,100,high
50,toy,A-E,3.0625541776506444,3.2429911629816432,3.24303134665557,3.0282910237712755,3.457771669539864,1,0.10956138922668086,1,linear,1.2030000000004293,0.15499999999974534,0.10830726183413578,0.1804369853309984,100,100.00000000000001,high
51,toy,A-E,3.059009630855222,3.298474880757942,3.298475000727273,3.074913361497841,3.5220366399567054,0,0.11406206083134292,1,linear,1.2199999999993452,0.16600000000016735,0.15877181469739124,0.2394652499027199,100,100,high
52,toy,A-E,3.0067323593743005,2.9962315642939457,2.996231564293953,2.7843293591115037,3.2081337694764027,1,0.10811336999104569,1,linear,1.1970000000001164,0.1610000000000582,-0.07741189179183566,-0.010500795080353953,100,100,high
53,toy,A-E,3.0428049062657765,3.2556310060586124,3.255631006058591,3.026758096226755,3.484503915890427,1,0.11677189277134489,1,linear,1.2109999999993306,0.1610000000000582,0.13271839340479255,0.21282609979283684,100,100,high
54,toy,A-E,3.048390793420565,3.041445196292157,3.0414451962921576,2.7780010704662854,3.3048893221180298,1,0.13441026827850627,1,linear,1.3989999999994325,0.15800000000035652,-0.07538430190050391,-0.00694559712840892,100,100,high
55,toy,A-E,3.039941733923826,3.1317332957635333,3.1317327081416377,2.907416262988127,3.3560491532951486,1,0.11444716589464834,1,linear,1.1770000000005894,0.14699999999993452,0.018776167341741503,0.09179156183970694,100,100,high
56,toy,A-E,2.9316645930076097,2.8071965972340793,2.807196597234063,2.6013000744415122,3.0130931200266136,1,0.10504924632272994,1,linear,1.2059999999992215,0.15599999999994907,-0.19286540005872851,-0.12446799577353129,100,100,high
57,toy,A-E,3.0439024021581216,3.0648780883309605,3.0648780883309663,2.858513782009259,3.2712423946526736,1,0.10528791138862617,1,linear,1.204000000000633,0.1679999999996653,-0.04971547004217925,0.020975686172837626,100,100,high
58,toy,A-E,3.0120290797782556,3.127466274723372,3.127466274723396,2.897439156553739,3.357493392893053,1,0.11736077457635546,1,linear,1.2100000000000364,0.1570000000001528,0.045590673768115944,0.11543719494511606,100,100,high
59,toy,A-E,2.9270066659484133,3.128130933744335,3.128130933744353,2.908337166122959,3.347924701365747,1,0.11213967735785407,1,linear,1.2020000000002256,0.14900000000034197,0.13660991891369806,0.20112426779592063,100,100,high
60,toy,A-E,2.98447799728245,3.0341109990314408,3.0340941597848836,2.8488831745860246,3.2193051449837427,1,0.09449540061166267,1,linear,1.191000000000713,0.14699999999993452,-0.013175640000193813,0.04963300174899121,100,100,high
61,toy,A-E,3.0246659909032085,3.036786398426015,3.0367703442174045,2.834363748479849,3.23917693995496,1,0.10326867129467113,1,linear,1.2220000000006621,0.14699999999993452,-0.04808558299080553,0.012120407522806076,100,100.00000000000001,high
62,toy,A-E,2.976543229878386,2.975055715371214,2.974912587336188,2.7877811584494903,3.1620440162228856,1,0.09547521881974368,1,linear,1.199999999999818,0.15300000000024738,-0.07608033453312939,-0.0014875145071728824,100,100,high
63,toy,A-E,2.9743691983500744,2.9012511736551687,2.901251173655167,2.69916325365786,3.103339093652474,1,0.1031060816312791,1,linear,1.1950000000006185,0.14800000000013824,-0.1424757390746731,-0.07311802469490658,100,100,high
64,toy,A-E,2.9347257329798166,2.8780662843074607,2.878066284307459,2.5907801740824437,3.165352394532474,1,0.146574546033171,1,linear,1.4420000000000073,0.16499999999996362,-0.12746063206383398,-0.05665944867235595,100,100,high
65,toy,A-E,2.8969387074512083,2.9345819894967766,2.934581989496829,2.730223625722832,3.138940353270826,1,0.10426447131326393,1,linear,1.1660000000001673,0.14199999999982538,-0.01837250424498387,0.03764328204556833,100,100,high
66,toy,A-E,2.9555719754976386,2.992470651348671,2.9924706513487007,2.7777702528244776,3.207171049872924,1,0.1095410196552158,1,linear,1.199999999999818,0.1540000000004511,-0.025776301591213698,0.03689867585103279,100,100,high
67,toy,A-E,3.0747891759681174,3.34433677788053,3.344337044836847,3.145448449517686,3.543225640156008,0,0.10147377312202084,1,linear,1.2010000000000218,0.15099999999983993,0.18965621563475482,0.26954760191241256,100,100,high
68,toy,A-E,2.9508638887474268,2.9044111412041858,2.904531899218863,2.708111052575368,3.1009527458623576,1,0.10021471767525235,1,linear,1.1659999999992579,0.16000000000076398,-0.112281844833382,-0.046452747543240136,100,100,high
69,toy,A-E,3.0229453762327068,2.943918243276146,2.9438620520774044,2.737828917630983,3.1498951865238256,1,0.10511894614613326,1,linear,1.2479999999995925,0.1720000000004802,-0.1505172037403448,-0.0790271329565595,100,100,high
70,toy,A-E,2.94534243271048,3.086072363478255,3.086072363478268,2.87212495279481,3.300019774161726,1,0.10915684218543784,1,linear,1.1829999999999927,0.1500000000005457,0.07216153694506523,0.1407299307677743,100,100,high
71,toy,A-E,2.9962474816508617,3.0765008688906734,3.076500868890697,2.847235917242013,3.305765820539381,1,0.11697191410647152,1,linear,1.207999999999629,0.15200000000004366,0.010480538816219808,0.08025338723981079,100,100,high
72,toy,A-E,2.9076970589438664,2.8048224243053568,2.804834952867009,2.603301243192435,3.0063686625415826,1,0.10282332126253758,1,linear,1.248000000000502,0.15799999999944703,-0.1753018377516053,-0.10287463463850877,100,100,high
73,toy,A-E,2.9410773728807627,3.127522337393441,3.1275029292947747,2.916947405100604,3.3380584534889453,1,0.10742628785416859,1,linear,1.4160000000001673,0.15200000000004366,0.11288793037924817,0.18644496451267933,100,100,high
74,toy,A-E,2.9850877508139932,3.1222939384333843,3.122293938433389,2.9188291205347228,3.3257587563320556,1,0.10380858056054415,1,linear,1.1820000000006985,0.15099999999983993,0.06838423168692764,0.13720618761939107,100,100,high
75,toy,A-E,3.063248161091676,2.919105756824348,2.9191057568243606,2.687502414178217,3.1507090994705043,1,0.11816497073782838,1,linear,1.1859999999996944,0.15599999999994907,-0.21910746517340496,-0.14414240426732672,100,100,high
76,toy,A-E,2.923188079902762,2.9975256687467766,2.9975256687467713,2.790746120692982,3.204305216800561,1,0.10549976941519872,1,linear,1.1850000000004002,0.15599999999994907,3.7260093609086525e-4,0.07433758884401609,100,100,high
77,toy,A-E,3.00604631956906,2.911340891693892,2.9113408916938863,2.678995712980941,3.1436860704068317,1,0.1185434585270129,1,linear,1.2120000000004438,0.15300000000024738,-0.15769532481365872,-0.09470542787516756,100,100,high
78,toy,A-E,2.9327523718393422,3.120906996627067,3.120912147060415,2.9000458232314306,3.3417784708893996,1,0.11268689991274726,1,linear,1.319999999999709,0.16899999999986903,0.10873377477063767,0.1881546247877255,100,100,high
79,toy,A-E,3.009279020261504,3.109586387528471,3.1095863875284677,2.9218795949726255,3.29729318008431,1,0.09576877171216434,1,linear,1.268000000000029,0.15899999999965075,0.023342076956961826,0.10030736726696521,100,100,high
80,toy,A-E,2.9972441953487974,3.023556674765917,3.023556674765911,2.8304865951305507,3.216626754401271,1,0.09850514267110223,1,linear,1.2490000000007058,0.15499999999974534,-0.045245268322468855,0.026312479417120116,100,100,high
81,toy,A-E,3.1104764346930436,3.251870332405873,3.251870332405878,3.0265220236266037,3.4772186411851527,1,0.11497362692820122,1,linear,1.2659999999996217,0.18100000000049477,0.0723058692798577,0.14139389771283017,100,100,high
82,toy,A-E,3.0313763684893047,3.1225226655465566,3.1225226655465557,2.899356318506184,3.345689012586927,1,0.1138603811430466,1,linear,1.4899999999997817,0.17799999999988358,0.019050231239602387,0.09114629705725186,100,100,high
83,toy,A-E,2.936873065630673,3.185921482288834,3.1859214822887907,2.9793237803706125,3.392519184206969,0,0.1054069907745807,1,linear,1.2239999999992506,0.1540000000004511,0.18977117841046076,0.24904841665816146,100,100,high
84,toy,A-E,3.0425920231725616,3.0660652218200397,3.0660652218200366,2.870959074249932,3.261171369390141,1,0.09954395284189009,1,linear,1.206000000000131,0.14000000000032742,-0.0442940025349295,0.0234731986474781,100,100,high
85,toy,A-E,2.9509665831746457,3.0908839990004777,3.0912293801563897,2.84860856176839,3.3338501985443894,1,0.12378613183061209,1,linear,1.28899999999976,0.14000000000032742,0.07784558772145701,0.13991741582583295,100,100,high
86,toy,A-E,2.928981554716313,3.0509958286829084,3.0510100628226855,2.8327175300170238,3.2693025956283472,1,0.11137374122737848,1,linear,1.2409999999999854,0.15899999999965075,0.045410717473703094,0.12201427396659614,100,100.00000000000001,high
87,toy,A-E,2.9924891592427385,3.081550054076625,3.0815500540766343,2.880104926192406,3.2829951819608625,1,0.10277812647154509,1,linear,1.231999999999971,0.1540000000004511,0.022341111079056997,0.08906089483388602,100,100,high
88,toy,A-E,3.0194413081644313,3.0204774852635534,3.020477485263555,2.793903671568144,3.2470512989589664,1,0.11559888453847504,1,linear,1.243000000000393,0.16299999999955617,-0.06386295963055343,0.0010361770991211827,100,100,high
89,toy,A-E,3.0324745498414707,2.9585997133204938,2.9585997133204844,2.766402919120059,3.15079650752091,1,0.09805958887776813,1,linear,1.1970000000001164,0.16700000000037107,-0.1455908492380174,-0.07387483652097693,100,100,high
90,toy,A-E,3.031701170864874,3.044660790677309,3.04466079067732,2.8283016820951916,3.2610198992594484,1,0.11038730029700436,1,linear,1.2150000000001455,0.1529999999993379,-0.06418472823418132,0.01295961981243643,100,100,high
91,toy,A-E,3.0851232855214055,3.026227635503771,3.026184827087472,2.824508266717725,3.227861387457219,1,0.1028962042702791,1,linear,1.2160000000003492,0.17199999999957072,-0.13866912722351213,-0.05889565001763497,100,100,high
92,toy,A-E,3.028781570411859,3.1468556050054692,3.146890664127621,2.94255397093524,3.3512273573200018,1,0.10425341489407194,1,linear,1.449999999999818,0.16299999999955617,0.04895136317039365,0.11807403459360977,100,100,high
93,toy,A-E,3.0656128017917763,3.181218102922121,3.181218102922116,2.9505892199346873,3.411846985909545,1,0.11766779744256567,1,linear,1.1840000000001965,0.15300000000024738,0.046568804956636144,0.11560530113034506,100,100,high
94,toy,A-E,2.9619201420369037,2.995190018848816,2.995190018848817,2.780432702043685,3.209947335653949,1,0.10957005959445501,1,linear,1.1920000000000073,0.1570000000001528,-0.029983596523105775,0.033269876811911736,100,100,high
95,toy,A-E,2.9664484356086467,3.0138790914628473,3.0138768806174943,2.800340126992033,3.2274136342429554,1,0.10894732327829647,1,linear,1.712999999999738,0.306999999999789,-0.024464339635583893,0.04743065585420059,100,100,high
96,toy,A-E,3.0357803130939334,3.1400042703282436,3.1400042703282227,2.928639361328715,3.3513691793277305,1,0.10783923928546324,1,linear,1.9210000000002765,0.24399999999968713,0.02810762001161294,0.10422395723430977,100,100,high
97,toy,A-E,2.994912145180296,3.151295933929884,3.1512981771433672,2.9402897932744536,3.362306561012281,1,0.1076573387086293,1,linear,1.5169999999998254,0.17399999999997817,0.0797161578463143,0.15638378874958825,100,100,high
98,toy,A-E,3.0209155601314057,3.245793680609256,3.24579290759759,3.036331309165792,3.455254506029388,0,0.10686816246520316,1,linear,1.4470000000001164,0.18000000000029104,0.15078566812926858,0.22487812047785116,100,100,high
99,toy,A-E,2.9924898418847268,3.296680981847902,3.2966617530506936,3.086912838184294,3.5064106679170934,0,0.10701475248285704,1,linear,1.36200000000008,0.18299999999999272,0.23245916315736076,0.3041911399631756,100,100,high
100,toy,A-E,3.0438071370863975,2.982331206028694,2.9823312060287135,2.785963050926878,3.178699361130549,1,0.10018783423563031,1,linear,1.3400000000001455,0.16600000000016735,-0.14746487960288265,-0.061475931057704436,100,100,high
1,toy,A-E,2.9948577331898094,2.930688166657043,2.9307142784866373,2.6746025938413704,3.1868259631319042,1,0.13066922685983007,1,linear,1.1720000000004802,0.03299999999944703,-0.10153881285180995,-0.042231368226091526,99,99,low
2,toy,A-E,3.01561680089275,2.9538113328469695,2.9536927324748237,2.6832090371646804,3.224176427784967,1,0.13800188536231792,1,linear,1.0670000000000073,0.0430000000005748,-0.12376355248366867,-0.06180546804578135,100,100,low
3,toy,A-E,2.964675336127211,3.03539362086814,3.0354860285357907,2.7865682625300345,3.284403794541547,1,0.12699886020701848,1,linear,1.360000000000582,0.042999999999665306,0.027100099492490815,0.0707182847409289,100,100,low
4,toy,A-E,3.0094865006220126,3.079566371098336,3.080431597746987,2.829110210460267,3.331752985033707,1,0.12822519759526532,1,linear,1.0919999999996435,0.03400000000056025,0.007217347581176169,0.0700798704763228,100,100,low
5,toy,A-E,3.0270671935223943,3.0311442537861035,3.029691093366142,2.7928804348659377,3.2665017518663464,1,0.12082176454092047,1,linear,1.0979999999999563,0.042999999999665306,-0.06260221589486252,0.004077060263708354,100,99.99999999999982,low
6,toy,A-E,3.0039205613833193,3.0530026128507286,3.053651692464806,2.8511672890433535,3.256136095886258,1,0.10330836909257783,1,linear,1.1170000000001892,0.032000000000152795,-0.019150163643218605,0.02953080025426047,99,99.00000000000003,low
7,toy,A-E,3.004220879116461,2.8797812152893494,2.879737195620301,2.600024171447899,3.159450219792703,1,0.1427107266185724,1,linear,1.1279999999997017,0.06300000000010186,-0.18970711930410517,-0.12443966382711213,100,99.99999999999999,low
8,toy,A-E,3.0062578055252356,2.9606631782342765,2.9613371294222763,2.7489002699580274,3.1737739888865253,1,0.10838615278788208,1,linear,1.136000000000422,0.033999999999650754,-0.08450355177089777,-0.0455946272909582,100,100,low
9,toy,A-E,2.9455873589797985,2.9981754382418533,2.9961479265650564,2.7473991295174374,3.2448967236126753,1,0.12691265155490775,1,linear,1.0750000000007276,0.05999999999949068,0.018429399194465266,0.0800312401687826,99,99.00000000000001,low
10,toy,A-E,2.919945370643324,2.814849733448189,2.8150061683373617,2.60717233813427,3.0228399985404533,1,0.10603766847096498,1,linear,1.0869999999995343,0.03400000000056025,-0.16189668437868446,-0.10509563719513437,100,99.99999999999997,low
11,toy,A-E,3.0110719481434667,2.973768768222169,2.9746497986190517,2.7358726179472326,3.2134269792908707,1,0.12182509217949959,1,linear,1.1159999999999854,0.032000000000152795,-0.09283700027470915,-0.03730317992129706,100,99.99999999999994,low
12,toy,A-E,2.962367988778121,3.0044560702634984,3.0045859995870825,2.798374418550702,3.210797580623463,1,0.1052099903246839,1,linear,1.1500000000005457,0.033999999999650754,-0.007449099123941878,0.04208808148537635,100,100,low
13,toy,A-E,3.044435510583409,3.213961233748666,3.214018894922538,2.910333289225868,3.517704500619208,1,0.15494163555952553,1,linear,1.100999999999658,0.03800000000046566,0.11449948547083133,0.1695257231652585,100,100.00000000000001,low
14,toy,A-E,2.979584018219367,3.0225567560146755,3.022591172020015,2.796814366054827,3.248367977985203,1,0.11519224794142262,1,linear,1.0839999999998327,0.03300000000035652,-0.010427167029199746,0.04297273779530908,100,100,low
15,toy,A-E,2.9825721102712737,2.799212398094795,2.799196255377131,2.5552556723312936,3.043136838422968,1,0.12445948114583526,1,linear,1.0419999999994616,0.032000000000152795,-0.22261672229268983,-0.18335971217647895,100,100,low
16,toy,A-E,2.973180910096201,3.314031408643496,3.3135216595625385,3.0368907521278947,3.5901525669971823,0,0.14113821807889992,1,linear,1.0160000000005311,0.03999999999996362,0.2709354259191359,0.34085049854729554,100,100,low
17,toy,A-E,3.003846935064984,3.1324861983650116,3.132595973149343,2.953644453480729,3.311547492817957,1,0.0913017957492928,1,linear,1.0360000000000582,0.03499999999985448,0.07932524334580963,0.12863926330002862,100,99.99999999999997,low
18,toy,A-E,3.0544768617523186,3.039484965469038,3.0394506322362247,2.792850853399177,3.2860504110732722,1,0.12581621369237123,1,linear,1.0209999999997308,0.03300000000035652,-0.0671920583752893,-0.014991896283280681,100,100,low
19,toy,A-E,2.990671116755879,3.0142639504577486,3.0138197239235613,2.796375481197407,3.2312639666497156,1,0.11094094016640521,1,linear,1.0190000000002328,0.03099999999994907,-0.018502190530711615,0.023592833701870042,100,100,low
20,toy,A-E,2.95194296648555,3.029678980401081,3.029742734856546,2.80005717336656,3.259428296346532,1,0.11718651096427862,1,linear,1.0410000000001673,0.04899999999997817,0.03409415717332097,0.07773601391553076,100,100,low
21,toy,A-E,3.0538093937705084,3.115685457181116,3.115828219245191,2.858497499786058,3.3731589387043237,1,0.13129118339751664,1,linear,1.03899999999976,0.033999999999650754,0.019666221222180466,0.06187606341060814,100,99.99999999999997,low
22,toy,A-E,3.0951151939641175,2.7958283665675117,2.7958245584980568,2.5927371344197763,2.9989119825763373,0,0.10361603269300035,1,linear,1.0070000000005166,0.032000000000152795,-0.3401367531154263,-0.29928682739660406,100,100,low
23,toy,A-E,3.030809639359136,3.3407330620512097,3.3403522194299673,3.0052860305894034,3.6754184082705312,1,0.17095213716355306,1,linear,1.0009999999992942,0.030000000000654836,0.20971061602315952,0.2860892348440425,99,99,low
24,toy,A-E,3.0405253653352653,3.0263582079541758,3.025559805566784,2.774394633125591,3.2767249780079766,1,0.1281454961434657,1,linear,1.0060000000003129,0.032000000000152795,-0.06863444580514873,-0.01416715738108909,100,100,low
25,toy,A-E,3.000441319110262,3.064660146638799,3.0624413675328896,2.738703589298674,3.3861791457671053,1,0.16517233583378357,1,linear,1.0139999999992142,0.04100000000016735,8.653635084368456e-4,0.06421882752853758,100,99.99999999999999,low
26,toy,A-E,3.0486520356152877,3.102955435204059,3.1030737010614367,2.8749762475998306,3.3311711545230427,1,0.11637625176612564,1,linear,1.0450000000000728,0.033999999999650754,-0.0036116286292508792,0.05430339958877095,100,100,low
27,toy,A-E,2.9603150808440573,3.0932284151112306,3.0931780948135787,2.856434271199208,3.3299219184279494,1,0.1207876651093728,1,linear,1.0320000000001528,0.03400000000056025,0.06957644308124272,0.13291333426717422,100,99.99999999999999,low
28,toy,A-E,3.006440722125808,3.0257382505186703,3.0257423949953313,2.802793629826582,3.2486911601640807,1,0.11374936998405591,1,linear,1.0630000000001019,0.033999999999650754,-0.0334430693782381,0.01929752839286092,100,100.00000000000004,low
29,toy,A-E,2.9691788487761546,3.050659236294017,3.050462847427893,2.7756165903759333,3.325309104479853,1,0.1402276821693673,1,linear,1.037000000000262,0.033999999999650754,0.029633247757369793,0.08148038751786224,100,100,low
30,toy,A-E,2.9983299110709996,2.9364330569525503,2.9365179098674266,2.677989636367226,3.195046183367627,1,0.13190218035724502,1,linear,0.9859999999998763,0.25500000000010914,-0.055220736836697516,-0.00821786317923312,98,98,low
31,toy,A-E,3.0287792234934074,3.2276443114641955,3.2275823897699283,2.9483238472863613,3.5068409322534952,1,0.14247884820590145,1,linear,0.9950000000008004,0.03299999999944703,0.15109928731256528,0.1988650879707876,100,100,low
32,toy,A-E,2.9929780216544075,2.870821591199479,2.870862687210558,2.647469188801037,3.094256185620079,1,0.11397627469873527,1,linear,0.9740000000001601,0.03899999999975989,-0.16885240922300396,-0.12215643045492897,100,100,low
33,toy,A-E,3.0046099406518554,3.1272951247384526,3.126817559648191,2.9163570282545526,3.337278091041829,1,0.10737782213961146,1,linear,0.9840000000003783,0.03099999999994907,0.07351778819699614,0.12268518408659723,100,100,low
34,toy,A-E,3.0103702883228887,2.9623399316706926,2.963401500222452,2.6922263599469973,3.234576640497907,1,0.13835466340584435,1,linear,0.9899999999997817,0.032000000000152795,-0.10586987127103896,-0.04803035665219646,100,99.99999999999999,low
35,toy,A-E,2.964914962498103,2.9968577867339663,2.996814359330263,2.7321193169835203,3.2615094016770056,1,0.13504849099323615,1,linear,0.9930000000003929,0.03099999999994907,-0.022487427868546406,0.03194282423586259,100,99.99999999999983,low
36,toy,A-E,3.036605359251961,2.973725746719559,2.973755052599365,2.6958232161205613,3.2516868890781687,1,0.14180195738714463,1,linear,0.9880000000002838,0.032000000000152795,-0.09114186143164416,-0.044231220480587474,99,99,low
37,toy,A-E,3.002362657573471,2.975907040469621,2.976405753703851,2.775730380695952,3.1770811267117502,1,0.10238539439178528,1,linear,0.9970000000002983,0.0319999999992433,-0.07768012273660442,-0.026455617103850138,100,100.00000000000007,low
38,toy,A-E,2.990409620540935,3.004765604986937,3.0055716783934243,2.741289945947266,3.2698534108395827,1,0.13483761859497886,1,linear,1.074999999999818,0.032000000000152795,-0.04229935688169683,0.01435598444600128,100,100,low
39,toy,A-E,3.0217858596381957,3.007770329610996,3.007344680652067,2.7420420571343405,3.2726473041697934,1,0.13535848138659515,1,linear,1.0079999999998108,0.032000000000152795,-0.07422694318255474,-0.014015530027198686,100,99.99999999999999,low
40,toy,A-E,3.0647003985908867,3.0724102559083484,3.0720868473789897,2.80811088905549,3.3360628057024897,1,0.13468161138954077,1,linear,1.0640000000003056,0.03699999999935244,-0.04726314263864064,0.0077098573174607665,100,100,low
41,toy,A-E,2.9721529115353165,3.034300166835341,3.0335162738513564,2.8167460429903852,3.2502865047123275,1,0.11059705656172002,1,linear,1.1109999999998763,0.05700000000069849,-0.014449301710397638,0.062147255300024185,100,100,low
42,toy,A-E,3.018045262496404,3.1297740832704104,3.1301698610609625,2.842601846031995,3.41773787608993,1,0.14671837501477944,1,linear,1.011000000000422,0.032000000000152795,0.05338460382591996,0.11172882077400637,100,100,low
43,toy,A-E,2.974267796864074,3.0211024603183647,3.021034201409171,2.8126141063877532,3.2294542964305886,1,0.10633678317419276,1,linear,1.0100000000002183,0.033999999999650754,0.006870796737348604,0.046834663454290215,100,99.99999999999999,low
44,toy,A-E,2.9986533861834563,3.2141397734994355,3.214687653973764,2.97190313461227,3.4574721733352582,1,0.12386965273545623,1,linear,1.0070000000005166,0.032000000000152795,0.14780540049560878,0.18907850374005264,99,99,low
45,toy,A-E,2.9275063335259057,2.8714414866196822,2.871452009388682,2.622864425664769,3.120039593112595,1,0.12683039985913913,1,linear,1.168999999999869,0.03499999999985448,-0.11048114485602865,-0.05606484690622349,100,100.00000000000003,low
46,toy,A-E,3.007182924057726,3.009243913318353,3.009437201105688,2.8411650300674802,3.1777093721438954,1,0.08585314848888144,1,linear,1.1289999999999054,0.03600000000005821,-0.05652705468512362,0.002060989260626478,100,100,low
47,toy,A-E,2.9611324782534987,3.1726047477492925,3.172752296900743,2.9052172624503356,3.4402873313511506,1,0.13649746655633033,1,linear,1.1729999999997744,0.03499999999985448,0.16249238243001157,0.21147226949579334,100,99.99999999999994,low
48,toy,A-E,3.0094730606433124,3.3810882630433774,3.3813484562948752,3.1527327628352757,3.6099641497544748,0,0.11664065992836713,1,linear,1.1460000000006403,0.033999999999650754,0.3028369006693919,0.37161520240006585,100,100.00000000000001,low
49,toy,A-E,3.011589780804641,2.8452364926653537,2.8455066905935222,2.608854023204689,3.0821593579823556,1,0.12074115683103737,1,linear,1.15099999999984,0.03400000000056025,-0.20395497862468442,-0.16635328813928751,100,99.99999999999999,low
50,toy,A-E,3.0625541776506444,3.08273645753325,3.0826024922990167,2.8740873041861414,3.291117680411892,1,0.10638530005758945,1,linear,1.1010000000005675,0.04199999999946158,-0.030945820780361705,0.020182279882605236,100,100.00000000000001,low
51,toy,A-E,3.059009630855222,3.3168926642267964,3.3179799282973517,2.9930654692199328,3.6428943873747706,1,0.1657726832027647,1,linear,1.0590000000001965,0.03099999999994907,0.17010319476563415,0.23236781400973072,99,99.0000000000002,low
52,toy,A-E,3.0067323593743,3.4520355543119425,3.452904446424613,3.1695194232017982,3.736289469647428,0,0.14458419552184426,1,linear,1.0479999999997744,0.04399999999986903,0.38448691910888505,0.4453031949376438,100,100.00000000000003,low
53,toy,A-E,3.0428049062657765,3.0745407745433564,3.0744576517320823,2.8004352794246765,3.348480024039488,1,0.13980733280990093,1,linear,1.0299999999997453,0.03600000000005821,-0.022869448080746736,0.031735868277579904,100,100.00000000000001,low
54,toy,A-E,3.0483907934205647,3.0425256643926355,3.041954264258683,2.862077652539852,3.221830875977514,1,0.09177378148919951,1,linear,1.043999999999869,0.03600000000005821,-0.05722556687837483,-0.005865129027929683,100,100,low
55,toy,A-E,3.039941733923826,3.1508697554910103,3.152951098004745,2.9205553585800237,3.3853468374294664,1,0.11856925480853138,1,linear,1.0210000000006403,0.033999999999650754,0.010948483041793309,0.0633134325511282,98,97.99999999999994,low
56,toy,A-E,2.9316645930076093,2.92381444117626,2.925772508576508,2.703666727481205,3.1478782896718105,1,0.11331927606903196,1,linear,1.0120000000006257,0.03699999999935244,-0.07308192497087773,-0.03280030611568563,99,99,low
57,toy,A-E,3.0439024021581216,3.0769900883726873,3.076682739628385,2.8735363629452717,3.2798291163114985,1,0.10364611055260885,1,linear,1.0150000000003274,0.03499999999985448,-0.015345098279085936,0.03308768621456526,100,100,low
58,toy,A-E,3.0120290797782556,3.0890511927816036,3.0891022268060424,2.8740937404486675,3.3041107131634173,1,0.10969820732519127,1,linear,1.2029999999995198,0.032000000000152795,0.020994843044069855,0.0770221130033466,100,100,low
59,toy,A-E,2.9270066659484133,2.961095772136227,2.960916349895401,2.7264758269777327,3.1953568728130697,1,0.11961251169268805,1,linear,0.9749999999994543,0.03999999999996362,-0.019216548580095555,0.03408910618781391,100,99.99999999999991,low
60,toy,A-E,2.98447799728245,2.9000906215656377,2.8981661884960777,2.5475418986217524,3.248790478370403,1,0.17888994381343126,1,linear,0.8919999999998254,0.028000000000247383,-0.280726899727943,-0.25726707839145124,92,91.99999999999997,low
61,toy,A-E,3.0246659909032085,2.9955267170749824,2.9952216139608354,2.7827824225753526,3.2076608053463183,1,0.1083873425436136,1,linear,0.9729999999999563,0.033999999999650754,-0.08012604708406543,-0.029139273828226564,100,99.99999999999999,low
62,toy,A-E,2.976543229878386,2.877968987480652,2.878339280077122,2.5714224769238596,3.1852560832303842,1,0.1565902056904399,1,linear,1.0080000000007203,0.03499999999985448,-0.135591642895766,-0.09857424239773405,100,100.00000000000001,low
63,toy,A-E,2.9743691983500744,3.0611014572369095,3.0616075976020714,2.850822585442438,3.2723926097617047,1,0.10754337355083335,1,linear,1.082999999999629,0.03300000000035652,0.028004569475173755,0.08673225888683511,100,100,low
64,toy,A-E,2.934725732979816,3.1916911691207828,3.1921952930121718,2.9826231964331833,3.40176738959116,0,0.10692453907091244,1,linear,1.024000000000342,0.03299999999944703,0.19311431581599375,0.2569654361409661,100,100,low
65,toy,A-E,2.8969387074512083,3.053089954185566,3.0530639449426253,2.78422430241347,3.321903587471781,1,0.13716308292303855,1,linear,1.0219999999999345,0.033999999999650754,0.09923820737535005,0.15615124673435776,100,100,low
66,toy,A-E,2.955571975497638,2.8085607107420474,2.8088035025307536,2.611524224465364,3.0060827805961434,1,0.10065269289050505,1,linear,1.0399999999999636,0.03499999999985448,-0.18559253423325422,-0.1470112647555908,100,100,low
67,toy,A-E,3.0747891759681174,3.3403902888287815,3.340350085050605,3.112048889748868,3.5686512803523422,0,0.11648020168455978,1,linear,1.22400000000016,0.056999999999789,0.2086238303534646,0.2656011128606641,100,99.99999999999986,low
68,toy,A-E,2.9508638887474263,3.093551139678567,3.098179955950761,2.8465419391704123,3.3498179727311093,1,0.1283867432552798,1,linear,1.0979999999999563,0.032000000000152795,0.09203885984909249,0.1426872509311421,100,100.00000000000001,low
69,toy,A-E,3.0229453762327063,2.9841079844094827,2.986520505417037,2.771658996877382,3.2013820139566924,1,0.10962321864268126,1,linear,1.066000000000713,0.04199999999946158,-0.09384567562267482,-0.03883739182322277,100,100,low
70,toy,A-E,2.94534243271048,2.9310982851471437,2.930751245280713,2.6800204399507717,3.1814820506106543,1,0.1279238802703782,1,linear,1.1809999999995853,0.03800000000046566,-0.06857107206955591,-0.01424414756333725,100,99.99999999999994,low
71,toy,A-E,2.9962474816508613,3.164891433651783,3.1649536109556355,2.8453419474217867,3.4845652744894844,1,0.16306717527237194,1,linear,1.1420000000007349,0.03999999999996362,0.12574642553969087,0.16864395200092197,100,100.00000000000001,low
72,toy,A-E,2.907697058943866,2.865393398098316,2.86575958208017,2.623529235825833,3.107989928334507,1,0.12358691135425347,1,linear,1.1159999999999854,0.03299999999944703,-0.0843722918541594,-0.04230366084554937,100,100,low
73,toy,A-E,2.941077372880762,3.109440353112217,3.108069202530084,2.8921881094426256,3.323950295617542,1,0.11014341484053997,1,linear,1.1340000000000146,0.04100000000016735,0.11755157213731313,0.16836298023145524,100,100.00000000000001,low
74,toy,A-E,2.9850877508139932,3.0859817283400766,3.0852202298332436,2.8656300590585593,3.304810400607928,1,0.11203580141565538,1,linear,1.0789999999997235,0.05200000000058935,0.0412179423215388,0.10089397752608331,100,99.99999999999997,low
75,toy,A-E,3.063248161091676,3.269815606423074,3.2699598856876686,3.0130587267897635,3.5268610445855737,1,0.13107201984587,1,linear,1.0960000000004584,0.03499999999985448,0.15875392760690235,0.20656744533139904,100,99.99999999999999,low
76,toy,A-E,2.9231880799027614,3.0194115502696706,3.019263542409488,2.7726845334188432,3.265842551400133,1,0.1258056168319615,1,linear,1.1189999999996871,0.042000000000371074,0.03907648704413474,0.09622347036690915,100,100,low
77,toy,A-E,3.00604631956906,2.8621733947443317,2.8627269923255727,2.678647497908217,3.0468064867429283,1,0.09391810939661009,1,linear,1.1190000000005966,0.03499999999985448,-0.18606463756835187,-0.1438729248247288,100,100,low
78,toy,A-E,2.9327523718393422,2.949974107743712,2.9490259784718242,2.721166177340139,3.1768857796035093,1,0.11625500057739024,1,linear,1.1629999999995562,0.040000000000873115,-0.045899701934338295,0.017221735904369595,100,100,low
79,toy,A-E,3.009279020261504,3.0033568861741964,3.0022266800565287,2.7474971522965936,3.2569562078164638,1,0.12996404477547702,1,linear,1.0929999999998472,0.03600000000005821,-0.05448354008985939,-0.005922134087307462,100,100,low
80,toy,A-E,2.997244195348797,2.923763349666122,2.923851246406329,2.6928446718901746,3.1548578209224836,1,0.1178604972021196,1,linear,1.110000000000582,0.033999999999650754,-0.12623229044208634,-0.07348084568267499,100,99.99999999999997,low
81,toy,A-E,3.110476434693043,3.181068494788719,3.180965214136347,2.924749544171466,3.437180884101228,1,0.130722280594327,1,linear,1.1340000000000146,0.04700000000048021,0.002903287574777806,0.07059206009567554,100,99.99999999999999,low
82,toy,A-E,3.0313763684893047,3.0048942847845908,3.005127663035542,2.7711631803136716,3.2390921457574122,1,0.11936963404177056,1,linear,1.0690000000004147,0.033999999999650754,-0.05921730018628453,-0.026482083704713943,100,99.99999999999999,low
83,toy,A-E,2.9368730656306727,3.006240392692332,3.006142175234666,2.732076483679648,3.280207866789684,1,0.1398294344668459,1,linear,1.1310000000003129,0.03499999999985448,0.01946884857149881,0.06936732706165927,100,100,low
84,toy,A-E,3.0425920231725616,3.007761427281044,3.0063603077175514,2.76706951407889,3.245651101356213,1,0.12208713961156187,1,linear,1.0979999999999563,0.03400000000056025,-0.08850436387451122,-0.034830595891517824,100,100.00000000000011,low
85,toy,A-E,2.950966583174645,3.0063808717194362,3.0063348888356436,2.7801913844019377,3.2324783932693495,1,0.11537933899678872,1,linear,1.1329999999998108,0.05700000000069849,-0.0027453324542850467,0.05541428854479058,100,100,low
86,toy,A-E,2.9289815547163127,2.907922118405481,2.9064574252349042,2.6819666069069457,3.130948243562863,1,0.11453613179997883,1,linear,1.2650000000003274,0.03300000000035652,-0.09011716539614775,-0.02105943631083207,100,100,low
87,toy,A-E,2.9924891592427385,2.989553409547451,2.990437397896171,2.725740733262139,3.255134062530203,1,0.1350493186908326,1,linear,1.125,0.028000000000247383,-0.029884545438229396,0.014235529610295394,97,97,low
88,toy,A-E,3.0194413081644313,3.042147569841685,3.0419845531302694,2.763618658446042,3.320350447814497,1,0.14202341565521812,1,linear,0.9839999999994689,0.02900000000045111,-0.04063734493233724,0.022706261677253536,100,100,low
89,toy,A-E,3.0324745498414702,2.8475507660252752,2.8490110256201358,2.572396410727334,3.1256256405129377,1,0.14112990555755206,1,linear,0.9880000000002838,0.028999999999541615,-0.22503523457244853,-0.18492378381619545,100,100,low
90,toy,A-E,3.031701170864874,3.06587811070439,3.067954988388157,2.7664274132117512,3.3694825635645627,1,0.1538405995797988,1,linear,0.9400000000005093,0.027000000000043656,0.03536627611904792,0.07104325977987624,98,98,low
91,toy,A-E,3.085123285521405,3.075149446675259,3.0765739462431956,2.8924709063611016,3.2606769861252896,1,0.0939301223888234,1,linear,0.9680000000007567,0.03799999999955617,-0.06027044541162127,-0.017279163044295665,98,98.00000000000001,low
92,toy,A-E,3.028781570411859,3.0361650651807555,3.036718966358636,2.7491659551813967,3.324271977535875,1,0.14671071998838733,1,linear,0.967000000000553,0.028999999999541615,-0.06624367667009627,0.007383494768895993,100,99.99999999999999,low
93,toy,A-E,3.065612801791776,3.128551684206328,3.1287113400091893,2.9246349059283334,3.332787774090045,1,0.10412062963308967,1,linear,0.9840000000003783,0.03799999999955617,-0.020265966246322938,0.05568055113985704,98,97.99999999999999,low
94,toy,A-E,2.9619201420369032,3.084764820217055,3.0848807751765013,2.8234132616328975,3.346348288720105,1,0.13340179262428764,1,linear,0.9909999999999854,0.028000000000247383,0.07211962604515837,0.12284467818015177,100,100.0000000000001,low
95,toy,A-E,2.9664484356086467,3.2320454938918566,3.2319036435888515,2.995748793183642,3.468058493994061,0,0.12048716857408641,1,linear,0.9960000000000946,0.02900000000045111,0.21075507360320084,0.2655970582832099,100,100,low
96,toy,A-E,3.035780313093933,3.153568052909737,3.152206893593734,2.8924886150320077,3.4119251721554607,1,0.13250932579679922,1,linear,0.9780000000000655,0.030000000000654836,0.08061398860576068,0.14092049447807664,99,98.99999999999983,low
97,toy,A-E,2.9949121451802956,3.0290391859616825,3.0287992089353732,2.8111706373657586,3.246427780504988,1,0.11103498549470132,1,linear,0.98700000000008,0.028000000000247383,-0.025004967240171927,0.03412704078138784,100,100,low
98,toy,A-E,3.0209155601314057,2.989099313674611,2.989402058272309,2.7065570959676903,3.2722470205769274,1,0.1443086542370502,1,linear,0.9949999999998909,0.02900000000045111,-0.11706287821479434,-0.056445011233624776,99,99,low
99,toy,A-E,2.9924898418847263,3.236595280353881,3.2349309112881492,2.9392695192323988,3.5305923033438997,1,0.15084764900803588,1,linear,1.0210000000006403,0.027999999999337888,0.23434364964056925,0.2669359009880674,99,99,low
100,toy,A-E,3.0438071370863975,3.2496831723515696,3.249354345589277,3.035766016907215,3.462942674271339,1,0.1089736370826848,1,linear,1.0010000000002037,0.028999999999541615,0.1363866612576643,0.20587603526517206,100,100,low
1,toy,A-E,2.9948577331898094,3.15832189168698,3.1582878433353887,2.973260759753827,3.34331492691695,1,0.0944015732558987,1,linear,1.1329999999998108,0.04899999999997817,0.07262434320486408,0.16346415849716944,100,100,mid
2,toy,A-E,3.01561680089275,3.1412870007452574,3.141275481682426,2.954383994402711,3.3281669689621416,1,0.09535279963250783,1,linear,1.1719999999995707,0.06500000000050932,0.05341630579469468,0.12567019985250827,100,100,mid
3,toy,A-E,2.964675336127211,3.1144720111079556,3.114418376799735,2.911225182362477,3.317611571236993,1,0.10366999716186638,1,linear,1.3939999999993233,0.09600000000045839,0.07203034741205808,0.14979667498074356,100,100,mid
4,toy,A-E,3.0094865006220126,3.142370921883037,3.1424051762399685,2.931522694078437,3.3532876584015,1,0.10759310314363853,1,linear,1.1790000000000873,0.05199999999967986,0.0670119501170402,0.13288442126102584,100,100,mid
5,toy,A-E,3.0270671935223943,3.12239476815967,3.12281023072273,2.90982849978762,3.3357919616578404,1,0.1086641484362807,1,linear,1.1610000000000582,0.054999999999381544,0.017260464265964646,0.09532757463727659,100,100,mid
6,toy,A-E,3.0039205613833193,3.0275151847898005,3.0282209886244074,2.8220868842162563,3.2343550930325584,1,0.10517046143273001,1,linear,1.26299999999992,0.06099999999969441,-0.05528825969248127,0.02359462340648122,100,100,mid
7,toy,A-E,3.004220879116461,3.0089773757119476,3.008210308640326,2.7899439349181643,3.2264766823624873,1,0.11136039475620475,1,linear,1.238999999999578,0.06700000000000728,-0.06363702220532393,0.004756496595487825,100,99.99999999999993,mid
8,toy,A-E,3.0062578055252356,3.1059389506224724,3.1062560607450065,2.9192067681350578,3.2933053533549552,1,0.09543331255609629,1,linear,1.2539999999999054,0.05400000000008731,0.02422678205103914,0.0996811450972368,100,100,mid
9,toy,A-E,2.945587358979799,2.927925436237742,2.9287267493879607,2.7007821582221965,3.156671340553725,1,0.11629826079885922,1,linear,1.2660000000005311,0.056999999999789,-0.08494772673786151,-0.017661922742057357,100,100,mid
10,toy,A-E,2.919945370643324,2.8850854647949014,2.885068026159829,2.6997596320182335,3.0703764203014243,1,0.09454509905183439,1,linear,1.2609999999995125,0.068000000000211,-0.11502386402181912,-0.03485990584842291,100,100,mid
11,toy,A-E,3.0110719481434667,2.948827541259548,2.9488275412595377,2.7379474492381206,3.159707633280955,1,0.1075918836843966,1,linear,1.217000000000553,0.05199999999967986,-0.13228399916474654,-0.062244406883917414,100,100,mid
12,toy,A-E,2.962367988778121,3.1065602162817596,3.1065602386078845,2.9272315302277576,3.2858889469880115,1,0.09149423896945243,1,linear,1.3699999999998909,0.057999999999992724,0.06555639223056686,0.14419222750363847,100,100,mid
13,toy,A-E,3.044435510583409,3.273472529098819,3.2734990394945864,3.0814371699765153,3.4655609090126576,0,0.09799074975411783,1,linear,1.0470000000004802,0.06899999999950523,0.1625112805351906,0.22903701851541136,100,100,mid
14,toy,A-E,2.979584018219367,3.085726989309201,3.0857626447491957,2.905936746137755,3.265588543360636,1,0.0917479074548165,1,linear,1.1089999999994689,0.06000000000040018,0.018808607444500837,0.10614297108983273,100,100,mid
15,toy,A-E,2.9825721102712737,3.01339447348891,3.0134140133558196,2.8320208373740186,3.1948071893376206,1,0.09254753876622511,1,linear,1.048000000000684,0.05099999999947613,-0.04182791372826438,0.030822363217636983,100,100,mid
16,toy,A-E,2.9731809100962003,3.265284889557531,3.265381866064125,3.016714979798631,3.514048752329619,0,0.1268708603395378,1,linear,1.0349999999998545,0.05900000000019645,0.20635131853958977,0.2921039794613307,100,99.99999999999999,mid
17,toy,A-E,3.0038469350649835,3.095243448187782,3.0951357304445564,2.9150562815893206,3.275215179299792,1,0.09187726982409988,1,linear,1.095999999999549,0.06599999999980355,0.016494605822317192,0.09139651312279806,100,100.00000000000001,mid
18,toy,A-E,3.0544768617523186,3.1049491415098904,3.1050120570360673,2.912911009120167,3.2971131049519675,1,0.09801073873260217,1,linear,1.1419999999998254,0.052999999999883585,-0.016723081792873844,0.05047227975757007,100,100,mid
19,toy,A-E,2.990671116755879,3.1035484666834288,3.1034273440788636,2.93661997107106,3.2702347170866672,1,0.08510580255500194,1,linear,1.106999999999971,0.05200000000058935,0.039047111299464005,0.11287734992755105,100,100,mid
20,toy,A-E,2.95194296648555,2.929159822804613,2.929159694730164,2.7519592870341234,3.1063601024262044,1,0.09040837127348995,1,linear,1.1189999999996871,0.06199999999989814,-0.09192247411292723,-0.022783143680936924,100,100,mid
21,toy,A-E,3.0538093937705084,3.1207338887905296,3.1207551600232653,2.9328558329037127,3.308654487142818,1,0.09586700363242485,1,linear,1.1479999999992287,0.07800000000042928,-0.011753810439476785,0.06692449502002074,100,100.00000000000036,mid
22,toy,A-E,3.0951151939641175,2.9382321912226175,2.938232840797895,2.755648004308175,3.120817677287615,1,0.09315552882128568,1,linear,1.168999999999869,0.05700000000069849,-0.22701656755070684,-0.15688300274150002,100,100,mid
23,toy,A-E,3.030809639359136,3.1948089214324007,3.1949444610756554,2.977293421538512,3.412595500612799,1,0.11104644874344055,1,linear,1.1679999999996653,0.05599999999958527,0.08978939552421525,0.16399928207326475,100,100,mid
24,toy,A-E,3.040525365335265,3.2008376957057845,3.2007632157733887,2.989323453351744,3.4122029781950336,1,0.10787742980696174,1,linear,1.050000000000182,0.06599999999980355,0.08857890527270257,0.16031233037051962,100,100,mid
25,toy,A-E,3.000441319110262,3.089045672790136,3.089576675344262,2.8706439886001376,3.3085093620883863,1,0.11170035037965519,1,linear,1.1130000000002838,0.052999999999883585,0.011372097918791882,0.08860435367987396,100,100.00000000000001,mid
26,toy,A-E,3.0486520356152877,3.1615231043365606,3.1615682390596445,2.9689594860279964,3.3541769920912925,1,0.09826977195492258,1,linear,1.094000000000051,0.056999999999789,0.046140481216746396,0.11287106872127328,100,100,mid
27,toy,A-E,2.9603150808440573,3.108294180301641,3.1083481846877117,2.919682712548592,3.2970136568268313,1,0.0962578939485305,1,linear,1.1300000000001091,0.06400000000030559,0.07225452904786378,0.1479790994575838,100,100,mid
28,toy,A-E,3.006440722125808,3.1597914962335505,3.15979149623355,2.969894362902912,3.349688629564188,1,0.09688629251563155,1,linear,1.1599999999998545,0.06199999999989814,0.08680860372228812,0.153350774107742,100,100,mid
29,toy,A-E,2.969178848776154,2.9953755183556607,2.995260563798303,2.8028162318801826,3.187704895716424,1,0.09818588363169414,1,linear,1.201999999999316,0.06400000000030559,-0.05522440742126069,0.02619666957950706,100,100,mid
30,toy,A-E,2.9983299110709996,3.0475600180962505,3.0476456029449026,2.856837763718578,3.2384534421712274,1,0.09735093838077806,1,linear,1.196999999999207,0.06900000000041473,-0.023815296332612233,0.04923010702525055,100,100,mid
31,toy,A-E,3.0287792234934074,3.2218130460716097,3.2217999696417077,3.027371907468351,3.416228031815064,1,0.0991979909047737,1,linear,1.1179999999994834,0.0500000000001819,0.12471813401947364,0.19303382257820179,100,100,mid
32,toy,A-E,2.992978021654408,2.976518689582683,2.976600335526195,2.805491872014484,3.1477087990379062,1,0.08730023648556696,1,linear,1.1270000000004075,0.07099999999991269,-0.08842461978516669,-0.016459332071725008,100,100,mid
33,toy,A-E,3.004609940651855,3.1169154907974717,3.117442450489233,2.907090761348058,3.327794139630408,1,0.1073222903781505,1,linear,1.0630000000001019,0.05400000000008731,0.0338989168852176,0.11230555014561805,100,100,mid
34,toy,A-E,3.0103702883228887,3.02815856371595,3.028158563715942,2.8275805612122156,3.228736566219668,1,0.10233571556312573,1,linear,1.0239999999994325,0.061000000000603904,-0.05668042865310264,0.017788275393061603,100,100,mid
35,toy,A-E,2.964914962498103,3.10433016012429,3.1045051916974162,2.896472935594856,3.3125374477999765,1,0.10613890617477567,1,linear,1.0430000000005748,0.05099999999947613,0.066781547931553,0.13941519762618704,100,100,mid
36,toy,A-E,3.036605359251961,3.052718292590413,3.052850360571971,2.8717411344184405,3.233959586725501,1,0.09240266640486246,1,linear,1.0109999999995125,0.04899999999997817,-0.04848366000253927,0.01611293333845154,100,100,mid
37,toy,A-E,3.002362657573471,3.1437842787008066,3.1437969074375265,2.9554091156046414,3.3321846992704116,1,0.09611622032290051,1,linear,1.0770000000002256,0.05199999999967986,0.07004861630663974,0.14142162112733558,100,100,mid
38,toy,A-E,2.990409620540935,2.9791591435686415,2.978910153808879,2.7575594242218133,3.2002608833959445,1,0.11293404570768652,1,linear,1.0619999999998981,0.05700000000069849,-0.08710977934195967,-0.011250476972292311,100,100,mid
39,toy,A-E,3.0217858596381957,3.118132983495629,3.1180194890540345,2.90038868290514,3.335650295202929,1,0.11103612558617075,1,linear,1.022000000000844,0.05199999999967986,0.017340212363382693,0.09634712385743338,100,100,mid
40,toy,A-E,3.0647003985908867,3.150292395913487,3.1500081518984295,2.9489318383325687,3.3510844654642904,1,0.10258995590094938,1,linear,1.0519999999996799,0.052999999999883585,0.008080696421379839,0.08559199732260137,100,100,mid
41,toy,A-E,2.972152911535317,3.067916407725102,3.067774117608107,2.865120713814129,3.270427521402085,1,0.1033945937724377,1,linear,1.0190000000002328,0.06099999999969441,0.014570281091036549,0.09576349618978597,100,100,mid
42,toy,A-E,3.018045262496404,3.135820402018152,3.135782228687737,2.9480314783135957,3.3235329790618784,1,0.09579119917048037,1,linear,1.0299999999997453,0.04800000000068394,0.028040711834364827,0.1177751395217479,100,100,mid
43,toy,A-E,2.974267796864074,3.0466419892250283,3.0466164213339315,2.864354126932365,3.228878715735498,1,0.09299096653141138,1,linear,1.2299999999995634,0.061000000000603904,-0.0021607912868240667,0.07237419236095466,100,100,mid
44,toy,A-E,2.9986533861834563,3.19423640793954,3.1938654673253315,2.9983707423778214,3.3893601922728416,1,0.09974220660587257,1,linear,1.1520000000000437,0.057999999999992724,0.108625931685293,0.17523574424076216,99,99,mid
45,toy,A-E,2.927506333525906,2.970993643598746,2.9709718805436833,2.745616354782882,3.196327406304485,1,0.1149773090616335,1,linear,1.1769999999996799,0.06599999999980355,-0.031270736702052826,0.043487310072840124,100,100,mid
46,toy,A-E,3.007182924057726,3.0687443067858844,3.0687388701262632,2.891199150983307,3.2462785892692194,1,0.0905814893586511,1,linear,1.0859999999993306,0.06000000000040018,-0.008797504835445238,0.0615613827281587,100,100,mid
47,toy,A-E,2.9611324782534987,2.937704964128981,2.937706661019974,2.7377548470559008,3.137658474984047,1,0.10201623161432286,1,linear,1.0690000000004147,0.05599999999958527,-0.09117262288849746,-0.023427514124517046,100,100,mid
48,toy,A-E,3.0094730606433124,3.3296924461491546,3.3299108195162748,3.109026465532928,3.5507951734996217,0,0.11269609897109532,1,linear,1.0729999999994106,0.0500000000001819,0.248764498248294,0.32021938550584217,100,100,mid
49,toy,A-E,3.011589780804641,3.031822971211117,3.0318611588189572,2.8278676022815517,3.235854715356363,1,0.10407834517214572,1,linear,1.1030000000000655,0.06599999999980355,-0.050198840031296224,0.020233190406475643,100,100.00000000000004,mid
50,toy,A-E,3.0625541776506444,3.078027140006875,3.0782043099755483,2.8898734446333143,3.2665351753177823,1,0.09608717619501733,1,linear,1.105000000000473,0.06899999999950523,-0.050627720907735096,0.01547296235623108,100,100,mid
51,toy,A-E,3.059009630855222,3.2208179544492337,3.2206092719916315,2.9742576837845505,3.4669608601987125,1,0.12568958581993925,1,linear,1.1099999999996726,0.05500000000029104,0.07903816296260271,0.16180832359401176,100,100,mid
52,toy,A-E,3.0067323593743005,3.258607972531993,3.2588540174082437,3.0527283004171823,3.464979734399305,0,0.10516618213829652,1,linear,1.1190000000005966,0.06199999999989814,0.16762007283248143,0.2518756131576927,100,100.00000000000004,mid
53,toy,A-E,3.0428049062657765,2.9934445159383483,2.9934445159383687,2.7733544037799387,3.2135346280967987,1,0.11229087355021934,1,linear,1.0750000000007276,0.0639999999993961,-0.11971684048228012,-0.04936039032742734,100,100,mid
54,toy,A-E,3.0483907934205647,3.131651588316145,3.1316391313004335,2.9420909109711895,3.3211873516296775,1,0.09670827567818578,1,linear,1.0770000000002256,0.06599999999980355,-6.806360516059332e-4,0.08326079489557969,100,100,mid
55,toy,A-E,3.039941733923826,3.086258329057949,3.086044051590709,2.871602077539453,3.300486025641965,1,0.10940917043431428,1,linear,1.144999999999527,0.05300000000079308,-0.028834454227215273,0.04631659513412334,100,100,mid
56,toy,A-E,2.9316645930076093,2.9630704654580224,2.9632015378904533,2.789473232313983,3.1369298434669237,1,0.08863689060023998,1,linear,1.1829999999999927,0.056000000000494765,-0.04647533209520621,0.0314058724504136,100,100,mid
57,toy,A-E,3.0439024021581216,3.117321339167873,3.1173197956297325,2.9291159065622643,3.3055236846972007,1,0.0960223923813613,1,linear,1.1489999999994325,0.07000000000061846,0.009958612292037733,0.07341893700975177,100,100,mid
58,toy,A-E,3.0120290797782556,3.15506286062109,3.1550766622908553,2.965168713590384,3.3449846109913266,1,0.09689181056146508,1,linear,1.11200000000008,0.05999999999949068,0.05886046881475442,0.1430337808428339,100,100,mid
59,toy,A-E,2.9270066659484133,3.020214023650838,3.0202160971300263,2.84426502907686,3.1961671651831924,1,0.08977095308835012,1,linear,1.1410000000005311,0.056999999999789,0.01734821177852651,0.09320735770242461,100,100,mid
60,toy,A-E,2.98447799728245,2.941653885552821,2.9414202024836,2.6769262969798686,3.2059141079873315,1,0.1349458701549651,1,linear,1.0450000000000728,0.047999999999774445,-0.14022981454221953,-0.08436239837142345,98,98,mid
61,toy,A-E,3.0246659909032085,3.0398744343672055,3.0399053738174633,2.85329162313266,3.2265191245022664,1,0.09521109728816476,1,linear,1.1739999999999782,0.06900000000041473,-0.05712077142114398,0.015208443463996524,100,100,mid
62,toy,A-E,2.976543229878386,2.802611808428086,2.802528551742051,2.58628450638827,3.0187725970958317,1,0.11032859456825543,1,linear,1.1779999999998836,0.06600000000071304,-0.24381885012974583,-0.17393142145030005,100,100,mid
63,toy,A-E,2.9743691983500744,3.033811319546583,3.0339641147308494,2.8343497905785964,3.2335784388831024,1,0.101844042934823,1,linear,1.1530000000002474,0.05399999999917782,-0.00602691166887942,0.0594421211965086,100,100,mid
64,toy,A-E,2.934725732979816,3.035070308941739,3.035104721716811,2.84706757108498,3.2231418723486414,1,0.09593732175093403,1,linear,1.1640000000006694,0.058999999999286956,0.02920853801063287,0.10034457596192237,100,100,mid
65,toy,A-E,2.896938707451208,3.0850159430081714,3.084093674433158,2.864224111860878,3.303963237005438,1,0.11217834825116316,1,linear,1.1409999999996217,0.06700000000000728,0.11227467783112857,0.1880772355569622,100,100,mid
66,toy,A-E,2.955571975497638,2.980151627160792,2.9801080459580276,2.7989881228489475,3.1612279690671077,1,0.09240812403524501,1,linear,1.0889999999999418,0.05599999999958527,-0.050910742360192385,0.0245796516631529,100,100,mid
67,toy,A-E,3.0747891759681174,3.349084329191431,3.349151056347578,3.1582650000887043,3.540037112606452,0,0.09739084503003771,1,linear,1.2069999999994252,0.06300000000010186,0.19297697699306648,0.27429515322331444,100,100,mid
68,toy,A-E,2.9508638887474263,3.1004432118030207,3.1004657305282923,2.920968657017104,3.2799628040394806,1,0.09158013954652455,1,linear,1.2340000000003783,0.05999999999949068,0.07744353048181121,0.14957932305559396,100,100.00000000000001,mid
69,toy,A-E,3.0229453762327063,3.000173368235222,3.0001621678903243,2.8265381264653042,3.1737862093153444,1,0.08858369460460201,1,linear,1.1610000000000582,0.0749999999998181,-0.09943423848578867,-0.022772007997485133,100,100,mid
70,toy,A-E,2.94534243271048,2.9137872674435776,2.9137770201357522,2.7162959812291643,3.11125805904234,1,0.10075563209519799,1,linear,1.1909999999998035,0.06500000000050932,-0.11616667354855964,-0.031555165266902385,100,100,mid
71,toy,A-E,2.9962474816508613,3.198138161231755,3.198055442916285,2.996911110814559,3.399199775018011,0,0.10262465923557443,1,linear,1.217000000000553,0.06599999999980355,0.12536493667623566,0.20189067958089346,100,100.00000000000004,mid
72,toy,A-E,2.907697058943866,2.8354041442716484,2.8353303753466315,2.643896621968457,3.026764128724806,1,0.09767028233580338,1,linear,1.1549999999997453,0.06700000000000728,-0.15389920890092984,-0.07229291467221888,100,100,mid
73,toy,A-E,2.941077372880762,3.1226169261210535,3.122365367152033,2.9148979173923255,3.3298328169117406,1,0.10585073967332022,1,linear,1.1720000000004802,0.06499999999959982,0.1151093987865047,0.1815395532402917,100,100,mid
74,toy,A-E,2.9850877508139932,3.124745487634649,3.1247974133796963,2.919224389196499,3.3303704375628937,1,0.10488419601183535,1,linear,1.193000000000211,0.057999999999992724,0.07704799044641139,0.13965773682065574,100,100,mid
75,toy,A-E,3.063248161091676,3.1859633042149795,3.1858761711424552,2.990279362541848,3.3814729797430627,1,0.09979429010235083,1,linear,1.1710000000002765,0.07600000000002183,0.05783253239988541,0.12271514312330467,100,99.99999999999999,mid
76,toy,A-E,2.923188079902762,2.9518728879045284,2.951828047013212,2.7408849854142363,3.1627711086121875,1,0.10762401101988543,1,linear,1.1900000000005093,0.06599999999980355,-0.034113048138125594,0.02868480800176698,100,100,mid
77,toy,A-E,3.00604631956906,2.941633944346882,2.941627707873595,2.7607684034613804,3.1224870122858093,1,0.09227515531235433,1,linear,1.194999999999709,0.06099999999969441,-0.14748233844211234,-0.06441237522217769,100,100,mid
78,toy,A-E,2.9327523718393422,2.964645323356784,2.964758236066223,2.7633178285656164,3.1661986435668292,1,0.1027757181125543,1,linear,1.1649999999999636,0.05999999999949068,-0.05429667826157064,0.03189295151744176,100,100,mid
79,toy,A-E,3.009279020261504,3.1027890369643147,3.102761044255609,2.9169195351416652,3.288602553369553,1,0.09481709648670604,1,linear,1.183999999999287,0.0930000000007567,0.021363164912986243,0.09351001670281178,100,100,mid
80,toy,A-E,2.997244195348797,2.983176176593412,2.9830630178830257,2.816716855276971,3.1494091804890805,1,0.08487049112553813,1,linear,1.1850000000004002,0.058999999999286956,-0.08868077905403686,-0.014068018755383882,100,100,mid
81,toy,A-E,3.1104764346930436,3.2771974586425303,3.277309797451818,3.0739875214552903,3.480632073448346,1,0.10373585510026934,1,linear,1.1130000000002838,0.06099999999969441,0.08522347839371626,0.16672102394948674,100,100,mid
82,toy,A-E,3.0313763684893047,3.1210530086547053,3.1210253542031325,2.909541023906981,3.332509684499284,1,0.10790016851844464,1,linear,1.092000000000553,0.06199999999989814,0.021627284089044352,0.08967664016540056,100,100,mid
83,toy,A-E,2.9368730656306727,2.9711940040776152,2.9711545492344618,2.7831255363090577,3.159183562159866,1,0.09593316985990012,1,linear,1.3599999999996726,0.07000000000061846,-0.04464560024701348,0.03432093844694162,100,100,mid
84,toy,A-E,3.0425920231725616,3.1577729120894773,3.157733381370068,2.9509921285582625,3.364474634181873,1,0.10548023102643125,1,linear,1.2090000000007421,0.05400000000008731,0.046235587247033264,0.11518088891691569,100,100,mid
85,toy,A-E,2.950966583174645,3.011464270447469,3.0110453116656193,2.812192754212533,3.2098978691187057,1,0.10145538645565633,1,linear,1.1000000000003638,0.051000000000385626,-0.016264749758230945,0.06049768727282423,100,100,mid
86,toy,A-E,2.9289815547163127,3.0839092730026882,3.084112477104627,2.8749445074399804,3.293280446769274,1,0.10671835186971779,1,linear,1.082999999999629,0.06199999999989814,0.07051901465530382,0.15492771828637597,100,100,mid
87,toy,A-E,2.9924891592427385,3.0652633245406262,3.0640897936459113,2.846354909937293,3.2818246773545297,1,0.11108922638194808,1,linear,1.0880000000006476,0.05599999999958527,-0.0010494902946285318,0.07277416529788638,100,100,mid
88,toy,A-E,3.0194413081644313,3.0936844235580025,3.0940345115571923,2.8798598283881462,3.3082091947262384,1,0.10927279753522752,1,linear,1.1019999999998618,0.05700000000069849,-0.005001395142691073,0.0742431153935712,100,100,mid
89,toy,A-E,3.0324745498414702,2.970099781257728,2.9700788677263144,2.7741194540452434,3.1660382814073853,1,0.09997929269442386,1,linear,1.1239999999997963,0.06899999999950523,-0.13025201795363578,-0.06237476858374258,100,100,mid
90,toy,A-E,3.031701170864874,3.0704606083010235,3.071535590342854,2.8559290204490244,3.2871421602366837,1,0.11000335198664771,1,linear,1.100999999999658,0.05400000000008731,-0.026981336701936653,0.03875943743615018,100,100,mid
91,toy,A-E,3.085123285521405,3.133149358156052,3.133109108981484,2.935091875666704,3.331126342296264,1,0.10102920067080616,1,linear,1.061000000000604,0.05599999999958527,-0.05257855418561938,0.026119567298059643,99,99,mid
92,toy,A-E,3.028781570411859,2.8519291984118853,2.8515852558433123,2.6353835120884423,3.0677869995981824,1,0.11030701211983172,1,linear,1.050000000000182,0.06599999999980355,-0.25018288001429645,-0.17685237199997328,100,100,mid
93,toy,A-E,3.065612801791776,3.1785834597718923,3.1781196367654894,2.9641982035159358,3.392041070015043,1,0.10914358839262929,1,linear,1.1240000000007058,0.05999999999949068,0.04241550003793979,0.1129706579801164,100,100.00000000000001,mid
94,toy,A-E,2.9619201420369037,2.9891280658432278,2.989128065843227,2.8024269100438866,3.175829221642567,1,0.09525569173435733,1,linear,1.0929999999998472,0.06000000000040018,-0.06086625778419115,0.02720792380632453,100,100,mid
95,toy,A-E,2.9664484356086467,3.1032244626660948,3.103189804221007,2.8836121224691906,3.3227674859728236,1,0.11202942946521256,1,linear,1.194999999999709,0.05900000000019645,0.0657593255856531,0.13677602705744807,100,100,mid
96,toy,A-E,3.0357803130939334,3.2104771676509563,3.210534788518521,3.018067074984661,3.4030025020523813,1,0.0981978130274796,1,linear,1.0559999999995853,0.056000000000494765,0.09535637464331052,0.17469685455702333,100,100,mid
97,toy,A-E,2.9949121451802956,3.0175924104015497,3.0171218861211027,2.7992977074019696,3.2349460648402357,1,0.1111347850607822,1,linear,1.0450000000000728,0.06499999999959982,-0.037968250562260816,0.02268026522125499,100,100.00000000000004,mid
98,toy,A-E,3.0209155601314057,3.111648645134883,3.1116998713882986,2.907067475713432,3.3163322670631654,1,0.10440428350758518,1,linear,1.155999999999949,0.061000000000603904,0.010746131315180533,0.09073308500347821,100,100,mid
99,toy,A-E,2.9924898418847263,3.2594199005880036,3.258849328034596,3.06167393245061,3.456024723618582,0,0.10059969162448264,1,linear,1.1589999999996508,0.056000000000494765,0.19878930276190349,0.26693005870327546,100,100,mid
100,toy,A-E,3.0438071370863975,3.1675308124772874,3.1676027360890124,2.973868393290594,3.361337078887431,1,0.09884405244817278,1,linear,1.2229999999999563,0.06900000000041473,0.04597342068108298,0.1237236753908908,100,100,mid
